time,open,high,low,close,volume,spread
2024-01-01 00:00:00,2000.0,2002.147596152738,2000.0,2001.9403928736115,272.0,25.0
2024-01-01 00:15:00,2001.9403928736115,2005.1758552512395,2001.9403928736115,2004.8347207232252,348.0,25.0
2024-01-01 00:30:00,2004.8347207232252,2005.0823352738742,2004.4634143775747,2004.817726864447,207.0,25.0
2024-01-01 00:45:00,2004.817726864447,2005.3927938248116,2003.6361082592932,2005.3927938248116,338.0,25.0
2024-01-01 01:00:00,2005.3927938248116,2006.5085940009926,2004.6250348665737,2004.6250348665737,407.0,25.0
2024-01-01 01:15:00,2004.6250348665737,2005.560697232741,2003.7816149180514,2004.1332980027391,87.0,25.0
2024-01-01 01:30:00,2004.1332980027391,2007.6259202374304,2004.1332980027391,2007.6259202374304,498.0,25.0
2024-01-01 01:45:00,2007.6259202374304,2007.8654791016606,2006.3663591636125,2006.8913126933599,188.0,25.0
2024-01-01 02:00:00,2006.8913126933599,2006.8913126933599,2005.1343202037685,2006.4321760381672,392.0,25.0
2024-01-01 02:15:00,2006.4321760381672,2007.1534932368825,2005.5129057130716,2006.3144034340767,428.0,25.0
2024-01-01 02:30:00,2006.3144034340767,2008.5935842716037,2006.3144034340767,2007.1378085451977,192.0,25.0
2024-01-01 02:45:00,2007.1378085451977,2008.967306340578,2007.1378085451977,2008.967306340578,387.0,25.0
2024-01-01 03:00:00,2008.967306340578,2009.144760936948,2006.908553097334,2006.908553097334,403.0,25.0
2024-01-01 03:15:00,2006.908553097334,2008.1973769810922,2006.623115116558,2006.623115116558,398.0,25.0
2024-01-01 03:30:00,2006.623115116558,2009.5661889240932,2006.623115116558,2009.5661889240932,224.0,25.0
2024-01-01 03:45:00,2009.5661889240932,2011.2053564352998,2008.063570068978,2008.063570068978,156.0,25.0
2024-01-01 04:00:00,2008.063570068978,2012.33089553857,2008.063570068978,2012.33089553857,297.0,25.0
2024-01-01 04:15:00,2012.33089553857,2014.382890671038,2011.9549441732017,2011.9549441732017,155.0,25.0
2024-01-01 04:30:00,2011.9549441732017,2011.9549441732017,2008.6853603999687,2009.599469123289,183.0,25.0
2024-01-01 04:45:00,2009.599469123289,2011.1639819579837,2009.599469123289,2009.8460724747958,363.0,25.0
2024-01-01 05:00:00,2009.8460724747958,2010.2746862708998,2007.028396391847,2007.028396391847,64.0,25.0
2024-01-01 05:15:00,2007.028396391847,2008.4095748659756,2006.243452376583,2008.4095748659756,420.0,25.0
2024-01-01 05:30:00,2008.4095748659756,2009.8356449330636,2008.1451036342708,2008.3143869095015,480.0,25.0
2024-01-01 05:45:00,2008.3143869095015,2009.0534317800063,2006.030359478648,2007.3697574631449,414.0,25.0
2024-01-01 06:00:00,2007.3697574631449,2007.6638535305074,2004.4140277600854,2004.4140277600854,93.0,25.0
2024-01-01 06:15:00,2004.4140277600854,2008.2178121143397,2004.4140277600854,2007.706900547442,473.0,25.0
2024-01-01 06:30:00,2007.706900547442,2011.8102641405083,2007.706900547442,2011.7419505936537,433.0,25.0
2024-01-01 06:45:00,2011.7419505936537,2011.7419505936537,2009.874084684797,2011.2305892044255,173.0,25.0
2024-01-01 07:00:00,2011.2305892044255,2012.536828491526,2008.9666033551666,2008.9666033551666,314.0,25.0
2024-01-01 07:15:00,2008.9666033551666,2009.9940375051856,2007.972166494106,2009.1692696096438,143.0,25.0
2024-01-01 07:30:00,2009.1692696096438,2011.0404727969228,2008.6148725218693,2010.5395745062613,297.0,25.0
2024-01-01 07:45:00,2010.5395745062613,2013.3254313941547,2010.5395745062613,2012.1425345193527,337.0,25.0
2024-01-01 08:00:00,2012.1425345193527,2013.0302197463097,2010.7650648039134,2011.951648448542,463.0,25.0
2024-01-01 08:15:00,2011.951648448542,2014.3991957116825,2011.951648448542,2013.953493873846,153.0,25.0
2024-01-01 08:30:00,2013.953493873846,2014.5020437479905,2013.690651029643,2013.690651029643,447.0,25.0
2024-01-01 08:45:00,2013.690651029643,2015.4184653238508,2012.0613195738952,2015.2853111515774,98.0,25.0
2024-01-01 09:00:00,2015.2853111515774,2015.7967780261315,2014.2610400807896,2014.405526561624,213.0,25.0
2024-01-01 09:15:00,2014.405526561624,2014.4718608009387,2012.6418337346267,2013.372072735504,201.0,25.0
2024-01-01 09:30:00,2013.372072735504,2015.2156757074115,2012.6066109632065,2015.2156757074115,188.0,25.0
2024-01-01 09:45:00,2015.2156757074115,2015.9964597360595,2010.2970964185165,2010.9484629165377,313.0,25.0
2024-01-01 10:00:00,2010.9484629165377,2013.4627520511085,2010.5646478452989,2013.4627520511085,460.0,25.0
2024-01-01 10:15:00,2013.4627520511085,2016.089037342282,2012.5185509924927,2016.089037342282,263.0,25.0
2024-01-01 10:30:00,2016.089037342282,2017.146372394297,2015.7848314766122,2017.146372394297,209.0,25.0
2024-01-01 10:45:00,2017.146372394297,2017.146372394297,2015.1165927403656,2017.008921157018,178.0,25.0
2024-01-01 11:00:00,2017.008921157018,2019.031788757165,2017.008921157018,2018.3308781509509,386.0,25.0
2024-01-01 11:15:00,2018.3308781509509,2018.7830663868308,2016.5965357343541,2017.3185350963672,476.0,25.0
2024-01-01 11:30:00,2017.3185350963672,2019.391373386101,2016.8244911041238,2017.8489862493318,270.0,25.0
2024-01-01 11:45:00,2017.8489862493318,2021.0994692681857,2017.8489862493318,2020.652105587834,200.0,25.0
2024-01-01 12:00:00,2020.652105587834,2023.0860617511757,2020.652105587834,2022.9858150757843,208.0,25.0
2024-01-01 12:15:00,2022.9858150757843,2024.8781719273538,2022.9858150757843,2024.0155809850048,447.0,25.0
2024-01-01 12:30:00,2024.0155809850048,2025.1654862297328,2024.0155809850048,2025.1654862297328,320.0,25.0
2024-01-01 12:45:00,2025.1654862297328,2027.8228162486728,2025.1654862297328,2025.5408857845046,303.0,25.0
2024-01-01 13:00:00,2025.5408857845046,2027.1472029204492,2024.41414737118,2026.2975879619103,121.0,25.0
2024-01-01 13:15:00,2026.2975879619103,2026.317457807949,2023.140448763167,2023.140448763167,414.0,25.0
2024-01-01 13:30:00,2023.140448763167,2023.7126264998612,2022.559063295509,2023.7126264998612,371.0,25.0
2024-01-01 13:45:00,2023.7126264998612,2026.3762091417582,2022.9032125277886,2026.3762091417582,324.0,25.0
2024-01-01 14:00:00,2026.3762091417582,2026.3762091417582,2024.6905856629007,2024.8049556281167,382.0,25.0
2024-01-01 14:15:00,2024.8049556281167,2024.8049556281167,2021.8240725724656,2021.8240725724656,379.0,25.0
2024-01-01 14:30:00,2021.8240725724656,2021.8240725724656,2018.0118140743898,2018.0118140743898,394.0,25.0
2024-01-01 14:45:00,2018.0118140743898,2019.1034021753135,2016.974804176887,2017.2639295140796,331.0,25.0
2024-01-01 15:00:00,2017.2639295140796,2018.888572726069,2016.3697608806958,2016.3697608806958,157.0,25.0
2024-01-01 15:15:00,2016.3697608806958,2019.1703931715028,2016.3697608806958,2019.1703931715028,358.0,25.0
2024-01-01 15:30:00,2019.1703931715028,2019.1703931715028,2018.2697863790281,2018.5486190581123,301.0,25.0
2024-01-01 15:45:00,2018.5486190581123,2018.9760503126097,2017.3666734081469,2018.9760503126097,216.0,25.0
2024-01-01 16:00:00,2018.9760503126097,2019.858399738643,2018.5923363403583,2018.7792525289958,495.0,25.0
2024-01-01 16:15:00,2018.7792525289958,2021.5223398017058,2018.1701217110885,2021.5223398017058,196.0,25.0
2024-01-01 16:30:00,2021.5223398017058,2023.4941437681532,2021.5035452357718,2021.5035452357718,439.0,25.0
2024-01-01 16:45:00,2021.5035452357718,2023.3658875061665,2020.4027763860045,2022.272221435264,280.0,25.0
2024-01-01 17:00:00,2022.272221435264,2023.7054377474817,2020.4848549718552,2020.4848549718552,180.0,25.0
2024-01-01 17:15:00,2020.4848549718552,2021.2028426977997,2018.7909395240956,2018.7909395240956,135.0,25.0
2024-01-01 17:30:00,2018.7909395240956,2019.748673567181,2017.8321895656502,2018.1370084190044,330.0,25.0
2024-01-01 17:45:00,2018.1370084190044,2021.3622159554754,2018.1370084190044,2021.3622159554754,60.0,25.0
2024-01-01 18:00:00,2021.3622159554754,2021.8656723222048,2020.5162371598685,2020.5162371598685,114.0,25.0
2024-01-01 18:15:00,2020.5162371598685,2020.5162371598685,2018.4179067908626,2018.6019866528452,380.0,25.0
2024-01-01 18:30:00,2018.6019866528452,2020.7366723843327,2018.0591008404128,2020.7366723843327,350.0,25.0
2024-01-01 18:45:00,2020.7366723843327,2024.7707589993172,2020.7366723843327,2023.434665887617,450.0,25.0
2024-01-01 19:00:00,2023.434665887617,2024.3601120946605,2019.9024985571018,2019.9970886354142,332.0,25.0
2024-01-01 19:15:00,2019.9970886354142,2020.4897347675912,2017.260153682845,2017.260153682845,370.0,25.0
2024-01-01 19:30:00,2017.260153682845,2017.260153682845,2014.793838253381,2014.793838253381,357.0,25.0
2024-01-01 19:45:00,2014.793838253381,2014.793838253381,2011.1374165687812,2011.6803242423643,319.0,25.0
2024-01-01 20:00:00,2011.6803242423643,2014.032383006553,2011.6803242423643,2013.6316728469415,181.0,25.0
2024-01-01 20:15:00,2013.6316728469415,2013.6316728469415,2011.1536926627748,2011.1536926627748,252.0,25.0
2024-01-01 20:30:00,2011.1536926627748,2011.1536926627748,2009.3378995689584,2010.1342517004623,163.0,25.0
2024-01-01 20:45:00,2010.1342517004623,2010.425096492682,2008.6524710063056,2008.8249552380362,390.0,25.0
2024-01-01 21:00:00,2008.8249552380362,2008.8249552380362,2006.8089020732054,2006.8089020732054,280.0,25.0
2024-01-01 21:15:00,2006.8089020732054,2008.9772884173642,2006.8089020732054,2008.9772884173642,318.0,25.0
2024-01-01 21:30:00,2008.9772884173642,2010.0861996653757,2008.6325267162283,2010.0861996653757,229.0,25.0
2024-01-01 21:45:00,2010.0861996653757,2010.8908670172443,2008.7842452430866,2008.7842452430866,461.0,25.0
2024-01-01 22:00:00,2008.7842452430866,2010.3025322207768,2007.762750157549,2010.3025322207768,260.0,25.0
2024-01-01 22:15:00,2010.3025322207768,2010.3025322207768,2008.4875010205967,2008.947768516234,149.0,25.0
2024-01-01 22:30:00,2008.947768516234,2010.2827273092416,2008.2010425569001,2009.20938244847,191.0,25.0
2024-01-01 22:45:00,2009.20938244847,2009.20938244847,2006.7265574080916,2008.7564562343025,104.0,25.0
2024-01-01 23:00:00,2008.7564562343025,2008.7564562343025,2007.2238216046746,2008.1343303523277,460.0,25.0
2024-01-01 23:15:00,2008.1343303523277,2010.4938176699375,2007.6908555873085,2009.7452204251663,451.0,25.0
2024-01-01 23:30:00,2009.7452204251663,2010.0407583721824,2008.9206485149293,2008.9206485149293,268.0,25.0
2024-01-01 23:45:00,2008.9206485149293,2010.146006600248,2008.7050996265584,2008.7188942890432,278.0,25.0
2024-01-02 00:00:00,2008.7188942890432,2009.9520162529939,2007.6926252174096,2007.785148074084,200.0,25.0
2024-01-02 00:15:00,2007.785148074084,2007.785148074084,2006.0280745941473,2006.7004866871434,128.0,25.0
2024-01-02 00:30:00,2006.7004866871434,2008.3362844344786,2006.3953784893065,2008.1023870620675,287.0,25.0
2024-01-02 00:45:00,2008.1023870620675,2010.2424523685443,2008.1023870620675,2008.7765783876234,200.0,25.0
2024-01-02 01:00:00,2008.7765783876234,2010.8513323977634,2008.7765783876234,2010.8513323977634,446.0,25.0
2024-01-02 01:15:00,2010.8513323977634,2011.2553208800696,2009.357819391933,2010.3843308271003,122.0,25.0
2024-01-02 01:30:00,2010.3843308271003,2010.3843308271003,2006.7481777196172,2006.7481777196172,367.0,25.0
2024-01-02 01:45:00,2006.7481777196172,2009.4193023947137,2006.7481777196172,2009.4193023947137,331.0,25.0
2024-01-02 02:00:00,2009.4193023947137,2010.2586648495414,2008.6347887554402,2009.933165487926,431.0,25.0
2024-01-02 02:15:00,2009.933165487926,2011.9107880267238,2009.3959185716822,2009.8545213202133,422.0,25.0
2024-01-02 02:30:00,2009.8545213202133,2011.6098544413126,2009.538691512648,2010.6653605503245,116.0,25.0
2024-01-02 02:45:00,2010.6653605503245,2010.6653605503245,2008.21639595368,2008.21639595368,308.0,25.0
2024-01-02 03:00:00,2008.21639595368,2009.2558407839124,2008.0156475148426,2009.2558407839124,204.0,25.0
2024-01-02 03:15:00,2009.2558407839124,2011.2359588725126,2009.2558407839124,2010.6109791889035,414.0,25.0
2024-01-02 03:30:00,2010.6109791889035,2010.6109791889035,2008.519436805681,2009.6178740301318,161.0,25.0
2024-01-02 03:45:00,2009.6178740301318,2011.2907619939474,2009.587678058702,2011.0354880439188,148.0,25.0
2024-01-02 04:00:00,2011.0354880439188,2013.7055397696722,2010.5558014192807,2012.707223269863,206.0,25.0
2024-01-02 04:15:00,2012.707223269863,2013.041237920509,2012.4573969717685,2012.4573969717685,51.0,25.0
2024-01-02 04:30:00,2012.4573969717685,2012.611481820807,2010.534771336642,2010.534771336642,115.0,25.0
2024-01-02 04:45:00,2010.534771336642,2010.6535199920577,2009.4946364858827,2009.9916466944178,425.0,25.0
2024-01-02 05:00:00,2009.9916466944178,2009.9916466944178,2006.2606591948506,2006.5368239538502,364.0,25.0
2024-01-02 05:15:00,2006.5368239538502,2008.7213568945376,2006.2725690583975,2008.2577000839738,134.0,25.0
2024-01-02 05:30:00,2008.2577000839738,2008.2577000839738,2006.7053823497026,2006.7053823497026,283.0,25.0
2024-01-02 05:45:00,2006.7053823497026,2006.7053823497026,2004.9324588886104,2004.9691143312575,68.0,25.0
2024-01-02 06:00:00,2004.9691143312575,2006.148279405031,2004.9691143312575,2006.0069325251466,74.0,25.0
2024-01-02 06:15:00,2006.0069325251466,2006.226945472574,2004.8703294358193,2004.8955887350212,324.0,25.0
2024-01-02 06:30:00,2004.8955887350212,2008.0974747579185,2004.8955887350212,2007.1186513629948,140.0,25.0
2024-01-02 06:45:00,2007.1186513629948,2008.4926541754644,2006.8186600251483,2008.1287260734337,389.0,25.0
2024-01-02 07:00:00,2008.1287260734337,2008.1287260734337,2006.0715271546642,2006.0715271546642,300.0,25.0
2024-01-02 07:15:00,2006.0715271546642,2007.7348670018764,2005.8228078485017,2007.7348670018764,164.0,25.0
2024-01-02 07:30:00,2007.7348670018764,2008.8840038358605,2007.1174783421368,2008.8840038358605,280.0,25.0
2024-01-02 07:45:00,2008.8840038358605,2008.8840038358605,2005.9083607348448,2006.0314666513489,380.0,25.0
2024-01-02 08:00:00,2006.0314666513489,2006.0314666513489,2002.6773977512266,2002.6895501466092,81.0,25.0
2024-01-02 08:15:00,2002.6895501466092,2005.5442659924684,2002.1764214745253,2005.5442659924684,150.0,25.0
2024-01-02 08:30:00,2005.5442659924684,2006.5983398043745,2004.8692670165567,2004.8692670165567,74.0,25.0
2024-01-02 08:45:00,2004.8692670165567,2004.8692670165567,2001.0181563908527,2001.7465290777145,91.0,25.0
2024-01-02 09:00:00,2001.7465290777145,2003.7722974482137,2001.7465290777145,2003.7693786827301,482.0,25.0
2024-01-02 09:15:00,2003.7693786827301,2005.5815971066534,2003.5760933384315,2004.432771750956,201.0,25.0
2024-01-02 09:30:00,2004.432771750956,2004.905371689502,2004.2649421437554,2004.8244381206177,432.0,25.0
2024-01-02 09:45:00,2004.8244381206177,2006.0154442519274,2004.3149743045444,2004.3149743045444,390.0,25.0
2024-01-02 10:00:00,2004.3149743045444,2006.8892574671881,2003.9442022320281,2006.8892574671881,454.0,25.0
2024-01-02 10:15:00,2006.8892574671881,2007.0357137234132,2006.3518234408737,2007.0357137234132,132.0,25.0
2024-01-02 10:30:00,2007.0357137234132,2008.9309845526598,2006.9031115271941,2006.9031115271941,352.0,25.0
2024-01-02 10:45:00,2006.9031115271941,2009.8076572059533,2006.9031115271941,2008.2460795854815,414.0,25.0
2024-01-02 11:00:00,2008.2460795854815,2010.0027809531623,2007.4028345483223,2007.4028345483223,373.0,25.0
2024-01-02 11:15:00,2007.4028345483223,2007.4028345483223,2005.7533676692954,2006.5889682000827,183.0,25.0
2024-01-02 11:30:00,2006.5889682000827,2007.3928798731238,2005.290836808196,2005.6279063897712,366.0,25.0
2024-01-02 11:45:00,2005.6279063897712,2005.6834536937868,2004.7240726999007,2004.779305566715,339.0,25.0
2024-01-02 12:00:00,2004.779305566715,2005.008426344476,2004.2317357167065,2005.008426344476,52.0,25.0
2024-01-02 12:15:00,2005.008426344476,2007.9852399070878,2002.8040995541535,2002.8040995541535,313.0,25.0
2024-01-02 12:30:00,2002.8040995541535,2004.1724734254412,2002.558389061755,2003.5224161663728,453.0,25.0
2024-01-02 12:45:00,2003.5224161663728,2004.8523286876568,2002.784711488827,2004.0268620971601,431.0,25.0
2024-01-02 13:00:00,2004.0268620971601,2005.5522576927988,2003.6710468545812,2003.6710468545812,169.0,25.0
2024-01-02 13:15:00,2003.6710468545812,2005.3833195538436,2003.6710468545812,2005.1982115188457,317.0,25.0
2024-01-02 13:30:00,2005.1982115188457,2005.1982115188457,2002.1730513117293,2002.338856029687,286.0,25.0
2024-01-02 13:45:00,2002.338856029687,2002.8692449505988,2000.8523331087595,2001.7942307408339,420.0,25.0
2024-01-02 14:00:00,2001.7942307408339,2003.5355640391308,2001.7229405318951,2003.5355640391308,102.0,25.0
2024-01-02 14:15:00,2003.5355640391308,2003.8608675748194,2002.7989762400548,2003.8608675748194,190.0,25.0
2024-01-02 14:30:00,2003.8608675748194,2005.7821854159342,2003.5769160108016,2005.7821854159342,306.0,25.0
2024-01-02 14:45:00,2005.7821854159342,2007.8594063686785,2005.731352131531,2007.8594063686785,486.0,25.0
2024-01-02 15:00:00,2007.8594063686785,2007.8594063686785,2004.9555694805485,2005.15355192182,486.0,25.0
2024-01-02 15:15:00,2005.15355192182,2005.7277450051365,2003.1584422791639,2003.1584422791639,174.0,25.0
2024-01-02 15:30:00,2003.1584422791639,2003.1584422791639,2000.9837180255308,2000.9837180255308,496.0,25.0
2024-01-02 15:45:00,2000.9837180255308,2000.9837180255308,1998.2328803114767,1999.0472463848125,328.0,25.0
2024-01-02 16:00:00,1999.0472463848125,1999.0472463848125,1997.0970915603393,1998.079271830141,58.0,25.0
2024-01-02 16:15:00,1998.079271830141,1998.5773305208768,1995.962586259707,1998.5773305208768,250.0,25.0
2024-01-02 16:30:00,1998.5773305208768,1998.5773305208768,1996.3018291452422,1997.4410956864542,265.0,25.0
2024-01-02 16:45:00,1997.4410956864542,1997.4410956864542,1995.2484105444535,1996.477613241331,162.0,25.0
2024-01-02 17:00:00,1996.477613241331,2001.6172797569222,1996.2359379166246,2001.6172797569222,419.0,25.0
2024-01-02 17:15:00,2001.6172797569222,2002.4164982367854,1999.43923841601,1999.43923841601,200.0,25.0
2024-01-02 17:30:00,1999.43923841601,1999.43923841601,1996.6303366014984,1997.5124239149309,397.0,25.0
2024-01-02 17:45:00,1997.5124239149309,2000.1528898470183,1997.5124239149309,2000.1528898470183,269.0,25.0
2024-01-02 18:00:00,2000.1528898470183,2002.2520891886484,2000.1528898470183,2001.464956827615,121.0,25.0
2024-01-02 18:15:00,2001.464956827615,2001.9312925725746,2000.7852655075949,2001.9312925725746,361.0,25.0
2024-01-02 18:30:00,2001.9312925725746,2004.54228771327,2001.766686348737,2004.54228771327,402.0,25.0
2024-01-02 18:45:00,2004.54228771327,2004.7977030640461,2003.5148053328194,2003.5879204863086,404.0,25.0
2024-01-02 19:00:00,2003.5879204863086,2005.5302663121859,2003.5879204863086,2005.5302663121859,335.0,25.0
2024-01-02 19:15:00,2005.5302663121859,2005.5302663121859,2002.1971040145993,2002.1971040145993,53.0,25.0
2024-01-02 19:30:00,2002.1971040145993,2003.3334215732414,2001.8194625271922,2003.2270712434822,142.0,25.0
2024-01-02 19:45:00,2003.2270712434822,2003.2270712434822,2001.2011200739748,2001.5615825404127,98.0,25.0
2024-01-02 20:00:00,2001.5615825404127,2003.334008968142,2001.5615825404127,2002.7677019349906,292.0,25.0
2024-01-02 20:15:00,2002.7677019349906,2002.7677019349906,2000.1553061499337,2001.2126578844309,198.0,25.0
2024-01-02 20:30:00,2001.2126578844309,2001.2126578844309,1996.5260337302307,1996.5260337302307,219.0,25.0
2024-01-02 20:45:00,1996.5260337302307,1997.1343994719566,1996.0017819718735,1997.115860598453,333.0,25.0
2024-01-02 21:00:00,1997.115860598453,1999.6172860041868,1997.00874410388,1998.6392568499398,453.0,25.0
2024-01-02 21:15:00,1998.6392568499398,1999.4140516909956,1997.1180649928751,1997.1180649928751,92.0,25.0
2024-01-02 21:30:00,1997.1180649928751,1997.1180649928751,1995.9590677434087,1996.548892495932,385.0,25.0
2024-01-02 21:45:00,1996.548892495932,1997.6148490228577,1996.06352539591,1997.2135271389777,67.0,25.0
2024-01-02 22:00:00,1997.2135271389777,1998.645851954749,1997.2135271389777,1998.645851954749,344.0,25.0
2024-01-02 22:15:00,1998.645851954749,1998.645851954749,1997.0448744082344,1998.2362147014182,129.0,25.0
2024-01-02 22:30:00,1998.2362147014182,1999.1103704667114,1997.6228080043027,1999.1103704667114,112.0,25.0
2024-01-02 22:45:00,1999.1103704667114,2001.3516863312552,1999.0205616920716,2001.3516863312552,280.0,25.0
2024-01-02 23:00:00,2001.3516863312552,2001.821645423867,2000.1992236504468,2001.2674880511665,413.0,25.0
2024-01-02 23:15:00,2001.2674880511665,2001.2674880511665,1998.7621964859422,1999.2252592266968,383.0,25.0
2024-01-02 23:30:00,1999.2252592266968,2000.9074001704162,1998.1681447192414,1999.8630118649342,344.0,25.0
2024-01-02 23:45:00,1999.8630118649342,2000.2928070490166,1999.3292874959639,2000.1387741810086,460.0,25.0
2024-01-03 00:00:00,2000.1387741810086,2003.3934191797437,2000.1387741810086,2003.3934191797437,410.0,25.0
2024-01-03 00:15:00,2003.3934191797437,2003.3934191797437,2000.6046525526972,2003.038543929105,349.0,25.0
2024-01-03 00:30:00,2003.038543929105,2003.038543929105,2000.837965606138,2001.1356899557127,184.0,25.0
2024-01-03 00:45:00,2001.1356899557127,2004.0043802592218,2001.1356899557127,2002.8255642372185,494.0,25.0
2024-01-03 01:00:00,2002.8255642372185,2005.1832927447856,2002.0413210342147,2002.0413210342147,298.0,25.0
2024-01-03 01:15:00,2002.0413210342147,2004.6266329649402,2002.0413210342147,2002.3602084685567,288.0,25.0
2024-01-03 01:30:00,2002.3602084685567,2002.78477053365,2001.136237676061,2001.136237676061,253.0,25.0
2024-01-03 01:45:00,2001.136237676061,2002.697499080162,1999.468217839037,1999.468217839037,148.0,25.0
2024-01-03 02:00:00,1999.468217839037,1999.468217839037,1996.2255217833795,1996.2724471386246,302.0,25.0
2024-01-03 02:15:00,1996.2724471386246,1998.1910624752793,1996.2724471386246,1996.5205834450894,315.0,25.0
2024-01-03 02:30:00,1996.5205834450894,1997.6653873869434,1995.9562490227609,1996.610098547855,99.0,25.0
2024-01-03 02:45:00,1996.610098547855,1996.795613050417,1995.0904327882859,1996.370287843043,142.0,25.0
2024-01-03 03:00:00,1996.370287843043,1996.478670526008,1994.735863201952,1996.3029555007645,377.0,25.0
2024-01-03 03:15:00,1996.3029555007645,2000.6302073722884,1996.3029555007645,1997.454993856928,392.0,25.0
2024-01-03 03:30:00,1997.454993856928,2000.4240404673253,1997.454993856928,2000.4240404673253,80.0,25.0
2024-01-03 03:45:00,2000.4240404673253,2002.9181626798859,2000.4240404673253,2001.286259223124,297.0,25.0
2024-01-03 04:00:00,2001.286259223124,2004.0121412781402,2001.286259223124,2004.0121412781402,215.0,25.0
2024-01-03 04:15:00,2004.0121412781402,2004.546479048481,2002.7290826543813,2002.7290826543813,56.0,25.0
2024-01-03 04:30:00,2002.7290826543813,2005.8804248457648,2001.902779306787,2004.8520664732757,448.0,25.0
2024-01-03 04:45:00,2004.8520664732757,2008.3700900706679,2004.8520664732757,2006.792365334891,471.0,25.0
2024-01-03 05:00:00,2006.792365334891,2009.8450126190671,2006.6454283966575,2009.8450126190671,126.0,25.0
2024-01-03 05:15:00,2009.8450126190671,2011.2589530780003,2009.4262453899821,2011.2589530780003,301.0,25.0
2024-01-03 05:30:00,2011.2589530780003,2012.8951544633967,2010.841563812054,2011.7839657601833,477.0,25.0
2024-01-03 05:45:00,2011.7839657601833,2014.382662799069,2010.6626369248643,2014.3604322041977,99.0,25.0
2024-01-03 06:00:00,2014.3604322041977,2015.7071317712368,2013.7649046363133,2014.4839981270557,311.0,25.0
2024-01-03 06:15:00,2014.4839981270557,2015.9753783077663,2013.8189538867769,2014.4991045512525,161.0,25.0
2024-01-03 06:30:00,2014.4991045512525,2017.3981179397101,2014.4991045512525,2017.3981179397101,424.0,25.0
2024-01-03 06:45:00,2017.3981179397101,2017.8540448188783,2015.5051508290196,2015.5051508290196,153.0,25.0
2024-01-03 07:00:00,2015.5051508290196,2015.5612554180675,2013.1315477883713,2013.1315477883713,302.0,25.0
2024-01-03 07:15:00,2013.1315477883713,2015.2949388049835,2012.055298883406,2015.2949388049835,237.0,25.0
2024-01-03 07:30:00,2015.2949388049835,2016.0230599075971,2014.2874150971882,2015.847015847653,175.0,25.0
2024-01-03 07:45:00,2015.847015847653,2016.2895238474985,2014.6233255659804,2014.6233255659804,496.0,25.0
2024-01-03 08:00:00,2014.6233255659804,2016.9788936879118,2013.8355311375508,2016.9788936879118,135.0,25.0
2024-01-03 08:15:00,2016.9788936879118,2018.6680777375127,2016.9751048853918,2018.0728567101905,59.0,25.0
2024-01-03 08:30:00,2018.0728567101905,2018.6422362457092,2017.4338101210672,2018.6422362457092,288.0,25.0
2024-01-03 08:45:00,2018.6422362457092,2020.57039088812,2018.0188609894728,2020.57039088812,490.0,25.0
2024-01-03 09:00:00,2020.57039088812,2020.6726600846441,2018.3789568396417,2020.3217568817793,358.0,25.0
2024-01-03 09:15:00,2020.3217568817793,2020.3217568817793,2018.8592743078545,2020.1484578289828,273.0,25.0
2024-01-03 09:30:00,2020.1484578289828,2020.1484578289828,2018.617236997061,2019.3834701150718,230.0,25.0
2024-01-03 09:45:00,2019.3834701150718,2020.1687630464642,2018.2254080448818,2020.1687630464642,308.0,25.0
2024-01-03 10:00:00,2020.1687630464642,2022.5312163367848,2018.7166668089114,2022.5312163367848,70.0,25.0
2024-01-03 10:15:00,2022.5312163367848,2022.5312163367848,2018.5582067052858,2018.5582067052858,368.0,25.0
2024-01-03 10:30:00,2018.5582067052858,2020.0161038903775,2018.5582067052858,2020.0161038903775,313.0,25.0
2024-01-03 10:45:00,2020.0161038903775,2022.2678128877803,2020.0161038903775,2020.1226631930733,258.0,25.0
2024-01-03 11:00:00,2020.1226631930733,2021.4242189725428,2019.5289505829248,2020.0235882002314,330.0,25.0
2024-01-03 11:15:00,2020.0235882002314,2020.0235882002314,2017.7111410180964,2018.2863223962424,163.0,25.0
2024-01-03 11:30:00,2018.2863223962424,2020.1370979819324,2016.1391361334,2019.803104391924,188.0,25.0
2024-01-03 11:45:00,2019.803104391924,2022.237879403728,2019.803104391924,2022.237879403728,275.0,25.0
2024-01-03 12:00:00,2022.237879403728,2022.3337414343425,2018.5388491984331,2018.5388491984331,263.0,25.0
2024-01-03 12:15:00,2018.5388491984331,2018.7987905688453,2015.9160729853024,2015.9160729853024,428.0,25.0
2024-01-03 12:30:00,2015.9160729853024,2015.9160729853024,2013.2113009106815,2013.2113009106815,260.0,25.0
2024-01-03 12:45:00,2013.2113009106815,2013.2113009106815,2011.188855557547,2011.9933945649593,496.0,25.0
2024-01-03 13:00:00,2011.9933945649593,2013.1812543196834,2011.0939634110819,2011.0939634110819,381.0,25.0
2024-01-03 13:15:00,2011.0939634110819,2011.5059247696122,2008.7766352287488,2009.8067289319933,124.0,25.0
2024-01-03 13:30:00,2009.8067289319933,2011.100876104366,2009.8067289319933,2010.8981581761132,268.0,25.0
2024-01-03 13:45:00,2010.8981581761132,2013.6858465378161,2010.8981581761132,2013.6858465378161,209.0,25.0
2024-01-03 14:00:00,2013.6858465378161,2013.6858465378161,2011.2712971249628,2011.2712971249628,55.0,25.0
2024-01-03 14:15:00,2011.2712971249628,2011.2712971249628,2009.1898106787478,2009.1898106787478,500.0,25.0
2024-01-03 14:30:00,2009.1898106787478,2009.83876304138,2005.9798784607228,2005.9798784607228,235.0,25.0
2024-01-03 14:45:00,2005.9798784607228,2008.0020441456945,2005.9798784607228,2007.1682307734854,470.0,25.0
2024-01-03 15:00:00,2007.1682307734854,2007.1682307734854,2005.0720925690086,2005.8338933163104,80.0,25.0
2024-01-03 15:15:00,2005.8338933163104,2007.0818060673741,2004.5991566397574,2007.0818060673741,453.0,25.0
2024-01-03 15:30:00,2007.0818060673741,2007.0818060673741,2005.9832089625181,2007.0789144087216,443.0,25.0
2024-01-03 15:45:00,2007.0789144087216,2008.2204701008905,2003.4371580475913,2003.4371580475913,112.0,25.0
2024-01-03 16:00:00,2003.4371580475913,2004.6643294187372,2003.3184537922884,2003.4469701539028,459.0,25.0
2024-01-03 16:15:00,2003.4469701539028,2005.6470356178627,2003.4469701539028,2005.6470356178627,186.0,25.0
2024-01-03 16:30:00,2005.6470356178627,2005.6470356178627,2004.0556169026756,2004.6992945542167,441.0,25.0
2024-01-03 16:45:00,2004.6992945542167,2005.8560648398056,2003.55314488427,2005.1222198061307,211.0,25.0
2024-01-03 17:00:00,2005.1222198061307,2005.9732382187506,2003.8667388990948,2005.5912177174948,395.0,25.0
2024-01-03 17:15:00,2005.5912177174948,2007.1596771687418,2005.5912177174948,2006.0064581330328,138.0,25.0
2024-01-03 17:30:00,2006.0064581330328,2006.7299017642313,2005.642925309413,2006.7299017642313,383.0,25.0
2024-01-03 17:45:00,2006.7299017642313,2009.8142264274418,2006.7299017642313,2009.8142264274418,171.0,25.0
2024-01-03 18:00:00,2009.8142264274418,2010.3746216117454,2009.0364735655662,2009.0364735655662,334.0,25.0
2024-01-03 18:15:00,2009.0364735655662,2009.7740670163244,2008.5496140100342,2008.6785804546375,347.0,25.0
2024-01-03 18:30:00,2008.6785804546375,2011.0993341979588,2008.3974255629578,2010.9859843047398,350.0,25.0
2024-01-03 18:45:00,2010.9859843047398,2010.9859843047398,2008.2181064330857,2008.2181064330857,96.0,25.0
2024-01-03 19:00:00,2008.2181064330857,2009.6582316135052,2008.2181064330857,2008.3087363250786,140.0,25.0
2024-01-03 19:15:00,2008.3087363250786,2010.3062265260805,2008.3087363250786,2009.5035102364498,438.0,25.0
2024-01-03 19:30:00,2009.5035102364498,2010.2977572496245,2007.9567244311852,2007.9567244311852,446.0,25.0
2024-01-03 19:45:00,2007.9567244311852,2007.9567244311852,2004.7694101727718,2005.9208126814615,403.0,25.0
2024-01-03 20:00:00,2005.9208126814615,2006.5802221147064,2005.1815293746688,2005.1815293746688,108.0,25.0
2024-01-03 20:15:00,2005.1815293746688,2005.1815293746688,2001.9555884965887,2001.9555884965887,437.0,25.0
2024-01-03 20:30:00,2001.9555884965887,2004.8429492837736,2001.6776215945333,2003.6669403413518,180.0,25.0
2024-01-03 20:45:00,2003.6669403413518,2003.6669403413518,2001.2349199547966,2001.2349199547966,71.0,25.0
2024-01-03 21:00:00,2001.2349199547966,2002.7232967196055,2000.5343750605666,2002.7232967196055,94.0,25.0
2024-01-03 21:15:00,2002.7232967196055,2002.7232967196055,1997.6470125510969,1997.6470125510969,267.0,25.0
2024-01-03 21:30:00,1997.6470125510969,1998.519000822939,1994.6042100276168,1994.6042100276168,394.0,25.0
2024-01-03 21:45:00,1994.6042100276168,1995.013522499764,1992.607439025544,1992.607439025544,183.0,25.0
2024-01-03 22:00:00,1992.607439025544,1995.0843493359441,1992.607439025544,1994.7535785287341,375.0,25.0
2024-01-03 22:15:00,1994.7535785287341,1996.8042833253835,1994.7535785287341,1996.8042833253835,277.0,25.0
2024-01-03 22:30:00,1996.8042833253835,1997.6262213252264,1995.8354719741478,1996.5220438647864,267.0,25.0
2024-01-03 22:45:00,1996.5220438647864,1998.1902735243505,1995.5106840427136,1995.5106840427136,108.0,25.0
2024-01-03 23:00:00,1995.5106840427136,1998.0689281585214,1995.5106840427136,1997.278007177598,132.0,25.0
2024-01-03 23:15:00,1997.278007177598,1999.953599238552,1996.4734509134544,1999.953599238552,434.0,25.0
2024-01-03 23:30:00,1999.953599238552,1999.953599238552,1993.9957812370812,1993.9957812370812,214.0,25.0
2024-01-03 23:45:00,1993.9957812370812,1995.0088454411605,1990.9324298225988,1990.9324298225988,175.0,25.0
2024-01-04 00:00:00,1990.9324298225988,1990.9324298225988,1989.1957673926615,1989.1957673926615,399.0,25.0
2024-01-04 00:15:00,1989.1957673926615,1989.4983247426808,1987.4363395414769,1989.2653696751254,213.0,25.0
2024-01-04 00:30:00,1989.2653696751254,1991.3517260203153,1989.2653696751254,1991.3517260203153,411.0,25.0
2024-01-04 00:45:00,1991.3517260203153,1992.5547013287653,1990.9251844893179,1992.5259254135026,370.0,25.0
2024-01-04 01:00:00,1992.5259254135026,1992.5259254135026,1990.2775665981844,1990.8064937718107,420.0,25.0
2024-01-04 01:15:00,1990.8064937718107,1992.440102241555,1990.8064937718107,1992.0774214263631,78.0,25.0
2024-01-04 01:30:00,1992.0774214263631,1992.5359785205035,1991.0934507165175,1991.4149149488226,276.0,25.0
2024-01-04 01:45:00,1991.4149149488226,1991.4149149488226,1988.3723077106308,1988.3723077106308,323.0,25.0
2024-01-04 02:00:00,1988.3723077106308,1988.3723077106308,1986.6795840032878,1986.8587240040026,202.0,25.0
2024-01-04 02:15:00,1986.8587240040026,1986.8587240040026,1985.800294941833,1985.800294941833,374.0,25.0
2024-01-04 02:30:00,1985.800294941833,1986.9339170620362,1984.9052363141757,1984.9052363141757,321.0,25.0
2024-01-04 02:45:00,1984.9052363141757,1988.561586565254,1984.3300334957169,1988.561586565254,163.0,25.0
2024-01-04 03:00:00,1988.561586565254,1988.9261975282363,1987.161868703779,1987.3878247112152,107.0,25.0
2024-01-04 03:15:00,1987.3878247112152,1988.4778022900773,1987.1620962601992,1987.1620962601992,307.0,25.0
2024-01-04 03:30:00,1987.1620962601992,1989.420093414937,1985.776289897154,1989.3714835709918,137.0,25.0
2024-01-04 03:45:00,1989.3714835709918,1991.853082295315,1989.3714835709918,1990.5804927256033,74.0,25.0
2024-01-04 04:00:00,1990.5804927256033,1991.588036578093,1990.447102059727,1991.3859596376622,496.0,25.0
2024-01-04 04:15:00,1991.3859596376622,1994.3350685584799,1991.3859596376622,1993.0314089122687,426.0,25.0
2024-01-04 04:30:00,1993.0314089122687,1994.6628903301453,1991.6499026717468,1994.6628903301453,101.0,25.0
2024-01-04 04:45:00,1994.6628903301453,1998.195136180806,1994.1237316695765,1998.195136180806,405.0,25.0
2024-01-04 05:00:00,1998.195136180806,2000.058296505559,1997.2447453352797,2000.058296505559,198.0,25.0
2024-01-04 05:15:00,2000.058296505559,2000.058296505559,1996.8531153654903,1998.3204245072411,187.0,25.0
2024-01-04 05:30:00,1998.3204245072411,2001.0535575445892,1998.3204245072411,2000.441770261698,468.0,25.0
2024-01-04 05:45:00,2000.441770261698,2000.441770261698,1997.9866229071492,1998.6599043696121,362.0,25.0
2024-01-04 06:00:00,1998.6599043696121,1999.7807299788647,1998.6599043696121,1999.5113100558087,219.0,25.0
2024-01-04 06:15:00,1999.5113100558087,2000.738116442814,1998.8551129045031,2000.738116442814,285.0,25.0
2024-01-04 06:30:00,2000.738116442814,2000.738116442814,1999.035613684663,2000.154194232923,343.0,25.0
2024-01-04 06:45:00,2000.154194232923,2003.8488655681952,2000.154194232923,2001.9696661032992,446.0,25.0
2024-01-04 07:00:00,2001.9696661032992,2002.616196654367,2000.6409458415221,2002.616196654367,440.0,25.0
2024-01-04 07:15:00,2002.616196654367,2004.672739985581,2001.480022874029,2003.7133346246374,410.0,25.0
2024-01-04 07:30:00,2003.7133346246374,2006.0844437966941,2003.7133346246374,2005.7353671511166,53.0,25.0
2024-01-04 07:45:00,2005.7353671511166,2005.7353671511166,2003.2385376029063,2004.7610630217753,123.0,25.0
2024-01-04 08:00:00,2004.7610630217753,2006.0942293457451,2002.3754512589226,2003.7449917484714,141.0,25.0
2024-01-04 08:15:00,2003.7449917484714,2005.2255868192976,2002.7179887294676,2002.7179887294676,479.0,25.0
2024-01-04 08:30:00,2002.7179887294676,2003.415525886165,2002.3006287933404,2003.2451624539945,254.0,25.0
2024-01-04 08:45:00,2003.2451624539945,2003.789441054149,2002.959253611263,2003.266099695132,116.0,25.0
2024-01-04 09:00:00,2003.266099695132,2004.829320930248,2003.0888870213544,2003.0888870213544,377.0,25.0
2024-01-04 09:15:00,2003.0888870213544,2004.0978043324417,2002.777865688045,2002.8787249683794,459.0,25.0
2024-01-04 09:30:00,2002.8787249683794,2005.0194569585612,2002.8787249683794,2004.4846254781687,287.0,25.0
2024-01-04 09:45:00,2004.4846254781687,2005.3607694720142,2003.1215852655118,2003.820392385799,477.0,25.0
2024-01-04 10:00:00,2003.820392385799,2008.3216709144065,2003.820392385799,2007.3761974081378,351.0,25.0
2024-01-04 10:15:00,2007.3761974081378,2010.8479661470228,2007.3761974081378,2007.6978695444727,294.0,25.0
2024-01-04 10:30:00,2007.6978695444727,2007.6978695444727,2002.280365435893,2002.280365435893,117.0,25.0
2024-01-04 10:45:00,2002.280365435893,2002.629860364744,2000.4237488377623,2002.1182272741705,255.0,25.0
2024-01-04 11:00:00,2002.1182272741705,2002.6642320590972,2001.538839269775,2002.398903713585,237.0,25.0
2024-01-04 11:15:00,2002.398903713585,2003.9105237805431,2001.595451570209,2001.595451570209,413.0,25.0
2024-01-04 11:30:00,2001.595451570209,2001.595451570209,1998.8250347980338,1998.8250347980338,105.0,25.0
2024-01-04 11:45:00,1998.8250347980338,2001.824870874941,1998.8250347980338,2001.2555816344984,242.0,25.0
2024-01-04 12:00:00,2001.2555816344984,2001.2555816344984,1999.225394205832,1999.3330730472146,154.0,25.0
2024-01-04 12:15:00,1999.3330730472146,2000.6345018995921,1998.683113664605,2000.448047124203,294.0,25.0
2024-01-04 12:30:00,2000.448047124203,2000.448047124203,1996.9294756041813,1996.9294756041813,132.0,25.0
2024-01-04 12:45:00,1996.9294756041813,1996.9294756041813,1992.7785490648282,1992.7785490648282,426.0,25.0
2024-01-04 13:00:00,1992.7785490648282,1994.4995538195421,1991.0711126275894,1994.4995538195421,54.0,25.0
2024-01-04 13:15:00,1994.4995538195421,1995.3969830514652,1994.1794002572497,1994.7647517051128,262.0,25.0
2024-01-04 13:30:00,1994.7647517051128,1995.8308910621251,1994.116525803007,1995.313526531716,69.0,25.0
2024-01-04 13:45:00,1995.313526531716,1995.313526531716,1992.1488762320248,1994.3226742071183,83.0,25.0
2024-01-04 14:00:00,1994.3226742071183,1998.8434298120776,1994.3226742071183,1998.8434298120776,306.0,25.0
2024-01-04 14:15:00,1998.8434298120776,1998.8434298120776,1996.8277274286963,1998.4881435094112,164.0,25.0
2024-01-04 14:30:00,1998.4881435094112,2000.685219229163,1998.4881435094112,1999.7174310193307,235.0,25.0
2024-01-04 14:45:00,1999.7174310193307,1999.8280434794908,1998.9047076664046,1999.6972788556764,497.0,25.0
2024-01-04 15:00:00,1999.6972788556764,2002.8405154238462,1999.557827609552,2002.8405154238462,375.0,25.0
2024-01-04 15:15:00,2002.8405154238462,2002.8405154238462,2000.0516819795557,2001.2173672609617,151.0,25.0
2024-01-04 15:30:00,2001.2173672609617,2003.5049329548792,2001.2173672609617,2002.821531775706,392.0,25.0
2024-01-04 15:45:00,2002.821531775706,2002.8583401108237,1999.8842214997321,1999.8842214997321,244.0,25.0
2024-01-04 16:00:00,1999.8842214997321,1999.8842214997321,1997.6778455751123,1997.6778455751123,214.0,25.0
2024-01-04 16:15:00,1997.6778455751123,1998.9207554489453,1996.872306759939,1998.9207554489453,489.0,25.0
2024-01-04 16:30:00,1998.9207554489453,2000.268671834613,1998.7814667266564,1998.7814667266564,466.0,25.0
2024-01-04 16:45:00,1998.7814667266564,1998.9674476889709,1997.4209973419938,1998.4360598682997,383.0,25.0
2024-01-04 17:00:00,1998.4360598682997,1999.4509567112248,1998.0622714744873,1998.7652969554688,232.0,25.0
2024-01-04 17:15:00,1998.7652969554688,1998.7652969554688,1996.7267400360531,1997.6438830441703,107.0,25.0
2024-01-04 17:30:00,1997.6438830441703,1997.885945878941,1995.6173483489977,1995.6173483489977,239.0,25.0
2024-01-04 17:45:00,1995.6173483489977,1996.2448521346116,1995.0825888022703,1996.2448521346116,206.0,25.0
2024-01-04 18:00:00,1996.2448521346116,2000.862034115698,1996.2448521346116,2000.862034115698,266.0,25.0
2024-01-04 18:15:00,2000.862034115698,2003.2664495741903,2000.4636117072032,2002.571745086933,435.0,25.0
2024-01-04 18:30:00,2002.571745086933,2003.5923928379314,2001.9300516157596,2003.2285046569596,486.0,25.0
2024-01-04 18:45:00,2003.2285046569596,2003.4310070604813,2002.299359764075,2002.5496175962996,319.0,25.0
2024-01-04 19:00:00,2002.5496175962996,2002.5496175962996,1998.6878837381273,1998.6878837381273,292.0,25.0
2024-01-04 19:15:00,1998.6878837381273,2002.5880228598444,1998.6878837381273,2002.5880228598444,152.0,25.0
2024-01-04 19:30:00,2002.5880228598444,2002.9226242833695,2000.6214202721546,2000.6857996442507,468.0,25.0
2024-01-04 19:45:00,2000.6857996442507,2000.6857996442507,1999.0653037936909,1999.9415330723905,221.0,25.0
2024-01-04 20:00:00,1999.9415330723905,2001.8265521749736,1999.403912267869,2001.8265521749736,221.0,25.0
2024-01-04 20:15:00,2001.8265521749736,2002.3497894015218,2001.0861191377824,2002.1942977847416,389.0,25.0
2024-01-04 20:30:00,2002.1942977847416,2003.3176771866683,2001.1548232451905,2003.3176771866683,181.0,25.0
2024-01-04 20:45:00,2003.3176771866683,2004.1470329552103,1999.4873759192596,1999.4873759192596,122.0,25.0
2024-01-04 21:00:00,1999.4873759192596,2000.2951755761217,1998.9541778001287,1999.4508374104987,339.0,25.0
2024-01-04 21:15:00,1999.4508374104987,2002.6773596508265,1999.4508374104987,2002.6773596508265,362.0,25.0
2024-01-04 21:30:00,2002.6773596508265,2003.32086763717,2001.1888177136486,2003.32086763717,86.0,25.0
2024-01-04 21:45:00,2003.32086763717,2003.32086763717,2001.4948133153212,2002.3499574767613,418.0,25.0
2024-01-04 22:00:00,2002.3499574767613,2003.3211106315766,2002.3499574767613,2003.3211106315766,451.0,25.0
2024-01-04 22:15:00,2003.3211106315766,2004.7444632093752,2002.7661760411283,2003.0809278799438,494.0,25.0
2024-01-04 22:30:00,2003.0809278799438,2003.8016834740965,2002.6300149431222,2003.3697204547514,128.0,25.0
2024-01-04 22:45:00,2003.3697204547514,2006.646826712013,2003.3186052506696,2005.8497531834823,66.0,25.0
2024-01-04 23:00:00,2005.8497531834823,2006.3955667702953,2004.7008041934498,2005.5583043395725,255.0,25.0
2024-01-04 23:15:00,2005.5583043395725,2007.6765030450588,2005.3978407717132,2007.0090777011565,198.0,25.0
2024-01-04 23:30:00,2007.0090777011565,2008.5139329016624,2007.0090777011565,2007.8545612950138,437.0,25.0
2024-01-04 23:45:00,2007.8545612950138,2010.9770713300184,2007.8545612950138,2010.9770713300184,66.0,25.0
2024-01-05 00:00:00,2010.9770713300184,2011.888415781812,2010.9770713300184,2011.3588800789034,218.0,25.0
2024-01-05 00:15:00,2011.3588800789034,2013.4738049730474,2011.3588800789034,2013.0006109686533,332.0,25.0
2024-01-05 00:30:00,2013.0006109686533,2013.9372160498942,2012.5654949693123,2012.5654949693123,478.0,25.0
2024-01-05 00:45:00,2012.5654949693123,2013.8874761287661,2011.7453485855567,2013.6334152217655,481.0,25.0
2024-01-05 01:00:00,2013.6334152217655,2013.89695512993,2013.0231035989214,2013.7685016804608,216.0,25.0
2024-01-05 01:15:00,2013.7685016804608,2015.39118691989,2013.7685016804608,2015.39118691989,154.0,25.0
2024-01-05 01:30:00,2015.39118691989,2015.8829197339796,2013.8675587965024,2015.8829197339796,409.0,25.0
2024-01-05 01:45:00,2015.8829197339796,2015.8829197339796,2014.5451272774524,2014.762021028612,251.0,25.0
2024-01-05 02:00:00,2014.762021028612,2018.2780040407083,2014.762021028612,2018.2780040407083,469.0,25.0
2024-01-05 02:15:00,2018.2780040407083,2019.7127327514117,2017.830001963004,2017.830001963004,467.0,25.0
2024-01-05 02:30:00,2017.830001963004,2018.8411110793002,2016.99252386369,2018.8411110793002,453.0,25.0
2024-01-05 02:45:00,2018.8411110793002,2019.308063577363,2017.472373849918,2019.308063577363,162.0,25.0
2024-01-05 03:00:00,2019.308063577363,2021.9972480638648,2019.007173951276,2021.8445618804528,358.0,25.0
2024-01-05 03:15:00,2021.8445618804528,2024.8184055865026,2021.8445618804528,2024.8184055865026,228.0,25.0
2024-01-05 03:30:00,2024.8184055865026,2024.8184055865026,2022.9595401488316,2024.1720087034153,288.0,25.0
2024-01-05 03:45:00,2024.1720087034153,2024.5464441387483,2021.2529333575592,2021.2529333575592,203.0,25.0
2024-01-05 04:00:00,2021.2529333575592,2021.2529333575592,2018.8102386253897,2018.8180318442928,172.0,25.0
2024-01-05 04:15:00,2018.8180318442928,2018.8180318442928,2014.6809715632135,2014.6809715632135,250.0,25.0
2024-01-05 04:30:00,2014.6809715632135,2015.5813309913826,2013.1755003421724,2014.8676534425417,455.0,25.0
2024-01-05 04:45:00,2014.8676534425417,2014.8676534425417,2012.276245735203,2012.2874275321224,106.0,25.0
2024-01-05 05:00:00,2012.2874275321224,2012.7700128069343,2011.4767027360742,2011.4767027360742,66.0,25.0
2024-01-05 05:15:00,2011.4767027360742,2012.4648103156655,2008.9830057305028,2008.9830057305028,111.0,25.0
2024-01-05 05:30:00,2008.9830057305028,2009.1299020485565,2008.2909312827655,2009.1299020485565,467.0,25.0
2024-01-05 05:45:00,2009.1299020485565,2009.825755183982,2004.3239532578143,2004.3239532578143,146.0,25.0
2024-01-05 06:00:00,2004.3239532578143,2006.9869152537967,2004.1442911012086,2005.763538771424,427.0,25.0
2024-01-05 06:15:00,2005.763538771424,2008.0429934397646,2005.7584726289713,2007.1936737596309,179.0,25.0
2024-01-05 06:30:00,2007.1936737596309,2007.7783829407972,2005.5484328984294,2005.9728074304085,317.0,25.0
2024-01-05 06:45:00,2005.9728074304085,2008.4602693439213,2005.9728074304085,2008.4602693439213,399.0,25.0
2024-01-05 07:00:00,2008.4602693439213,2008.9976411081484,2007.0562016064466,2008.0261500419454,53.0,25.0
2024-01-05 07:15:00,2008.0261500419454,2008.4242529610183,2006.4455123006428,2007.586519650225,432.0,25.0
2024-01-05 07:30:00,2007.586519650225,2010.4667898049354,2007.4404068424376,2010.1403119869951,396.0,25.0
2024-01-05 07:45:00,2010.1403119869951,2010.1403119869951,2006.4658244527977,2008.779855428874,303.0,25.0
2024-01-05 08:00:00,2008.779855428874,2009.93596512336,2007.9467696059437,2009.505640464538,209.0,25.0
2024-01-05 08:15:00,2009.505640464538,2009.505640464538,2004.2724980994237,2004.2724980994237,293.0,25.0
2024-01-05 08:30:00,2004.2724980994237,2006.7232834188208,2004.2724980994237,2006.7232834188208,154.0,25.0
2024-01-05 08:45:00,2006.7232834188208,2006.7232834188208,2004.692896758147,2005.0381669133174,192.0,25.0
2024-01-05 09:00:00,2005.0381669133174,2005.266107245451,2002.9501616143068,2004.867869990449,197.0,25.0
2024-01-05 09:15:00,2004.867869990449,2007.6564716702458,2004.867869990449,2006.601939540353,358.0,25.0
2024-01-05 09:30:00,2006.601939540353,2009.0240158066574,2006.0101779675904,2006.0101779675904,106.0,25.0
2024-01-05 09:45:00,2006.0101779675904,2006.8698217500823,2004.9506883030517,2006.399589405258,480.0,25.0
2024-01-05 10:00:00,2006.399589405258,2006.399589405258,2004.033896895435,2006.19516605271,316.0,25.0
2024-01-05 10:15:00,2006.19516605271,2008.7176653015588,2006.19516605271,2008.548162587933,51.0,25.0
2024-01-05 10:30:00,2008.548162587933,2009.1577193775452,2006.3100930857765,2009.1577193775452,127.0,25.0
2024-01-05 10:45:00,2009.1577193775452,2013.2543175018636,2008.9934401745027,2013.2543175018636,382.0,25.0
2024-01-05 11:00:00,2013.2543175018636,2015.8276487901662,2013.2543175018636,2015.0794110418187,310.0,25.0
2024-01-05 11:15:00,2015.0794110418187,2019.5596824519644,2015.0794110418187,2019.289975916573,234.0,25.0
2024-01-05 11:30:00,2019.289975916573,2019.8477856229572,2017.5785051683117,2017.5785051683117,278.0,25.0
2024-01-05 11:45:00,2017.5785051683117,2017.5785051683117,2015.2899275369991,2015.3665724770894,224.0,25.0
2024-01-05 12:00:00,2015.3665724770894,2015.3665724770894,2012.5225816288148,2013.6836923004075,164.0,25.0
2024-01-05 12:15:00,2013.6836923004075,2014.9847853712351,2012.6932251742633,2012.6932251742633,349.0,25.0
2024-01-05 12:30:00,2012.6932251742633,2014.1560894344784,2012.6932251742633,2012.9750855437067,386.0,25.0
2024-01-05 12:45:00,2012.9750855437067,2015.923960207062,2012.9750855437067,2013.9315912527,282.0,25.0
2024-01-05 13:00:00,2013.9315912527,2020.0055233315452,2013.6335480185467,2020.0055233315452,454.0,25.0
2024-01-05 13:15:00,2020.0055233315452,2020.9308747492762,2019.0628253047291,2020.3160637782476,61.0,25.0
2024-01-05 13:30:00,2020.3160637782476,2021.7019025567763,2018.832617663321,2021.468489035596,185.0,25.0
2024-01-05 13:45:00,2021.468489035596,2022.3790578749706,2019.3748132058486,2022.3790578749706,403.0,25.0
2024-01-05 14:00:00,2022.3790578749706,2022.3790578749706,2020.9474049325734,2022.0184307495492,92.0,25.0
2024-01-05 14:15:00,2022.0184307495492,2022.7882657717735,2021.0259232964568,2022.7882657717735,310.0,25.0
2024-01-05 14:30:00,2022.7882657717735,2025.65946418467,2022.7882657717735,2024.0172059442075,421.0,25.0
2024-01-05 14:45:00,2024.0172059442075,2024.7332950535779,2023.0393477365062,2024.7332950535779,244.0,25.0
2024-01-05 15:00:00,2024.7332950535779,2027.6196279616051,2022.5127734996502,2027.6196279616051,223.0,25.0
2024-01-05 15:15:00,2027.6196279616051,2028.8997193815558,2026.8474573388744,2028.8997193815558,245.0,25.0
2024-01-05 15:30:00,2028.8997193815558,2030.9831649327068,2026.9539995345067,2026.9539995345067,439.0,25.0
2024-01-05 15:45:00,2026.9539995345067,2026.9539995345067,2023.8741008058298,2023.8741008058298,172.0,25.0
2024-01-05 16:00:00,2023.8741008058298,2024.248565008216,2022.117919876861,2022.117919876861,167.0,25.0
2024-01-05 16:15:00,2022.117919876861,2022.117919876861,2020.1050260140378,2020.8769827357878,152.0,25.0
2024-01-05 16:30:00,2020.8769827357878,2026.0756473602164,2020.8769827357878,2026.0756473602164,261.0,25.0
2024-01-05 16:45:00,2026.0756473602164,2027.3230981482775,2025.9119252704777,2027.082602497644,145.0,25.0
2024-01-05 17:00:00,2027.082602497644,2028.1932119402636,2026.3874847714665,2028.1932119402636,65.0,25.0
2024-01-05 17:15:00,2028.1932119402636,2028.6463814776898,2025.7947507234906,2025.7947507234906,77.0,25.0
2024-01-05 17:30:00,2025.7947507234906,2025.7947507234906,2022.583638867176,2022.583638867176,156.0,25.0
2024-01-05 17:45:00,2022.583638867176,2022.6376187937683,2021.3988121150794,2022.4794457910707,230.0,25.0
2024-01-05 18:00:00,2022.4794457910707,2024.6435894025603,2022.4794457910707,2023.6481564992544,302.0,25.0
2024-01-05 18:15:00,2023.6481564992544,2027.1958692721682,2023.6481564992544,2027.1958692721682,356.0,25.0
2024-01-05 18:30:00,2027.1958692721682,2031.1487416314003,2027.1958692721682,2031.1487416314003,61.0,25.0
2024-01-05 18:45:00,2031.1487416314003,2031.1487416314003,2026.8859088243544,2027.6618373700965,142.0,25.0
2024-01-05 19:00:00,2027.6618373700965,2030.6763724652346,2027.6618373700965,2030.1049306024827,133.0,25.0
2024-01-05 19:15:00,2030.1049306024827,2030.1049306024827,2025.4967728034712,2026.9851852800916,190.0,25.0
2024-01-05 19:30:00,2026.9851852800916,2029.3565931117143,2026.3548059729096,2029.3565931117143,172.0,25.0
2024-01-05 19:45:00,2029.3565931117143,2031.7859122894158,2028.5446568103646,2031.7859122894158,237.0,25.0
2024-01-05 20:00:00,2031.7859122894158,2033.7671080863395,2031.7859122894158,2033.7671080863395,315.0,25.0
2024-01-05 20:15:00,2033.7671080863395,2035.1455281626804,2033.7671080863395,2035.0592459881505,183.0,25.0
2024-01-05 20:30:00,2035.0592459881505,2037.914153922745,2034.7750493990432,2037.712767771366,224.0,25.0
2024-01-05 20:45:00,2037.712767771366,2041.5217772397664,2037.712767771366,2041.2263402515946,352.0,25.0
2024-01-05 21:00:00,2041.2263402515946,2041.3668881408278,2040.085526157295,2040.3978509043604,335.0,25.0
2024-01-05 21:15:00,2040.3978509043604,2040.3978509043604,2036.9031355233458,2036.9031355233458,101.0,25.0
2024-01-05 21:30:00,2036.9031355233458,2042.3098577895346,2036.9031355233458,2040.433551007112,155.0,25.0
2024-01-05 21:45:00,2040.433551007112,2041.0843866986734,2039.071983799844,2039.071983799844,55.0,25.0
2024-01-05 22:00:00,2039.071983799844,2039.5452114124312,2038.0376931732878,2039.5452114124312,478.0,25.0
2024-01-05 22:15:00,2039.5452114124312,2039.5452114124312,2038.6142957014313,2038.8356431289194,486.0,25.0
2024-01-05 22:30:00,2038.8356431289194,2038.8356431289194,2036.8169587996235,2037.5193920955032,389.0,25.0
2024-01-05 22:45:00,2037.5193920955032,2039.7688626482418,2037.5193920955032,2039.1567001589942,149.0,25.0
2024-01-05 23:00:00,2039.1567001589942,2040.200112991448,2037.4283932357905,2040.200112991448,239.0,25.0
2024-01-05 23:15:00,2040.200112991448,2042.6322687574288,2040.200112991448,2042.1688481167707,110.0,25.0
2024-01-05 23:30:00,2042.1688481167707,2042.1688481167707,2040.991346245963,2041.4176528207336,223.0,25.0
2024-01-05 23:45:00,2041.4176528207336,2042.6207428249802,2040.9821395628694,2040.9821395628694,489.0,25.0
2024-01-08 00:00:00,2040.9821395628694,2042.682413480273,2040.9821395628694,2042.6714122531191,289.0,25.0
2024-01-08 00:15:00,2042.6714122531191,2043.2445838917647,2041.2480298945798,2043.2445838917647,389.0,25.0
2024-01-08 00:30:00,2043.2445838917647,2043.8501090688208,2041.8594834791418,2042.6204065176373,379.0,25.0
2024-01-08 00:45:00,2042.6204065176373,2042.6204065176373,2040.6683846980961,2040.6683846980961,124.0,25.0
2024-01-08 01:00:00,2040.6683846980961,2042.3813952382782,2040.1343383280148,2040.4599913627098,284.0,25.0
2024-01-08 01:15:00,2040.4599913627098,2043.4505419615357,2040.4599913627098,2043.4505419615357,433.0,25.0
2024-01-08 01:30:00,2043.4505419615357,2045.3568889921075,2043.4505419615357,2045.3568889921075,486.0,25.0
2024-01-08 01:45:00,2045.3568889921075,2045.3568889921075,2041.4228850274415,2041.4228850274415,451.0,25.0
2024-01-08 02:00:00,2041.4228850274415,2045.4722898673685,2041.4228850274415,2045.4722898673685,132.0,25.0
2024-01-08 02:15:00,2045.4722898673685,2045.7604010553337,2043.5179192576927,2043.6934762082865,247.0,25.0
2024-01-08 02:30:00,2043.6934762082865,2045.9380170075945,2043.6934762082865,2044.384368727129,79.0,25.0
2024-01-08 02:45:00,2044.384368727129,2044.8643788728532,2043.5053939229003,2044.589672356512,164.0,25.0
2024-01-08 03:00:00,2044.589672356512,2047.4877240192843,2044.4061307975808,2047.4877240192843,198.0,25.0
2024-01-08 03:15:00,2047.4877240192843,2047.498906187633,2046.940433565887,2047.4289422500567,389.0,25.0
2024-01-08 03:30:00,2047.4289422500567,2048.674651843843,2046.599870017026,2048.331601526914,148.0,25.0
2024-01-08 03:45:00,2048.331601526914,2048.502570701554,2046.1851448018149,2048.172755835295,260.0,25.0
2024-01-08 04:00:00,2048.172755835295,2049.868489524152,2047.777422066059,2047.777422066059,54.0,25.0
2024-01-08 04:15:00,2047.777422066059,2049.982138520952,2046.9909858624096,2048.8985985405743,169.0,25.0
2024-01-08 04:30:00,2048.8985985405743,2051.2302361477455,2048.8985985405743,2050.225127551115,244.0,25.0
2024-01-08 04:45:00,2050.225127551115,2050.774014053079,2049.786940589368,2050.774014053079,119.0,25.0
2024-01-08 05:00:00,2050.774014053079,2050.774014053079,2048.3931726012943,2048.529130055218,211.0,25.0
2024-01-08 05:15:00,2048.529130055218,2048.529130055218,2045.9598415138544,2047.7312147752111,442.0,25.0
2024-01-08 05:30:00,2047.7312147752111,2048.8907161171264,2047.5375748704298,2048.7971661318625,133.0,25.0
2024-01-08 05:45:00,2048.7971661318625,2048.7971661318625,2046.209136570366,2046.4194337377398,323.0,25.0
2024-01-08 06:00:00,2046.4194337377398,2046.8651123197196,2045.17725763412,2046.405750469951,414.0,25.0
2024-01-08 06:15:00,2046.405750469951,2048.5297311431095,2046.405750469951,2048.5297311431095,87.0,25.0
2024-01-08 06:30:00,2048.5297311431095,2049.5021334339635,2048.5297311431095,2049.5021334339635,369.0,25.0
2024-01-08 06:45:00,2049.5021334339635,2050.4272524096596,2049.3454469661806,2049.3454469661806,359.0,25.0
2024-01-08 07:00:00,2049.3454469661806,2051.2693204283373,2049.235521176738,2051.2693204283373,460.0,25.0
2024-01-08 07:15:00,2051.2693204283373,2052.2475326296953,2049.601475327912,2049.9363384588387,368.0,25.0
2024-01-08 07:30:00,2049.9363384588387,2049.9363384588387,2048.7550721218113,2048.7550721218113,182.0,25.0
2024-01-08 07:45:00,2048.7550721218113,2049.8862662014744,2047.8588752261558,2049.8862662014744,158.0,25.0
2024-01-08 08:00:00,2049.8862662014744,2049.8862662014744,2048.387272378305,2049.5705006761364,165.0,25.0
2024-01-08 08:15:00,2049.5705006761364,2050.009982615397,2047.6451372421138,2047.6451372421138,317.0,25.0
2024-01-08 08:30:00,2047.6451372421138,2049.601699935392,2047.6451372421138,2049.601699935392,286.0,25.0
2024-01-08 08:45:00,2049.601699935392,2050.3278095925048,2046.9451158703291,2046.9451158703291,209.0,25.0
2024-01-08 09:00:00,2046.9451158703291,2048.4798750681675,2046.3802968459863,2048.4798750681675,294.0,25.0
2024-01-08 09:15:00,2048.4798750681675,2048.4798750681675,2045.0940117350635,2045.0940117350635,76.0,25.0
2024-01-08 09:30:00,2045.0940117350635,2048.058640719896,2045.0940117350635,2048.058640719896,367.0,25.0
2024-01-08 09:45:00,2048.058640719896,2048.058640719896,2044.1025336023004,2044.1025336023004,407.0,25.0
2024-01-08 10:00:00,2044.1025336023004,2046.0765921657542,2043.7081104177319,2046.0765921657542,322.0,25.0
2024-01-08 10:15:00,2046.0765921657542,2046.0765921657542,2044.7631553993847,2044.7789395970738,174.0,25.0
2024-01-08 10:30:00,2044.7789395970738,2046.5002153797811,2044.662567911815,2044.9319998660067,465.0,25.0
2024-01-08 10:45:00,2044.9319998660067,2046.1173635856635,2043.4788653049004,2046.1173635856635,104.0,25.0
2024-01-08 11:00:00,2046.1173635856635,2047.7174060875955,2045.9896349012145,2047.672243174956,210.0,25.0
2024-01-08 11:15:00,2047.672243174956,2048.744948468918,2046.8836622470883,2047.2443673241678,344.0,25.0
2024-01-08 11:30:00,2047.2443673241678,2047.4981794910138,2046.6340307977766,2046.7905821571671,237.0,25.0
2024-01-08 11:45:00,2046.7905821571671,2048.4704466023536,2045.2009371942468,2048.4704466023536,437.0,25.0
2024-01-08 12:00:00,2048.4704466023536,2050.3891175391886,2047.5399465128055,2047.7350508135426,466.0,25.0
2024-01-08 12:15:00,2047.7350508135426,2047.9952235753444,2046.2802080505942,2047.9952235753444,393.0,25.0
2024-01-08 12:30:00,2047.9952235753444,2051.9202539736343,2047.9952235753444,2051.872011138712,384.0,25.0
2024-01-08 12:45:00,2051.872011138712,2052.8627046635875,2050.6315625936754,2051.7426395886664,433.0,25.0
2024-01-08 13:00:00,2051.7426395886664,2053.3092518056014,2051.7426395886664,2053.3092518056014,86.0,25.0
2024-01-08 13:15:00,2053.3092518056014,2053.865828044533,2052.4147099237466,2053.4157398347,243.0,25.0
2024-01-08 13:30:00,2053.4157398347,2053.4157398347,2049.4495268346095,2050.3083876840583,104.0,25.0
2024-01-08 13:45:00,2050.3083876840583,2056.170812304271,2050.3083876840583,2056.170812304271,166.0,25.0
2024-01-08 14:00:00,2056.170812304271,2061.901168135454,2056.170812304271,2061.901168135454,271.0,25.0
2024-01-08 14:15:00,2061.901168135454,2067.3496954084494,2061.901168135454,2065.7758852706875,101.0,25.0
2024-01-08 14:30:00,2065.7758852706875,2067.206443268668,2064.262342740863,2066.194438498371,263.0,25.0
2024-01-08 14:45:00,2066.194438498371,2066.659342930475,2064.852743997577,2064.852743997577,392.0,25.0
2024-01-08 15:00:00,2064.852743997577,2065.24712439469,2062.805926665879,2062.805926665879,107.0,25.0
2024-01-08 15:15:00,2062.805926665879,2063.2909249340405,2061.318704007788,2061.318704007788,414.0,25.0
2024-01-08 15:30:00,2061.318704007788,2061.318704007788,2056.851132218217,2056.851132218217,182.0,25.0
2024-01-08 15:45:00,2056.851132218217,2057.587332920795,2055.678892294887,2055.678892294887,417.0,25.0
2024-01-08 16:00:00,2055.678892294887,2058.827321263758,2054.559047181445,2058.827321263758,419.0,25.0
2024-01-08 16:15:00,2058.827321263758,2058.827321263758,2055.6905916904657,2055.6905916904657,76.0,25.0
2024-01-08 16:30:00,2055.6905916904657,2057.1076260995455,2054.0478021017852,2054.0478021017852,160.0,25.0
2024-01-08 16:45:00,2054.0478021017852,2056.710755401493,2053.1776358472375,2056.710755401493,366.0,25.0
2024-01-08 17:00:00,2056.710755401493,2057.995571013573,2056.6858873898705,2056.6858873898705,480.0,25.0
2024-01-08 17:15:00,2056.6858873898705,2059.886571349232,2056.6858873898705,2059.886571349232,124.0,25.0
2024-01-08 17:30:00,2059.886571349232,2062.8936320503058,2059.886571349232,2062.134211700913,480.0,25.0
2024-01-08 17:45:00,2062.134211700913,2065.5123248257128,2062.134211700913,2064.274889558993,231.0,25.0
2024-01-08 18:00:00,2064.274889558993,2065.6440083587822,2062.907916532319,2065.642241491338,401.0,25.0
2024-01-08 18:15:00,2065.642241491338,2066.0868463090837,2063.8460370733023,2063.8460370733023,130.0,25.0
2024-01-08 18:30:00,2063.8460370733023,2066.923919983678,2063.8460370733023,2066.2733418543476,303.0,25.0
2024-01-08 18:45:00,2066.2733418543476,2066.2733418543476,2063.1782766650203,2065.022131381331,109.0,25.0
2024-01-08 19:00:00,2065.022131381331,2065.9518132131693,2064.071937685666,2064.071937685666,325.0,25.0
2024-01-08 19:15:00,2064.071937685666,2064.6149150813853,2061.983990895559,2062.218726508041,157.0,25.0
2024-01-08 19:30:00,2062.218726508041,2063.3022481340795,2061.789638934648,2062.970198011426,123.0,25.0
2024-01-08 19:45:00,2062.970198011426,2065.3196942838904,2062.970198011426,2065.3196942838904,489.0,25.0
2024-01-08 20:00:00,2065.3196942838904,2066.721707700769,2065.225726486647,2066.721707700769,69.0,25.0
2024-01-08 20:15:00,2066.721707700769,2067.4967737014863,2065.2824959743048,2067.4967737014863,394.0,25.0
2024-01-08 20:30:00,2067.4967737014863,2068.3900362799372,2066.9994581382257,2067.3164043525067,394.0,25.0
2024-01-08 20:45:00,2067.3164043525067,2069.1849412894267,2067.3164043525067,2068.8573328315147,321.0,25.0
2024-01-08 21:00:00,2068.8573328315147,2068.8573328315147,2065.661521928668,2067.9544712673146,388.0,25.0
2024-01-08 21:15:00,2067.9544712673146,2070.137727964453,2067.9544712673146,2070.137727964453,246.0,25.0
2024-01-08 21:30:00,2070.137727964453,2071.418325184805,2069.339716112921,2069.937157456465,146.0,25.0
2024-01-08 21:45:00,2069.937157456465,2071.575759781979,2068.9339414875813,2071.0568284978935,211.0,25.0
2024-01-08 22:00:00,2071.0568284978935,2075.374776689257,2071.0568284978935,2074.5463043526224,378.0,25.0
2024-01-08 22:15:00,2074.5463043526224,2078.23845469962,2074.4484044007445,2077.550489820429,92.0,25.0
2024-01-08 22:30:00,2077.550489820429,2077.550489820429,2075.4409537132174,2075.4409537132174,52.0,25.0
2024-01-08 22:45:00,2075.4409537132174,2076.106364790442,2075.0402516633517,2075.428865516577,421.0,25.0
2024-01-08 23:00:00,2075.428865516577,2076.304570050651,2075.428865516577,2076.2876446239484,450.0,25.0
2024-01-08 23:15:00,2076.2876446239484,2078.133887619354,2075.894776251653,2075.894776251653,438.0,25.0
2024-01-08 23:30:00,2075.894776251653,2075.894776251653,2073.5492114705057,2074.5460140093187,201.0,25.0
2024-01-08 23:45:00,2074.5460140093187,2075.5936285594403,2073.889511547193,2073.889511547193,177.0,25.0
2024-01-09 00:00:00,2073.889511547193,2074.689299033238,2073.0180205774295,2073.261404245563,498.0,25.0
2024-01-09 00:15:00,2073.261404245563,2074.889665574811,2072.3713148363317,2074.889665574811,111.0,25.0
2024-01-09 00:30:00,2074.889665574811,2079.0291570259665,2074.3124516275834,2079.0291570259665,81.0,25.0
2024-01-09 00:45:00,2079.0291570259665,2080.8041206732128,2079.0291570259665,2079.042568380055,487.0,25.0
2024-01-09 01:00:00,2079.042568380055,2080.4662174040986,2079.042568380055,2079.880600503628,321.0,25.0
2024-01-09 01:15:00,2079.880600503628,2080.367681209746,2078.0891066456215,2078.405017896131,120.0,25.0
2024-01-09 01:30:00,2078.405017896131,2078.838594578571,2075.2194176717358,2075.2194176717358,98.0,25.0
2024-01-09 01:45:00,2075.2194176717358,2079.88982858567,2075.2194176717358,2079.6931776495635,330.0,25.0
2024-01-09 02:00:00,2079.6931776495635,2079.6931776495635,2076.4114310086916,2077.0363513065204,406.0,25.0
2024-01-09 02:15:00,2077.0363513065204,2078.2912658684836,2074.3956735646716,2074.3956735646716,359.0,25.0
2024-01-09 02:30:00,2074.3956735646716,2075.756406204858,2073.7587935625133,2075.0280047545593,389.0,25.0
2024-01-09 02:45:00,2075.0280047545593,2075.6951101405743,2071.993937936096,2073.2277725598706,415.0,25.0
2024-01-09 03:00:00,2073.2277725598706,2077.620911177066,2073.2277725598706,2075.9910828992806,413.0,25.0
2024-01-09 03:15:00,2075.9910828992806,2076.813055488804,2075.9284495006073,2076.4617424459425,112.0,25.0
2024-01-09 03:30:00,2076.4617424459425,2077.883496011455,2074.7597348073623,2077.883496011455,267.0,25.0
2024-01-09 03:45:00,2077.883496011455,2078.316079115497,2075.475007857357,2075.475007857357,77.0,25.0
2024-01-09 04:00:00,2075.475007857357,2076.531525455749,2074.577516853755,2076.0268882018972,122.0,25.0
2024-01-09 04:15:00,2076.0268882018972,2076.9337135627084,2075.9068061159355,2076.9337135627084,99.0,25.0
2024-01-09 04:30:00,2076.9337135627084,2077.8264953282214,2076.9337135627084,2077.5882600093314,471.0,25.0
2024-01-09 04:45:00,2077.5882600093314,2077.8289382525363,2074.718394293764,2074.7553484139144,393.0,25.0
2024-01-09 05:00:00,2074.7553484139144,2076.4204254645974,2074.7553484139144,2076.0405424571504,436.0,25.0
2024-01-09 05:15:00,2076.0405424571504,2076.0405424571504,2074.310135003033,2075.692846106515,129.0,25.0
2024-01-09 05:30:00,2075.692846106515,2079.1753500096643,2075.692846106515,2075.9037488679305,426.0,25.0
2024-01-09 05:45:00,2075.9037488679305,2079.200962333509,2075.9037488679305,2079.200962333509,430.0,25.0
2024-01-09 06:00:00,2079.200962333509,2081.798111740849,2079.200962333509,2081.798111740849,409.0,25.0
2024-01-09 06:15:00,2081.798111740849,2084.381351923717,2081.316495804762,2084.349859084503,186.0,25.0
2024-01-09 06:30:00,2084.349859084503,2084.9915253490667,2083.0573497144514,2084.9915253490667,184.0,25.0
2024-01-09 06:45:00,2084.9915253490667,2086.5259984050167,2084.482338803686,2084.482338803686,464.0,25.0
2024-01-09 07:00:00,2084.482338803686,2086.355234802377,2084.482338803686,2086.242645675613,144.0,25.0
2024-01-09 07:15:00,2086.242645675613,2086.520965359655,2084.4970199460677,2085.646279751667,77.0,25.0
2024-01-09 07:30:00,2085.646279751667,2087.755441254577,2085.419681641784,2087.755441254577,141.0,25.0
2024-01-09 07:45:00,2087.755441254577,2092.006229903434,2087.755441254577,2092.006229903434,417.0,25.0
2024-01-09 08:00:00,2092.006229903434,2092.4677181583875,2091.6650695216995,2091.8371365239227,483.0,25.0
2024-01-09 08:15:00,2091.8371365239227,2092.2318717305598,2084.34350505046,2084.34350505046,339.0,25.0
2024-01-09 08:30:00,2084.34350505046,2085.7870047068586,2083.6944529458574,2085.7870047068586,387.0,25.0
2024-01-09 08:45:00,2085.7870047068586,2085.7870047068586,2083.285782392863,2083.285782392863,444.0,25.0
2024-01-09 09:00:00,2083.285782392863,2083.570439422745,2081.6769459487873,2081.6769459487873,474.0,25.0
2024-01-09 09:15:00,2081.6769459487873,2082.1033002949075,2079.692458235702,2079.940775718111,206.0,25.0
2024-01-09 09:30:00,2079.940775718111,2080.3730293215845,2078.0665133704356,2078.8416022465917,237.0,25.0
2024-01-09 09:45:00,2078.8416022465917,2080.212298294358,2078.795937224017,2079.95154866289,393.0,25.0
2024-01-09 10:00:00,2079.95154866289,2081.826951257173,2079.95154866289,2080.2152277853506,150.0,25.0
2024-01-09 10:15:00,2080.2152277853506,2080.29798572342,2078.794780234007,2079.161729715865,265.0,25.0
2024-01-09 10:30:00,2079.161729715865,2080.9253531467834,2079.161729715865,2080.9253531467834,138.0,25.0
2024-01-09 10:45:00,2080.9253531467834,2082.6680071332435,2079.915997737088,2082.6680071332435,275.0,25.0
2024-01-09 11:00:00,2082.6680071332435,2085.588471137513,2082.583903730844,2085.5471312421173,214.0,25.0
2024-01-09 11:15:00,2085.5471312421173,2085.5471312421173,2082.3805867685023,2082.3805867685023,200.0,25.0
2024-01-09 11:30:00,2082.3805867685023,2082.3805867685023,2080.230363858597,2081.0581959640576,314.0,25.0
2024-01-09 11:45:00,2081.0581959640576,2081.0581959640576,2079.56307074221,2080.9487410922547,235.0,25.0
2024-01-09 12:00:00,2080.9487410922547,2081.7025909027675,2080.706343388648,2081.1895208565447,316.0,25.0
2024-01-09 12:15:00,2081.1895208565447,2081.449655250724,2079.9656081780063,2080.2365278476095,244.0,25.0
2024-01-09 12:30:00,2080.2365278476095,2081.2452823080303,2078.5360862527054,2081.2452823080303,438.0,25.0
2024-01-09 12:45:00,2081.2452823080303,2081.2452823080303,2078.6015248184535,2081.096391445871,97.0,25.0
2024-01-09 13:00:00,2081.096391445871,2081.6068485590113,2080.205279736456,2080.205279736456,101.0,25.0
2024-01-09 13:15:00,2080.205279736456,2080.205279736456,2079.270208874312,2079.2901887663043,221.0,25.0
2024-01-09 13:30:00,2079.2901887663043,2079.2901887663043,2073.9161786282757,2073.9161786282757,378.0,25.0
2024-01-09 13:45:00,2073.9161786282757,2075.8127453971583,2073.063477754764,2075.5762706473097,255.0,25.0
2024-01-09 14:00:00,2075.5762706473097,2075.5762706473097,2074.550517346075,2074.946430376248,241.0,25.0
2024-01-09 14:15:00,2074.946430376248,2076.70228194795,2074.946430376248,2076.1177191662105,329.0,25.0
2024-01-09 14:30:00,2076.1177191662105,2076.73428718053,2074.628745180351,2076.73428718053,137.0,25.0
2024-01-09 14:45:00,2076.73428718053,2077.253013728586,2074.474800665365,2074.474800665365,190.0,25.0
2024-01-09 15:00:00,2074.474800665365,2074.474800665365,2068.8396748716677,2068.8396748716677,340.0,25.0
2024-01-09 15:15:00,2068.8396748716677,2070.6076438418895,2067.9904275288513,2070.6076438418895,91.0,25.0
2024-01-09 15:30:00,2070.6076438418895,2074.49988700702,2070.6076438418895,2074.49988700702,316.0,25.0
2024-01-09 15:45:00,2074.49988700702,2075.858559114526,2073.6039868185903,2075.4221828375644,143.0,25.0
2024-01-09 16:00:00,2075.4221828375644,2076.2871271703634,2074.958710797753,2075.978134560357,131.0,25.0
2024-01-09 16:15:00,2075.978134560357,2077.3284178216522,2074.5757991824794,2077.3284178216522,358.0,25.0
2024-01-09 16:30:00,2077.3284178216522,2079.9699568389788,2077.3284178216522,2079.9699568389788,363.0,25.0
2024-01-09 16:45:00,2079.9699568389788,2080.624644139954,2077.963318636953,2077.963318636953,162.0,25.0
2024-01-09 17:00:00,2077.963318636953,2078.0061894830988,2076.3245609792048,2078.0061894830988,238.0,25.0
2024-01-09 17:15:00,2078.0061894830988,2078.2525727429747,2075.160099347314,2075.160099347314,255.0,25.0
2024-01-09 17:30:00,2075.160099347314,2076.3214427116254,2074.508307611594,2075.369240075296,309.0,25.0
2024-01-09 17:45:00,2075.369240075296,2077.7940274280863,2075.369240075296,2077.4051111414647,228.0,25.0
2024-01-09 18:00:00,2077.4051111414647,2077.4984906520117,2076.623105264284,2076.8440647855746,475.0,25.0
2024-01-09 18:15:00,2076.8440647855746,2077.4343784636317,2075.4647294435013,2077.4343784636317,98.0,25.0
2024-01-09 18:30:00,2077.4343784636317,2077.4343784636317,2074.789897692871,2076.3936486551465,310.0,25.0
2024-01-09 18:45:00,2076.3936486551465,2078.6844137964385,2075.85741842421,2078.6844137964385,480.0,25.0
2024-01-09 19:00:00,2078.6844137964385,2078.8563713856493,2077.8814762860816,2078.749403811964,69.0,25.0
2024-01-09 19:15:00,2078.749403811964,2078.749403811964,2076.528671394539,2078.3940070007193,354.0,25.0
2024-01-09 19:30:00,2078.3940070007193,2079.5450783124743,2077.11236454371,2079.3584023013686,331.0,25.0
2024-01-09 19:45:00,2079.3584023013686,2079.4605801887137,2076.5334818157967,2077.32399038057,180.0,25.0
2024-01-09 20:00:00,2077.32399038057,2078.6202254437526,2077.32399038057,2078.3308665326467,108.0,25.0
2024-01-09 20:15:00,2078.3308665326467,2078.631105465786,2077.0580971087907,2077.0703466923565,165.0,25.0
2024-01-09 20:30:00,2077.0703466923565,2078.615262249287,2075.616131024643,2078.615262249287,312.0,25.0
2024-01-09 20:45:00,2078.615262249287,2078.615262249287,2074.8127818088296,2076.555238900306,470.0,25.0
2024-01-09 21:00:00,2076.555238900306,2076.555238900306,2074.3708187314523,2076.131517123324,238.0,25.0
2024-01-09 21:15:00,2076.131517123324,2077.964328407074,2076.0085826861396,2077.964328407074,468.0,25.0
2024-01-09 21:30:00,2077.964328407074,2079.3325545330176,2076.6592545983335,2076.6592545983335,276.0,25.0
2024-01-09 21:45:00,2076.6592545983335,2076.667848553474,2075.9158566085785,2076.667848553474,201.0,25.0
2024-01-09 22:00:00,2076.667848553474,2082.5937557674947,2076.1952598577946,2082.5937557674947,238.0,25.0
2024-01-09 22:15:00,2082.5937557674947,2082.5937557674947,2078.6560368369196,2080.111966230605,299.0,25.0
2024-01-09 22:30:00,2080.111966230605,2084.762030624269,2080.111966230605,2084.762030624269,436.0,25.0
2024-01-09 22:45:00,2084.762030624269,2085.4050293663904,2083.2585783027644,2083.497284547983,249.0,25.0
2024-01-09 23:00:00,2083.497284547983,2084.8190178211144,2082.9148127474805,2084.136195886438,263.0,25.0
2024-01-09 23:15:00,2084.136195886438,2084.136195886438,2079.245200277636,2079.8280035786065,102.0,25.0
2024-01-09 23:30:00,2079.8280035786065,2080.3428408356313,2079.7631489318715,2079.9462639834974,127.0,25.0
2024-01-09 23:45:00,2079.9462639834974,2079.9462639834974,2075.8786803376856,2076.914648504131,263.0,25.0
2024-01-10 00:00:00,2076.914648504131,2078.555589931378,2076.4996830787036,2077.9418125166353,79.0,25.0
2024-01-10 00:15:00,2077.9418125166353,2078.4278303234587,2075.894530896558,2075.894530896558,304.0,25.0
2024-01-10 00:30:00,2075.894530896558,2075.894530896558,2073.168402294808,2073.168402294808,314.0,25.0
2024-01-10 00:45:00,2073.168402294808,2073.6727327274943,2071.509444249549,2071.509444249549,261.0,25.0
2024-01-10 01:00:00,2071.509444249549,2071.6385270307514,2069.4537338984433,2071.6385270307514,460.0,25.0
2024-01-10 01:15:00,2071.6385270307514,2074.7664546085857,2071.6385270307514,2074.7664546085857,139.0,25.0
2024-01-10 01:30:00,2074.7664546085857,2074.7664546085857,2071.6346718843247,2071.8171287246573,378.0,25.0
2024-01-10 01:45:00,2071.8171287246573,2074.465826514013,2071.462340346175,2074.3286544925377,241.0,25.0
2024-01-10 02:00:00,2074.3286544925377,2074.3925790242133,2073.0305947728734,2073.7760114033545,312.0,25.0
2024-01-10 02:15:00,2073.7760114033545,2075.182141421407,2072.9817751556584,2072.9817751556584,138.0,25.0
2024-01-10 02:30:00,2072.9817751556584,2072.9817751556584,2071.2695877913675,2072.705081059025,482.0,25.0
2024-01-10 02:45:00,2072.705081059025,2074.2257385859198,2071.497246465305,2071.765114649464,318.0,25.0
2024-01-10 03:00:00,2071.765114649464,2071.765114649464,2070.6158471076783,2070.6158471076783,56.0,25.0
2024-01-10 03:15:00,2070.6158471076783,2071.897686514868,2070.6111895955664,2070.7902444551746,166.0,25.0
2024-01-10 03:30:00,2070.7902444551746,2072.064310022698,2070.145273661824,2070.145273661824,79.0,25.0
2024-01-10 03:45:00,2070.145273661824,2076.1391332507383,2070.145273661824,2076.1391332507383,464.0,25.0
2024-01-10 04:00:00,2076.1391332507383,2076.1890748105925,2074.5622705019605,2075.3344810511157,343.0,25.0
2024-01-10 04:15:00,2075.3344810511157,2075.3344810511157,2073.4561670911094,2074.8697757312207,74.0,25.0
2024-01-10 04:30:00,2074.8697757312207,2077.0501575160174,2074.4310661031946,2075.247737752966,448.0,25.0
2024-01-10 04:45:00,2075.247737752966,2075.247737752966,2070.7793326406004,2070.7793326406004,108.0,25.0
2024-01-10 05:00:00,2070.7793326406004,2071.9179983616586,2068.7814463307886,2071.9179983616586,278.0,25.0
2024-01-10 05:15:00,2071.9179983616586,2074.3328679308424,2071.9179983616586,2073.807059350821,65.0,25.0
2024-01-10 05:30:00,2073.807059350821,2075.508649246812,2073.6245662590145,2073.6245662590145,206.0,25.0
2024-01-10 05:45:00,2073.6245662590145,2075.4805181130027,2073.3505558507454,2075.4805181130027,270.0,25.0
2024-01-10 06:00:00,2075.4805181130027,2076.015703048091,2074.518796541169,2074.560350572102,478.0,25.0
2024-01-10 06:15:00,2074.560350572102,2075.7381444779116,2073.5373804464243,2074.740703167227,305.0,25.0
2024-01-10 06:30:00,2074.740703167227,2075.4704018490056,2073.2308144703034,2073.2308144703034,356.0,25.0
2024-01-10 06:45:00,2073.2308144703034,2073.4109276386703,2071.3129622512406,2071.963177126767,392.0,25.0
2024-01-10 07:00:00,2071.963177126767,2071.963177126767,2070.233751151646,2071.5174378618663,219.0,25.0
2024-01-10 07:15:00,2071.5174378618663,2073.371644128997,2071.5174378618663,2072.0891618784585,270.0,25.0
2024-01-10 07:30:00,2072.0891618784585,2072.8691209744293,2070.1084705606277,2070.1084705606277,391.0,25.0
2024-01-10 07:45:00,2070.1084705606277,2074.4253638904447,2069.347655286494,2074.4253638904447,459.0,25.0
2024-01-10 08:00:00,2074.4253638904447,2074.4253638904447,2071.439016892195,2072.337653799685,462.0,25.0
2024-01-10 08:15:00,2072.337653799685,2072.960738319095,2070.942064675845,2072.227609970556,139.0,25.0
2024-01-10 08:30:00,2072.227609970556,2073.1280253479736,2071.297565828615,2073.1280253479736,50.0,25.0
2024-01-10 08:45:00,2073.1280253479736,2073.1280253479736,2070.5524237086406,2072.2718446915837,205.0,25.0
2024-01-10 09:00:00,2072.2718446915837,2073.3620893689463,2071.492250687044,2071.7347931227873,128.0,25.0
2024-01-10 09:15:00,2071.7347931227873,2073.8859479572347,2071.6619473107107,2073.8859479572347,445.0,25.0
2024-01-10 09:30:00,2073.8859479572347,2076.7558850595874,2073.6536099941836,2076.499336093925,124.0,25.0
2024-01-10 09:45:00,2076.499336093925,2079.385953694961,2075.4572468690417,2079.385953694961,127.0,25.0
2024-01-10 10:00:00,2079.385953694961,2080.445830604654,2078.056322781099,2080.269632683855,445.0,25.0
2024-01-10 10:15:00,2080.269632683855,2080.6787402724194,2078.8426897093136,2079.186568118199,156.0,25.0
2024-01-10 10:30:00,2079.186568118199,2080.2764110219878,2078.28496649761,2080.2764110219878,280.0,25.0
2024-01-10 10:45:00,2080.2764110219878,2080.2764110219878,2078.345944704786,2079.126896269915,235.0,25.0
2024-01-10 11:00:00,2079.126896269915,2080.252898425308,2079.126896269915,2079.2710312437,492.0,25.0
2024-01-10 11:15:00,2079.2710312437,2079.4899214005586,2078.184540553734,2078.648687019745,277.0,25.0
2024-01-10 11:30:00,2078.648687019745,2080.966160141364,2077.8385799043576,2077.8385799043576,296.0,25.0
2024-01-10 11:45:00,2077.8385799043576,2079.114598049781,2075.3842717181487,2075.3842717181487,93.0,25.0
2024-01-10 12:00:00,2075.3842717181487,2075.3842717181487,2072.7488624707835,2074.9348642461937,351.0,25.0
2024-01-10 12:15:00,2074.9348642461937,2076.606312027646,2074.9348642461937,2075.8799426704973,458.0,25.0
2024-01-10 12:30:00,2075.8799426704973,2076.3545243220706,2073.221430325917,2075.407353538158,150.0,25.0
2024-01-10 12:45:00,2075.407353538158,2075.407353538158,2070.488303617834,2071.075650508586,240.0,25.0
2024-01-10 13:00:00,2071.075650508586,2071.075650508586,2067.570009290265,2067.570009290265,278.0,25.0
2024-01-10 13:15:00,2067.570009290265,2068.870770826985,2066.5077514594605,2067.9387031074843,309.0,25.0
2024-01-10 13:30:00,2067.9387031074843,2068.841169770768,2066.328215876652,2066.608776363577,77.0,25.0
2024-01-10 13:45:00,2066.608776363577,2068.5643856199667,2066.608776363577,2067.7585528454324,325.0,25.0
2024-01-10 14:00:00,2067.7585528454324,2070.137144032327,2067.7585528454324,2068.5631728615954,235.0,25.0
2024-01-10 14:15:00,2068.5631728615954,2068.5631728615954,2066.865586971381,2066.9588590149983,427.0,25.0
2024-01-10 14:30:00,2066.9588590149983,2066.9588590149983,2066.105703437879,2066.4997638502273,227.0,25.0
2024-01-10 14:45:00,2066.4997638502273,2069.2064625241405,2066.4997638502273,2068.781708881631,235.0,25.0
2024-01-10 15:00:00,2068.781708881631,2072.811362164931,2068.504241072727,2072.811362164931,494.0,25.0
2024-01-10 15:15:00,2072.811362164931,2072.811362164931,2070.308492756324,2071.0638626764835,374.0,25.0
2024-01-10 15:30:00,2071.0638626764835,2071.0638626764835,2066.5706844819,2070.2775619192794,65.0,25.0
2024-01-10 15:45:00,2070.2775619192794,2070.2775619192794,2065.9366151393174,2066.4543765034105,356.0,25.0
2024-01-10 16:00:00,2066.4543765034105,2066.5564532713333,2065.8183248696796,2065.8183248696796,441.0,25.0
2024-01-10 16:15:00,2065.8183248696796,2065.9000219464488,2061.6114236340177,2062.6272389500605,144.0,25.0
2024-01-10 16:30:00,2062.6272389500605,2063.824194104544,2062.6272389500605,2063.3311507528424,424.0,25.0
2024-01-10 16:45:00,2063.3311507528424,2064.0754747548835,2062.5093935149184,2063.0551434935983,378.0,25.0
2024-01-10 17:00:00,2063.0551434935983,2063.0551434935983,2060.4603120772654,2062.624381976884,56.0,25.0
2024-01-10 17:15:00,2062.624381976884,2064.5576077316177,2062.624381976884,2064.309461623771,381.0,25.0
2024-01-10 17:30:00,2064.309461623771,2066.620293398176,2064.309461623771,2066.620293398176,178.0,25.0
2024-01-10 17:45:00,2066.620293398176,2067.518131940515,2066.3664671893525,2067.0199437659494,265.0,25.0
2024-01-10 18:00:00,2067.0199437659494,2067.8634003124203,2065.133387064109,2067.548826390644,176.0,25.0
2024-01-10 18:15:00,2067.548826390644,2070.867511136395,2067.548826390644,2070.1354148263445,305.0,25.0
2024-01-10 18:30:00,2070.1354148263445,2071.839219866857,2070.1354148263445,2071.392828323554,228.0,25.0
2024-01-10 18:45:00,2071.392828323554,2076.6853521998564,2071.392828323554,2076.6853521998564,490.0,25.0
2024-01-10 19:00:00,2076.6853521998564,2077.8877088544514,2076.386657502806,2076.984197957928,60.0,25.0
2024-01-10 19:15:00,2076.984197957928,2077.4590262931256,2074.3590164245265,2076.874119244543,446.0,25.0
2024-01-10 19:30:00,2076.874119244543,2080.203994515627,2076.874119244543,2079.6431931331713,90.0,25.0
2024-01-10 19:45:00,2079.6431931331713,2080.206470575246,2079.183155954589,2079.183155954589,465.0,25.0
2024-01-10 20:00:00,2079.183155954589,2079.3919027422444,2077.597180519977,2078.875910170488,422.0,25.0
2024-01-10 20:15:00,2078.875910170488,2079.252643353011,2077.021736695456,2077.021736695456,299.0,25.0
2024-01-10 20:30:00,2077.021736695456,2077.049836717057,2076.010531494186,2077.049836717057,156.0,25.0
2024-01-10 20:45:00,2077.049836717057,2078.823472912289,2077.049836717057,2077.2947859917313,261.0,25.0
2024-01-10 21:00:00,2077.2947859917313,2077.2947859917313,2074.7234226298933,2074.7234226298933,496.0,25.0
2024-01-10 21:15:00,2074.7234226298933,2074.7234226298933,2071.1797044163686,2071.1797044163686,117.0,25.0
2024-01-10 21:30:00,2071.1797044163686,2073.3006822010148,2070.876626731061,2073.3006822010148,323.0,25.0
2024-01-10 21:45:00,2073.3006822010148,2075.0189878599576,2073.3006822010148,2075.0189878599576,264.0,25.0
2024-01-10 22:00:00,2075.0189878599576,2076.449892935256,2074.280746572505,2074.280746572505,374.0,25.0
2024-01-10 22:15:00,2074.280746572505,2074.280746572505,2071.4708867230192,2072.8038349647363,461.0,25.0
2024-01-10 22:30:00,2072.8038349647363,2072.8038349647363,2068.9364611883525,2068.9364611883525,346.0,25.0
2024-01-10 22:45:00,2068.9364611883525,2070.0304380689504,2066.4007947441537,2066.4561138361623,343.0,25.0
2024-01-10 23:00:00,2066.4561138361623,2068.2868269533456,2066.4561138361623,2067.5609942892297,202.0,25.0
2024-01-10 23:15:00,2067.5609942892297,2067.782580089134,2065.6677775669573,2066.0342924677625,237.0,25.0
2024-01-10 23:30:00,2066.0342924677625,2068.9785154101633,2065.8446183362926,2068.9785154101633,170.0,25.0
2024-01-10 23:45:00,2068.9785154101633,2069.6826942796783,2066.867036429794,2067.0302182797363,169.0,25.0
2024-01-11 00:00:00,2067.0302182797363,2067.0302182797363,2065.039787439939,2065.4544645584933,80.0,25.0
2024-01-11 00:15:00,2065.4544645584933,2067.1098249759834,2064.9284915510607,2064.9284915510607,441.0,25.0
2024-01-11 00:30:00,2064.9284915510607,2066.6356863755595,2064.9284915510607,2066.4755274084,225.0,25.0
2024-01-11 00:45:00,2066.4755274084,2066.7680642029895,2063.0341290000206,2063.0341290000206,422.0,25.0
2024-01-11 01:00:00,2063.0341290000206,2065.4053772823663,2063.0341290000206,2063.474180401893,113.0,25.0
2024-01-11 01:15:00,2063.474180401893,2065.7165900258606,2063.474180401893,2065.6318258471347,349.0,25.0
2024-01-11 01:30:00,2065.6318258471347,2068.5658445508884,2065.6318258471347,2067.733102411653,498.0,25.0
2024-01-11 01:45:00,2067.733102411653,2068.116097940029,2066.359778293463,2066.496717562906,446.0,25.0
2024-01-11 02:00:00,2066.496717562906,2067.172671448051,2066.220158503063,2067.172671448051,472.0,25.0
2024-01-11 02:15:00,2067.172671448051,2067.8005077516605,2065.3104901604515,2065.3104901604515,140.0,25.0
2024-01-11 02:30:00,2065.3104901604515,2066.3882020931205,2065.031579721717,2066.181493607561,105.0,25.0
2024-01-11 02:45:00,2066.181493607561,2066.5952339828773,2065.145575499231,2066.5952339828773,454.0,25.0
2024-01-11 03:00:00,2066.5952339828773,2067.1212272447347,2063.2790992671535,2063.2790992671535,90.0,25.0
2024-01-11 03:15:00,2063.2790992671535,2064.758700016246,2061.8733076529293,2063.8743981612924,73.0,25.0
2024-01-11 03:30:00,2063.8743981612924,2066.8463887945754,2062.9983705256655,2062.9983705256655,432.0,25.0
2024-01-11 03:45:00,2062.9983705256655,2063.905409028841,2059.240731939086,2059.9848548324107,94.0,25.0
2024-01-11 04:00:00,2059.9848548324107,2059.9848548324107,2058.219929159968,2058.219929159968,493.0,25.0
2024-01-11 04:15:00,2058.219929159968,2060.0139254753094,2056.676897154325,2060.0139254753094,173.0,25.0
2024-01-11 04:30:00,2060.0139254753094,2060.8788123414333,2059.5719548445295,2059.5719548445295,382.0,25.0
2024-01-11 04:45:00,2059.5719548445295,2062.0997859139084,2059.5719548445295,2062.0997859139084,402.0,25.0
2024-01-11 05:00:00,2062.0997859139084,2063.11932673552,2061.3280456673538,2061.7827113418684,278.0,25.0
2024-01-11 05:15:00,2061.7827113418684,2063.06220779244,2060.23583754538,2061.1710923938276,94.0,25.0
2024-01-11 05:30:00,2061.1710923938276,2061.1710923938276,2057.686756983174,2057.686756983174,340.0,25.0
2024-01-11 05:45:00,2057.686756983174,2060.6896358945664,2057.686756983174,2060.183863053191,411.0,25.0
2024-01-11 06:00:00,2060.183863053191,2061.5906768735313,2060.183863053191,2061.442002325718,383.0,25.0
2024-01-11 06:15:00,2061.442002325718,2061.9479500801563,2060.113313882042,2061.113796206671,431.0,25.0
2024-01-11 06:30:00,2061.113796206671,2061.6093351667596,2059.253371185831,2059.325445740826,120.0,25.0
2024-01-11 06:45:00,2059.325445740826,2059.924362895197,2058.8150326335267,2059.8649459136777,464.0,25.0
2024-01-11 07:00:00,2059.8649459136777,2064.8146559921884,2059.8649459136777,2064.1956332102336,394.0,25.0
2024-01-11 07:15:00,2064.1956332102336,2064.1956332102336,2061.624254293317,2064.110734875905,436.0,25.0
2024-01-11 07:30:00,2064.110734875905,2065.1714745495233,2062.1511397394997,2062.1511397394997,295.0,25.0
2024-01-11 07:45:00,2062.1511397394997,2065.069024789245,2062.1511397394997,2062.806381390697,458.0,25.0
2024-01-11 08:00:00,2062.806381390697,2062.998575228309,2059.6775844347276,2059.6775844347276,414.0,25.0
2024-01-11 08:15:00,2059.6775844347276,2059.6775844347276,2057.384620186889,2058.7026746938914,471.0,25.0
2024-01-11 08:30:00,2058.7026746938914,2058.7026746938914,2055.696748319899,2055.696748319899,385.0,25.0
2024-01-11 08:45:00,2055.696748319899,2059.1023051597344,2055.696748319899,2057.601400072661,358.0,25.0
2024-01-11 09:00:00,2057.601400072661,2058.4240853456604,2056.3835269818005,2056.3835269818005,327.0,25.0
2024-01-11 09:15:00,2056.3835269818005,2058.689657671387,2056.3835269818005,2058.689657671387,190.0,25.0
2024-01-11 09:30:00,2058.689657671387,2060.189887666559,2058.2742548843953,2059.2955153119733,373.0,25.0
2024-01-11 09:45:00,2059.2955153119733,2059.2955153119733,2057.388452263613,2057.663238368381,145.0,25.0
2024-01-11 10:00:00,2057.663238368381,2057.663238368381,2054.2223035744328,2054.2223035744328,358.0,25.0
2024-01-11 10:15:00,2054.2223035744328,2057.8271622410875,2054.2223035744328,2057.8271622410875,223.0,25.0
2024-01-11 10:30:00,2057.8271622410875,2061.001138005254,2056.235828581048,2061.001138005254,425.0,25.0
2024-01-11 10:45:00,2061.001138005254,2062.8236984539426,2061.001138005254,2062.620726902656,219.0,25.0
2024-01-11 11:00:00,2062.620726902656,2066.0902927572247,2062.620726902656,2066.0902927572247,499.0,25.0
2024-01-11 11:15:00,2066.0902927572247,2067.3607627926613,2066.0902927572247,2066.7187601853557,75.0,25.0
2024-01-11 11:30:00,2066.7187601853557,2068.110250930918,2066.7187601853557,2067.4200903296774,123.0,25.0
2024-01-11 11:45:00,2067.4200903296774,2067.4200903296774,2065.4783301627594,2066.1080444978393,416.0,25.0
2024-01-11 12:00:00,2066.1080444978393,2068.678318272091,2065.118846623076,2065.118846623076,484.0,25.0
2024-01-11 12:15:00,2065.118846623076,2068.7005423707024,2065.118846623076,2068.587377647933,473.0,25.0
2024-01-11 12:30:00,2068.587377647933,2069.4614978453656,2068.1074628785577,2068.4092308652384,180.0,25.0
2024-01-11 12:45:00,2068.4092308652384,2068.4092308652384,2064.78324175883,2064.97586360713,483.0,25.0
2024-01-11 13:00:00,2064.97586360713,2068.1659167666808,2064.97586360713,2068.1659167666808,105.0,25.0
2024-01-11 13:15:00,2068.1659167666808,2073.1902739911566,2068.1659167666808,2073.124165417912,457.0,25.0
2024-01-11 13:30:00,2073.124165417912,2073.7283277568185,2071.865238251512,2071.865238251512,103.0,25.0
2024-01-11 13:45:00,2071.865238251512,2073.656647569945,2071.865238251512,2072.2171271540424,291.0,25.0
2024-01-11 14:00:00,2072.2171271540424,2073.4941352444694,2070.423254435812,2070.423254435812,131.0,25.0
2024-01-11 14:15:00,2070.423254435812,2071.79534254488,2066.9895467809492,2066.9895467809492,250.0,25.0
2024-01-11 14:30:00,2066.9895467809492,2068.503356873528,2066.677213727486,2068.3434624186193,110.0,25.0
2024-01-11 14:45:00,2068.3434624186193,2068.3434624186193,2067.1070808513423,2068.0395399122817,68.0,25.0
2024-01-11 15:00:00,2068.0395399122817,2070.7472161652836,2068.0395399122817,2069.5497746539045,382.0,25.0
2024-01-11 15:15:00,2069.5497746539045,2069.5497746539045,2068.653387448271,2069.4212647512254,482.0,25.0
2024-01-11 15:30:00,2069.4212647512254,2069.588943278847,2067.3505146577327,2068.6642649683768,265.0,25.0
2024-01-11 15:45:00,2068.6642649683768,2070.343991924974,2067.6058455154625,2068.9556020176947,350.0,25.0
2024-01-11 16:00:00,2068.9556020176947,2068.9556020176947,2066.576243364385,2068.328856866069,224.0,25.0
2024-01-11 16:15:00,2068.328856866069,2071.5163701736965,2068.328856866069,2070.4674774291457,488.0,25.0
2024-01-11 16:30:00,2070.4674774291457,2070.4674774291457,2067.860452488954,2069.411454311983,474.0,25.0
2024-01-11 16:45:00,2069.411454311983,2071.539690603043,2069.411454311983,2069.6818526674256,315.0,25.0
2024-01-11 17:00:00,2069.6818526674256,2069.6818526674256,2063.1200121636707,2063.4627038081394,434.0,25.0
2024-01-11 17:15:00,2063.4627038081394,2067.4247494230303,2063.4627038081394,2067.4247494230303,306.0,25.0
2024-01-11 17:30:00,2067.4247494230303,2067.458186438083,2065.3012198148676,2066.032584471235,168.0,25.0
2024-01-11 17:45:00,2066.032584471235,2066.866237883424,2064.0177951613887,2064.0177951613887,99.0,25.0
2024-01-11 18:00:00,2064.0177951613887,2064.0177951613887,2063.446960157263,2063.8778667661377,367.0,25.0
2024-01-11 18:15:00,2063.8778667661377,2063.8778667661377,2062.3642265460526,2062.3642265460526,284.0,25.0
2024-01-11 18:30:00,2062.3642265460526,2063.3352968562094,2061.411628629531,2061.411628629531,345.0,25.0
2024-01-11 18:45:00,2061.411628629531,2061.411628629531,2056.434358065143,2056.434358065143,423.0,25.0
2024-01-11 19:00:00,2056.434358065143,2057.9740669018233,2056.19937921087,2057.9740669018233,245.0,25.0
2024-01-11 19:15:00,2057.9740669018233,2057.9740669018233,2054.295439204864,2055.2552343371117,217.0,25.0
2024-01-11 19:30:00,2055.2552343371117,2055.7970663186193,2054.3623315652394,2055.7970663186193,155.0,25.0
2024-01-11 19:45:00,2055.7970663186193,2056.288564087541,2055.3126472719337,2056.0261263908606,144.0,25.0
2024-01-11 20:00:00,2056.0261263908606,2056.0261263908606,2053.6447774745106,2054.809962025717,202.0,25.0
2024-01-11 20:15:00,2054.809962025717,2055.5308836872673,2053.9983431639453,2054.2666804839564,476.0,25.0
2024-01-11 20:30:00,2054.2666804839564,2054.862835060975,2053.6735736810024,2053.6735736810024,321.0,25.0
2024-01-11 20:45:00,2053.6735736810024,2054.6794394463836,2050.9312624127406,2050.9312624127406,435.0,25.0
2024-01-11 21:00:00,2050.9312624127406,2051.77057390495,2050.9312624127406,2051.337095799968,388.0,25.0
2024-01-11 21:15:00,2051.337095799968,2054.1528737553444,2051.337095799968,2054.1528737553444,357.0,25.0
2024-01-11 21:30:00,2054.1528737553444,2056.0829145147486,2054.1528737553444,2055.7320428378594,336.0,25.0
2024-01-11 21:45:00,2055.7320428378594,2057.213922940358,2052.2725447025896,2052.2725447025896,72.0,25.0
2024-01-11 22:00:00,2052.2725447025896,2052.3638180177086,2050.244664917888,2052.3638180177086,300.0,25.0
2024-01-11 22:15:00,2052.3638180177086,2053.73147847222,2051.2794045121636,2052.8655909500544,413.0,25.0
2024-01-11 22:30:00,2052.8655909500544,2053.653537640215,2052.034513842844,2052.803229809948,103.0,25.0
2024-01-11 22:45:00,2052.803229809948,2055.5516848102334,2052.803229809948,2053.4100506361415,223.0,25.0
2024-01-11 23:00:00,2053.4100506361415,2053.5478066843166,2050.076138668798,2050.284216429235,302.0,25.0
2024-01-11 23:15:00,2050.284216429235,2052.634261376575,2050.0219652891346,2052.634261376575,116.0,25.0
2024-01-11 23:30:00,2052.634261376575,2054.530151381849,2051.4392507859056,2051.4392507859056,123.0,25.0
2024-01-11 23:45:00,2051.4392507859056,2051.4392507859056,2048.8198879625866,2048.8198879625866,308.0,25.0
2024-01-12 00:00:00,2048.8198879625866,2051.711652421891,2048.8198879625866,2049.7309136812137,457.0,25.0
2024-01-12 00:15:00,2049.7309136812137,2052.0649734431768,2049.7309136812137,2052.0649734431768,101.0,25.0
2024-01-12 00:30:00,2052.0649734431768,2052.0649734431768,2051.074959860416,2051.444718965686,133.0,25.0
2024-01-12 00:45:00,2051.444718965686,2052.841841289542,2051.444718965686,2051.9873693427444,253.0,25.0
2024-01-12 01:00:00,2051.9873693427444,2051.9873693427444,2049.386697164743,2049.386697164743,496.0,25.0
2024-01-12 01:15:00,2049.386697164743,2050.526382097913,2046.9086122326994,2047.243072459667,54.0,25.0
2024-01-12 01:30:00,2047.243072459667,2048.9861804824864,2045.5503008684918,2048.568176934256,248.0,25.0
2024-01-12 01:45:00,2048.568176934256,2053.00740567248,2048.568176934256,2053.00740567248,160.0,25.0
2024-01-12 02:00:00,2053.00740567248,2053.1346464263506,2051.4891664663364,2051.4891664663364,56.0,25.0
2024-01-12 02:15:00,2051.4891664663364,2057.5427003708205,2051.1453316699367,2057.5427003708205,103.0,25.0
2024-01-12 02:30:00,2057.5427003708205,2059.7185931714303,2057.5427003708205,2059.518783374358,314.0,25.0
2024-01-12 02:45:00,2059.518783374358,2059.518783374358,2056.776692190579,2057.855568271558,94.0,25.0
2024-01-12 03:00:00,2057.855568271558,2061.2772604965908,2057.855568271558,2061.1269898030023,455.0,25.0
2024-01-12 03:15:00,2061.1269898030023,2062.779889532279,2060.1559437203186,2062.779889532279,52.0,25.0
2024-01-12 03:30:00,2062.779889532279,2062.779889532279,2061.5519206618296,2062.0867228670377,107.0,25.0
2024-01-12 03:45:00,2062.0867228670377,2064.506475117318,2061.7539944041655,2064.506475117318,265.0,25.0
2024-01-12 04:00:00,2064.506475117318,2066.535817451662,2064.4591080735804,2066.5270942628345,329.0,25.0
2024-01-12 04:15:00,2066.5270942628345,2066.622307970659,2066.142812443955,2066.2364432286327,397.0,25.0
2024-01-12 04:30:00,2066.2364432286327,2066.2364432286327,2061.5967312676703,2061.5967312676703,60.0,25.0
2024-01-12 04:45:00,2061.5967312676703,2062.6734839060205,2060.791612925092,2060.945076994223,108.0,25.0
2024-01-12 05:00:00,2060.945076994223,2062.683288525222,2060.8732892667304,2061.7800979448602,397.0,25.0
2024-01-12 05:15:00,2061.7800979448602,2062.7575783955185,2061.607454976859,2061.607454976859,222.0,25.0
2024-01-12 05:30:00,2061.607454976859,2063.9746958758287,2061.607454976859,2063.9746958758287,314.0,25.0
2024-01-12 05:45:00,2063.9746958758287,2065.5432343123216,2060.042494866633,2060.042494866633,290.0,25.0
2024-01-12 06:00:00,2060.042494866633,2063.1727998714823,2060.042494866633,2063.1727998714823,59.0,25.0
2024-01-12 06:15:00,2063.1727998714823,2063.1727998714823,2061.1598273499326,2062.7485098431594,355.0,25.0
2024-01-12 06:30:00,2062.7485098431594,2063.026213404787,2061.826772999011,2062.3200393821817,95.0,25.0
2024-01-12 06:45:00,2062.3200393821817,2065.6678632464864,2062.3200393821817,2062.720474727681,94.0,25.0
2024-01-12 07:00:00,2062.720474727681,2062.720474727681,2060.709431881112,2062.1572810872976,483.0,25.0
2024-01-12 07:15:00,2062.1572810872976,2062.282297110144,2059.576159333646,2062.282297110144,126.0,25.0
2024-01-12 07:30:00,2062.282297110144,2062.282297110144,2060.238054661625,2061.1225570573615,243.0,25.0
2024-01-12 07:45:00,2061.1225570573615,2061.2000588952433,2060.012380364723,2061.0805568912897,123.0,25.0
2024-01-12 08:00:00,2061.0805568912897,2062.322745036658,2060.8775090517397,2061.70697779514,130.0,25.0
2024-01-12 08:15:00,2061.70697779514,2063.280705039032,2060.8278210927474,2063.280705039032,375.0,25.0
2024-01-12 08:30:00,2063.280705039032,2065.529050040072,2063.280705039032,2064.7678815132003,390.0,25.0
2024-01-12 08:45:00,2064.7678815132003,2064.7678815132003,2063.0019942378085,2063.5472094709066,468.0,25.0
2024-01-12 09:00:00,2063.5472094709066,2066.21868943135,2061.715942782778,2066.21868943135,86.0,25.0
2024-01-12 09:15:00,2066.21868943135,2069.9171091214807,2066.21868943135,2068.206848789444,429.0,25.0
2024-01-12 09:30:00,2068.206848789444,2070.68286853226,2068.206848789444,2068.540921521943,441.0,25.0
2024-01-12 09:45:00,2068.540921521943,2068.540921521943,2064.7235062147342,2065.894409597945,401.0,25.0
2024-01-12 10:00:00,2065.894409597945,2067.2990459312937,2065.162651623673,2065.162651623673,223.0,25.0
2024-01-12 10:15:00,2065.162651623673,2065.162651623673,2062.476413045576,2062.476413045576,440.0,25.0
2024-01-12 10:30:00,2062.476413045576,2062.928117102795,2060.35319588538,2060.35319588538,159.0,25.0
2024-01-12 10:45:00,2060.35319588538,2060.35319588538,2057.738621223818,2057.880748731904,54.0,25.0
2024-01-12 11:00:00,2057.880748731904,2057.880748731904,2054.651848266086,2054.651848266086,57.0,25.0
2024-01-12 11:15:00,2054.651848266086,2054.651848266086,2052.315470052293,2054.387211454315,239.0,25.0
2024-01-12 11:30:00,2054.387211454315,2054.387211454315,2049.2380624720936,2049.2380624720936,141.0,25.0
2024-01-12 11:45:00,2049.2380624720936,2050.6654173260576,2048.8520344105555,2048.9879764885272,76.0,25.0
2024-01-12 12:00:00,2048.9879764885272,2050.1012789516635,2048.4055829636027,2048.4055829636027,275.0,25.0
2024-01-12 12:15:00,2048.4055829636027,2048.8776848538378,2045.9712718095604,2046.5705520007966,321.0,25.0
2024-01-12 12:30:00,2046.5705520007966,2052.1390671629983,2045.67922342656,2052.1390671629983,124.0,25.0
2024-01-12 12:45:00,2052.1390671629983,2052.1390671629983,2049.885842246683,2051.3233825126954,487.0,25.0
2024-01-12 13:00:00,2051.3233825126954,2054.311013383664,2051.156778081664,2054.311013383664,236.0,25.0
2024-01-12 13:15:00,2054.311013383664,2059.1901537665067,2054.311013383664,2059.1901537665067,301.0,25.0
2024-01-12 13:30:00,2059.1901537665067,2059.1901537665067,2056.002227352009,2056.002227352009,107.0,25.0
2024-01-12 13:45:00,2056.002227352009,2058.165227307287,2055.3286903522167,2058.165227307287,459.0,25.0
2024-01-12 14:00:00,2058.165227307287,2058.635232682471,2057.1500865502917,2058.2467682054257,361.0,25.0
2024-01-12 14:15:00,2058.2467682054257,2058.2467682054257,2056.3102261163303,2056.522941772536,87.0,25.0
2024-01-12 14:30:00,2056.522941772536,2056.522941772536,2054.2689427643813,2054.3749035055835,401.0,25.0
2024-01-12 14:45:00,2054.3749035055835,2057.2056982867293,2054.3749035055835,2057.2056982867293,488.0,25.0
2024-01-12 15:00:00,2057.2056982867293,2057.2056982867293,2054.488593060438,2055.475882298909,190.0,25.0
2024-01-12 15:15:00,2055.475882298909,2056.162401446845,2053.743402771536,2053.743402771536,71.0,25.0
2024-01-12 15:30:00,2053.743402771536,2055.2976552577916,2053.743402771536,2053.744472275675,154.0,25.0
2024-01-12 15:45:00,2053.744472275675,2055.297086157535,2053.1541193306107,2055.297086157535,412.0,25.0
2024-01-12 16:00:00,2055.297086157535,2057.2207135351114,2055.0738619329845,2056.5488585613434,247.0,25.0
2024-01-12 16:15:00,2056.5488585613434,2057.4264452946945,2055.3164977143683,2056.7390571244237,243.0,25.0
2024-01-12 16:30:00,2056.7390571244237,2058.328504976583,2055.2169048139726,2055.2169048139726,476.0,25.0
2024-01-12 16:45:00,2055.2169048139726,2055.2169048139726,2053.5161732616925,2054.5810283293977,454.0,25.0
2024-01-12 17:00:00,2054.5810283293977,2056.1236323500093,2054.030928301424,2056.1236323500093,162.0,25.0
2024-01-12 17:15:00,2056.1236323500093,2056.1236323500093,2054.2577364046656,2054.74602778674,289.0,25.0
2024-01-12 17:30:00,2054.74602778674,2056.5362595793763,2054.2626111760583,2056.1890338932208,124.0,25.0
2024-01-12 17:45:00,2056.1890338932208,2056.764454086043,2054.2495779382534,2054.4964459390476,457.0,25.0
2024-01-12 18:00:00,2054.4964459390476,2057.562273845808,2053.4687175146646,2057.1157496371816,68.0,25.0
2024-01-12 18:15:00,2057.1157496371816,2057.6944035591728,2055.338414194711,2055.9786022363364,333.0,25.0
2024-01-12 18:30:00,2055.9786022363364,2057.3344662435225,2055.0757177793967,2057.3344662435225,371.0,25.0
2024-01-12 18:45:00,2057.3344662435225,2057.3344662435225,2054.6144297977075,2054.6144297977075,493.0,25.0
2024-01-12 19:00:00,2054.6144297977075,2056.014512067229,2053.600854975948,2053.600854975948,173.0,25.0
2024-01-12 19:15:00,2053.600854975948,2055.8077159475115,2053.0115227103934,2055.8077159475115,411.0,25.0
2024-01-12 19:30:00,2055.8077159475115,2055.8077159475115,2053.151848780255,2054.3241011106697,82.0,25.0
2024-01-12 19:45:00,2054.3241011106697,2055.3307942604374,2052.6543342654345,2052.6543342654345,215.0,25.0
2024-01-12 20:00:00,2052.6543342654345,2054.383121143769,2052.212637451724,2052.212637451724,95.0,25.0
2024-01-12 20:15:00,2052.212637451724,2052.212637451724,2050.763130417565,2050.763130417565,260.0,25.0
2024-01-12 20:30:00,2050.763130417565,2051.915266780561,2049.292801764784,2051.915266780561,431.0,25.0
2024-01-12 20:45:00,2051.915266780561,2052.90315530681,2051.188069553867,2052.90315530681,127.0,25.0
2024-01-12 21:00:00,2052.90315530681,2054.215901425523,2051.9155293128856,2054.215901425523,116.0,25.0
2024-01-12 21:15:00,2054.215901425523,2057.9338805692882,2054.215901425523,2057.9338805692882,233.0,25.0
2024-01-12 21:30:00,2057.9338805692882,2057.9338805692882,2056.9795441279553,2057.776890776153,83.0,25.0
2024-01-12 21:45:00,2057.776890776153,2058.0634574326236,2056.490601852492,2058.0634574326236,364.0,25.0
2024-01-12 22:00:00,2058.0634574326236,2059.046140477478,2057.4953628152357,2057.4953628152357,406.0,25.0
2024-01-12 22:15:00,2057.4953628152357,2057.4953628152357,2054.313380870795,2054.313380870795,126.0,25.0
2024-01-12 22:30:00,2054.313380870795,2054.324831455165,2052.895748502682,2054.0349885250776,182.0,25.0
2024-01-12 22:45:00,2054.0349885250776,2054.1101340944106,2052.004969364327,2052.004969364327,51.0,25.0
2024-01-12 23:00:00,2052.004969364327,2055.3638621515406,2052.004969364327,2053.6857902143174,393.0,25.0
2024-01-12 23:15:00,2053.6857902143174,2053.6857902143174,2051.6390426290804,2051.64590749096,185.0,25.0
2024-01-12 23:30:00,2051.64590749096,2054.231091901891,2050.157134891188,2053.824262270148,461.0,25.0
2024-01-12 23:45:00,2053.824262270148,2057.3849060012076,2053.824262270148,2057.11537032697,315.0,25.0
2024-01-15 00:00:00,2057.11537032697,2058.8722436547996,2054.2540854914914,2054.2540854914914,391.0,25.0
2024-01-15 00:15:00,2054.2540854914914,2055.077010384699,2053.7417397860686,2055.077010384699,282.0,25.0
2024-01-15 00:30:00,2055.077010384699,2056.2916319195297,2054.0440245176746,2055.5547971679566,328.0,25.0
2024-01-15 00:45:00,2055.5547971679566,2057.203947843215,2054.861994021112,2057.203947843215,336.0,25.0
2024-01-15 01:00:00,2057.203947843215,2057.203947843215,2055.149824462463,2056.001379931502,347.0,25.0
2024-01-15 01:15:00,2056.001379931502,2057.022842467594,2055.1630291890924,2055.388266166759,97.0,25.0
2024-01-15 01:30:00,2055.388266166759,2060.449723027575,2055.388266166759,2060.449723027575,456.0,25.0
2024-01-15 01:45:00,2060.449723027575,2060.716034128438,2059.2159140940166,2059.3276877551702,199.0,25.0
2024-01-15 02:00:00,2059.3276877551702,2062.340385180519,2059.3276877551702,2062.340385180519,420.0,25.0
2024-01-15 02:15:00,2062.340385180519,2064.4928055337805,2062.340385180519,2063.410121406369,444.0,25.0
2024-01-15 02:30:00,2063.410121406369,2063.5132549330838,2059.609755605066,2059.609755605066,194.0,25.0
2024-01-15 02:45:00,2059.609755605066,2061.178737859824,2059.609755605066,2061.178737859824,58.0,25.0
2024-01-15 03:00:00,2061.178737859824,2061.178737859824,2059.1193141303556,2060.729230868136,179.0,25.0
2024-01-15 03:15:00,2060.729230868136,2060.729230868136,2057.989133252374,2058.215793708716,407.0,25.0
2024-01-15 03:30:00,2058.215793708716,2059.2262721661787,2056.3637011504893,2057.5426328070507,91.0,25.0
2024-01-15 03:45:00,2057.5426328070507,2061.2897801688437,2057.5426328070507,2059.708093444694,267.0,25.0
2024-01-15 04:00:00,2059.708093444694,2060.839236663219,2059.238474072147,2060.272911765106,403.0,25.0
2024-01-15 04:15:00,2060.272911765106,2061.476507294634,2057.7283469652116,2059.351534001571,430.0,25.0
2024-01-15 04:30:00,2059.351534001571,2060.760103843692,2058.4301453906983,2060.760103843692,157.0,25.0
2024-01-15 04:45:00,2060.760103843692,2062.681347655565,2058.8200966124177,2062.3848111114207,53.0,25.0
2024-01-15 05:00:00,2062.3848111114207,2062.498477467126,2060.9429144224687,2061.6831652231053,175.0,25.0
2024-01-15 05:15:00,2061.6831652231053,2062.2459152586707,2058.5013428052353,2058.5013428052353,242.0,25.0
2024-01-15 05:30:00,2058.5013428052353,2059.7121454562425,2055.7488788710684,2055.7488788710684,262.0,25.0
2024-01-15 05:45:00,2055.7488788710684,2058.377154751802,2055.7488788710684,2058.377154751802,224.0,25.0
2024-01-15 06:00:00,2058.377154751802,2058.377154751802,2055.5395240091752,2057.3865951694474,475.0,25.0
2024-01-15 06:15:00,2057.3865951694474,2057.440761250026,2055.116237092675,2055.153340167611,384.0,25.0
2024-01-15 06:30:00,2055.153340167611,2056.4548005726847,2052.968978331495,2052.968978331495,166.0,25.0
2024-01-15 06:45:00,2052.968978331495,2054.5667799607745,2052.0823325983956,2054.5667799607745,91.0,25.0
2024-01-15 07:00:00,2054.5667799607745,2055.2262450446874,2054.3561349434617,2055.0226347070397,368.0,25.0
2024-01-15 07:15:00,2055.0226347070397,2057.373221502411,2055.0226347070397,2055.3539644649168,100.0,25.0
2024-01-15 07:30:00,2055.3539644649168,2057.3844120592603,2054.8229388467103,2054.8229388467103,114.0,25.0
2024-01-15 07:45:00,2054.8229388467103,2057.6979033521443,2054.8229388467103,2055.974842083934,151.0,25.0
2024-01-15 08:00:00,2055.974842083934,2056.1174544495666,2054.94852997084,2055.3082341331337,263.0,25.0
2024-01-15 08:15:00,2055.3082341331337,2055.3082341331337,2052.7143761522548,2054.146229553134,261.0,25.0
2024-01-15 08:30:00,2054.146229553134,2055.5197445082686,2053.6892460204067,2055.5197445082686,93.0,25.0
2024-01-15 08:45:00,2055.5197445082686,2055.5197445082686,2053.4242487529636,2054.709626908587,384.0,25.0
2024-01-15 09:00:00,2054.709626908587,2057.082187507063,2054.527823755413,2055.979746431174,355.0,25.0
2024-01-15 09:15:00,2055.979746431174,2058.1397433372254,2055.979746431174,2058.1397433372254,421.0,25.0
2024-01-15 09:30:00,2058.1397433372254,2058.1397433372254,2055.8203032213323,2057.0734378466886,370.0,25.0
2024-01-15 09:45:00,2057.0734378466886,2057.6550696879053,2055.9067614061123,2055.9067614061123,353.0,25.0
2024-01-15 10:00:00,2055.9067614061123,2058.4506293017876,2055.9067614061123,2058.4506293017876,412.0,25.0
2024-01-15 10:15:00,2058.4506293017876,2059.0134799955595,2057.85521428941,2058.569279687408,81.0,25.0
2024-01-15 10:30:00,2058.569279687408,2060.7697132003796,2058.569279687408,2059.963227627701,396.0,25.0
2024-01-15 10:45:00,2059.963227627701,2061.3083023980953,2058.7324637959073,2058.7324637959073,90.0,25.0
2024-01-15 11:00:00,2058.7324637959073,2058.7324637959073,2056.7767802962135,2058.069604382159,359.0,25.0
2024-01-15 11:15:00,2058.069604382159,2058.069604382159,2055.634175251475,2056.591506518284,117.0,25.0
2024-01-15 11:30:00,2056.591506518284,2057.2424699141416,2054.576611171121,2054.576611171121,365.0,25.0
2024-01-15 11:45:00,2054.576611171121,2055.277120569166,2050.9820473121836,2055.277120569166,96.0,25.0
2024-01-15 12:00:00,2055.277120569166,2057.252223097135,2054.93959385769,2055.471841908095,383.0,25.0
2024-01-15 12:15:00,2055.471841908095,2056.480222682343,2054.6736327500266,2054.6736327500266,141.0,25.0
2024-01-15 12:30:00,2054.6736327500266,2056.3908240986493,2054.361598888351,2056.3908240986493,369.0,25.0
2024-01-15 12:45:00,2056.3908240986493,2059.9831459885586,2056.3908240986493,2059.9831459885586,338.0,25.0
2024-01-15 13:00:00,2059.9831459885586,2060.6019046460597,2058.2059154947506,2060.6019046460597,255.0,25.0
2024-01-15 13:15:00,2060.6019046460597,2060.9018744041723,2057.734084495976,2058.550865961306,320.0,25.0
2024-01-15 13:30:00,2058.550865961306,2060.476624052847,2058.351376575708,2060.190905869255,405.0,25.0
2024-01-15 13:45:00,2060.190905869255,2062.9800824860076,2060.190905869255,2062.053712876094,415.0,25.0
2024-01-15 14:00:00,2062.053712876094,2062.88707450244,2061.295013085791,2062.88707450244,416.0,25.0
2024-01-15 14:15:00,2062.88707450244,2065.487936680889,2062.88707450244,2065.1988972950735,148.0,25.0
2024-01-15 14:30:00,2065.1988972950735,2067.329146761037,2064.700869848517,2065.0141023002475,165.0,25.0
2024-01-15 14:45:00,2065.0141023002475,2065.0141023002475,2061.375551346409,2061.375551346409,86.0,25.0
2024-01-15 15:00:00,2061.375551346409,2063.5119850572914,2060.291454192055,2060.48562510709,120.0,25.0
2024-01-15 15:15:00,2060.48562510709,2060.6397116124826,2058.720189010222,2059.0722135945484,397.0,25.0
2024-01-15 15:30:00,2059.0722135945484,2061.8539251036996,2059.0722135945484,2059.3437804644586,112.0,25.0
2024-01-15 15:45:00,2059.3437804644586,2060.1709403356103,2057.7763034156856,2060.1709403356103,436.0,25.0
2024-01-15 16:00:00,2060.1709403356103,2060.2542770025925,2057.800814380954,2057.800814380954,485.0,25.0
2024-01-15 16:15:00,2057.800814380954,2057.800814380954,2053.6706924275672,2055.0527113897224,121.0,25.0
2024-01-15 16:30:00,2055.0527113897224,2058.9996469310663,2055.0527113897224,2055.552442208514,223.0,25.0
2024-01-15 16:45:00,2055.552442208514,2056.3851525217383,2054.515688859618,2056.3851525217383,312.0,25.0
2024-01-15 17:00:00,2056.3851525217383,2056.3851525217383,2054.5443156659635,2055.37008500968,185.0,25.0
2024-01-15 17:15:00,2055.37008500968,2055.6294601481513,2052.702625369143,2052.702625369143,413.0,25.0
2024-01-15 17:30:00,2052.702625369143,2054.6014284554094,2052.702625369143,2054.6014284554094,447.0,25.0
2024-01-15 17:45:00,2054.6014284554094,2054.6014284554094,2050.342619421272,2050.342619421272,300.0,25.0
2024-01-15 18:00:00,2050.342619421272,2050.9150278124216,2049.7375640352293,2050.9150278124216,417.0,25.0
2024-01-15 18:15:00,2050.9150278124216,2053.928734513122,2050.9150278124216,2053.6875866839396,188.0,25.0
2024-01-15 18:30:00,2053.6875866839396,2057.6675695757185,2053.6875866839396,2057.6675695757185,310.0,25.0
2024-01-15 18:45:00,2057.6675695757185,2059.5718721177186,2057.6675695757185,2058.3835159561004,128.0,25.0
2024-01-15 19:00:00,2058.3835159561004,2060.895122874187,2056.0719807552514,2056.0719807552514,79.0,25.0
2024-01-15 19:15:00,2056.0719807552514,2056.5569702455064,2054.683029058035,2054.683029058035,203.0,25.0
2024-01-15 19:30:00,2054.683029058035,2054.683029058035,2052.5401904209016,2052.5401904209016,383.0,25.0
2024-01-15 19:45:00,2052.5401904209016,2054.1175123522535,2052.176512443966,2053.854198775994,375.0,25.0
2024-01-15 20:00:00,2053.854198775994,2055.266205314253,2053.835783210995,2053.948740851242,139.0,25.0
2024-01-15 20:15:00,2053.948740851242,2058.2683038455107,2053.948740851242,2058.2683038455107,392.0,25.0
2024-01-15 20:30:00,2058.2683038455107,2058.2683038455107,2054.4384961230317,2055.9801252050283,52.0,25.0
2024-01-15 20:45:00,2055.9801252050283,2057.611628515921,2054.352712625174,2055.7553309390364,159.0,25.0
2024-01-15 21:00:00,2055.7553309390364,2057.181216046686,2055.652089673715,2055.652089673715,252.0,25.0
2024-01-15 21:15:00,2055.652089673715,2056.2745144947403,2053.3494360787636,2053.3494360787636,86.0,25.0
2024-01-15 21:30:00,2053.3494360787636,2054.138164429129,2052.9670088842913,2053.7775201719237,86.0,25.0
2024-01-15 21:45:00,2053.7775201719237,2053.7775201719237,2050.446491994384,2050.4909288125623,135.0,25.0
2024-01-15 22:00:00,2050.4909288125623,2051.4211192849534,2049.8853388729362,2049.8853388729362,212.0,25.0
2024-01-15 22:15:00,2049.8853388729362,2049.8853388729362,2044.577902485107,2045.9599333158694,251.0,25.0
2024-01-15 22:30:00,2045.9599333158694,2050.0566928175654,2045.9599333158694,2050.0566928175654,487.0,25.0
2024-01-15 22:45:00,2050.0566928175654,2051.6466482764317,2049.9143704284415,2051.006007578767,122.0,25.0
2024-01-15 23:00:00,2051.006007578767,2052.472125785313,2049.7584781455103,2052.472125785313,207.0,25.0
2024-01-15 23:15:00,2052.472125785313,2053.560529599738,2052.142386170826,2052.8169877562327,460.0,25.0
2024-01-15 23:30:00,2052.8169877562327,2052.8169877562327,2049.184014189832,2049.184014189832,426.0,25.0
2024-01-15 23:45:00,2049.184014189832,2049.820743873013,2048.0697232083767,2049.739737156896,405.0,25.0
2024-01-16 00:00:00,2049.739737156896,2049.739737156896,2046.8344833257875,2046.8344833257875,82.0,25.0
2024-01-16 00:15:00,2046.8344833257875,2047.7359729859584,2045.8068218051949,2047.7359729859584,366.0,25.0
2024-01-16 00:30:00,2047.7359729859584,2047.7359729859584,2043.854061449569,2043.854061449569,284.0,25.0
2024-01-16 00:45:00,2043.854061449569,2043.854061449569,2041.194644609159,2041.4680500766483,365.0,25.0
2024-01-16 01:00:00,2041.4680500766483,2041.832735813975,2040.4768488688264,2040.545453681114,103.0,25.0
2024-01-16 01:15:00,2040.545453681114,2042.4444521149355,2040.300305632096,2040.300305632096,247.0,25.0
2024-01-16 01:30:00,2040.300305632096,2041.5179580907832,2040.300305632096,2041.287972622751,154.0,25.0
2024-01-16 01:45:00,2041.287972622751,2045.0627177925999,2041.287972622751,2042.9008764804348,441.0,25.0
2024-01-16 02:00:00,2042.9008764804348,2042.9008764804348,2040.0844983528773,2040.1832446659437,386.0,25.0
2024-01-16 02:15:00,2040.1832446659437,2040.9792486862063,2039.3684414669074,2039.3684414669074,184.0,25.0
2024-01-16 02:30:00,2039.3684414669074,2043.4658109369745,2039.1998885845026,2043.4658109369745,262.0,25.0
2024-01-16 02:45:00,2043.4658109369745,2043.4954803100115,2041.0542117978712,2042.2217721554493,171.0,25.0
2024-01-16 03:00:00,2042.2217721554493,2042.2217721554493,2038.558422883927,2039.7326652877819,209.0,25.0
2024-01-16 03:15:00,2039.7326652877819,2043.3220938045372,2039.7326652877819,2042.310425057422,281.0,25.0
2024-01-16 03:30:00,2042.310425057422,2043.8139735682844,2042.310425057422,2042.5835667758392,118.0,25.0
2024-01-16 03:45:00,2042.5835667758392,2044.6885020260343,2042.2357883366506,2044.6885020260343,415.0,25.0
2024-01-16 04:00:00,2044.6885020260343,2046.4771701195548,2043.0490501827296,2043.0490501827296,385.0,25.0
2024-01-16 04:15:00,2043.0490501827296,2045.4902876043677,2042.203616161206,2042.203616161206,226.0,25.0
2024-01-16 04:30:00,2042.203616161206,2043.723004105914,2042.203616161206,2042.4490616838827,346.0,25.0
2024-01-16 04:45:00,2042.4490616838827,2043.733493431707,2040.4084546222334,2040.4084546222334,297.0,25.0
2024-01-16 05:00:00,2040.4084546222334,2042.4907434030488,2040.2415922417988,2040.2415922417988,285.0,25.0
2024-01-16 05:15:00,2040.2415922417988,2040.2415922417988,2035.815375970418,2035.815375970418,346.0,25.0
2024-01-16 05:30:00,2035.815375970418,2035.815375970418,2033.3964357047396,2033.3964357047396,75.0,25.0
2024-01-16 05:45:00,2033.3964357047396,2035.43160331144,2033.3964357047396,2034.8600738482655,87.0,25.0
2024-01-16 06:00:00,2034.8600738482655,2035.6135034121323,2032.3693843368167,2034.1622804181177,324.0,25.0
2024-01-16 06:15:00,2034.1622804181177,2036.9792333083735,2034.1622804181177,2035.4780893689629,76.0,25.0
2024-01-16 06:30:00,2035.4780893689629,2037.2518375985885,2034.8824599040881,2035.9071133979385,428.0,25.0
2024-01-16 06:45:00,2035.9071133979385,2037.1212952608348,2034.5558551586576,2036.0287959311113,437.0,25.0
2024-01-16 07:00:00,2036.0287959311113,2036.4077853113563,2034.6138044624101,2034.6138044624101,96.0,25.0
2024-01-16 07:15:00,2034.6138044624101,2039.1915218826036,2034.6138044624101,2038.040055419797,313.0,25.0
2024-01-16 07:30:00,2038.040055419797,2038.6871963513302,2034.8009874400907,2034.8009874400907,125.0,25.0
2024-01-16 07:45:00,2034.8009874400907,2036.0915033892363,2033.43966457737,2036.0915033892363,117.0,25.0
2024-01-16 08:00:00,2036.0915033892363,2037.5307977182588,2035.8539710987152,2035.8539710987152,403.0,25.0
2024-01-16 08:15:00,2035.8539710987152,2038.0525541833133,2034.0376432868036,2038.0525541833133,307.0,25.0
2024-01-16 08:30:00,2038.0525541833133,2040.5760223168477,2038.0525541833133,2040.0693200168564,214.0,25.0
2024-01-16 08:45:00,2040.0693200168564,2041.9172053204265,2039.8168429843863,2039.8168429843863,61.0,25.0
2024-01-16 09:00:00,2039.8168429843863,2040.5932664920383,2039.0154071330264,2040.2530994413491,158.0,25.0
2024-01-16 09:15:00,2040.2530994413491,2040.4699157565456,2037.90434616974,2037.90434616974,358.0,25.0
2024-01-16 09:30:00,2037.90434616974,2038.1016979794335,2034.1647304975013,2034.1647304975013,114.0,25.0
2024-01-16 09:45:00,2034.1647304975013,2035.7566687179594,2031.3632959821537,2035.7566687179594,367.0,25.0
2024-01-16 10:00:00,2035.7566687179594,2037.4117579600263,2034.5209796945248,2034.5209796945248,153.0,25.0
2024-01-16 10:15:00,2034.5209796945248,2037.6141138999733,2034.1776450663756,2037.6141138999733,227.0,25.0
2024-01-16 10:30:00,2037.6141138999733,2037.8631508982303,2036.0796484455898,2036.0796484455898,90.0,25.0
2024-01-16 10:45:00,2036.0796484455898,2036.1876659606828,2032.649357448153,2032.649357448153,107.0,25.0
2024-01-16 11:00:00,2032.649357448153,2032.649357448153,2026.5309851624822,2027.5176212480098,406.0,25.0
2024-01-16 11:15:00,2027.5176212480098,2027.5176212480098,2023.773469198712,2023.773469198712,331.0,25.0
2024-01-16 11:30:00,2023.773469198712,2029.2408355800583,2023.773469198712,2028.8468282438412,371.0,25.0
2024-01-16 11:45:00,2028.8468282438412,2028.8468282438412,2027.2010705810849,2027.2010705810849,464.0,25.0
2024-01-16 12:00:00,2027.2010705810849,2027.403341251359,2025.9048156318463,2027.403341251359,282.0,25.0
2024-01-16 12:15:00,2027.403341251359,2027.403341251359,2025.393970841358,2026.1465578133332,454.0,25.0
2024-01-16 12:30:00,2026.1465578133332,2026.5170976416716,2022.9632322065008,2024.1449313651954,72.0,25.0
2024-01-16 12:45:00,2024.1449313651954,2024.1449313651954,2020.459169592416,2020.459169592416,191.0,25.0
2024-01-16 13:00:00,2020.459169592416,2021.5584001020798,2020.0473981973469,2021.5584001020798,142.0,25.0
2024-01-16 13:15:00,2021.5584001020798,2025.8679128546707,2021.0648562319097,2025.1499892380302,238.0,25.0
2024-01-16 13:30:00,2025.1499892380302,2025.6641293937485,2024.1359907801682,2024.1873193650426,262.0,25.0
2024-01-16 13:45:00,2024.1873193650426,2024.3612634292913,2020.982444922491,2020.982444922491,425.0,25.0
2024-01-16 14:00:00,2020.982444922491,2023.3771514571745,2020.2581871138618,2023.3771514571745,450.0,25.0
2024-01-16 14:15:00,2023.3771514571745,2027.0710650307783,2023.3261742305217,2027.0710650307783,266.0,25.0
2024-01-16 14:30:00,2027.0710650307783,2027.7539842412054,2024.595648109346,2024.595648109346,329.0,25.0
2024-01-16 14:45:00,2024.595648109346,2026.100272354029,2024.3166197591163,2024.3166197591163,105.0,25.0
2024-01-16 15:00:00,2024.3166197591163,2027.753202284258,2024.3166197591163,2024.8563219368455,440.0,25.0
2024-01-16 15:15:00,2024.8563219368455,2025.225074791197,2021.6853967906866,2022.9947882490103,105.0,25.0
2024-01-16 15:30:00,2022.9947882490103,2023.519698668188,2021.6629837453677,2022.4977871743474,59.0,25.0
2024-01-16 15:45:00,2022.4977871743474,2023.6095408738327,2022.3276681851903,2022.992383860011,160.0,25.0
2024-01-16 16:00:00,2022.992383860011,2024.464169229464,2022.5923792027975,2022.9497224821362,412.0,25.0
2024-01-16 16:15:00,2022.9497224821362,2022.9497224821362,2019.6476479822966,2021.0527590128843,143.0,25.0
2024-01-16 16:30:00,2021.0527590128843,2022.9120416610538,2021.0527590128843,2022.5672133186943,83.0,25.0
2024-01-16 16:45:00,2022.5672133186943,2024.8947999866925,2022.5672133186943,2024.3583774268877,431.0,25.0
2024-01-16 17:00:00,2024.3583774268877,2025.3965202979432,2023.1976949908412,2023.1976949908412,340.0,25.0
2024-01-16 17:15:00,2023.1976949908412,2023.71598040521,2020.4922110396585,2020.4922110396585,282.0,25.0
2024-01-16 17:30:00,2020.4922110396585,2020.4922110396585,2019.0598366554468,2019.6878545225331,268.0,25.0
2024-01-16 17:45:00,2019.6878545225331,2022.9118377055486,2019.6878545225331,2022.0830225064415,65.0,25.0
2024-01-16 18:00:00,2022.0830225064415,2024.6727221227113,2021.0690067101627,2023.2275444169777,340.0,25.0
2024-01-16 18:15:00,2023.2275444169777,2027.7721513080219,2023.2275444169777,2027.7721513080219,288.0,25.0
2024-01-16 18:30:00,2027.7721513080219,2028.8564508593918,2027.5255292747497,2028.6569012233251,51.0,25.0
2024-01-16 18:45:00,2028.6569012233251,2028.6569012233251,2026.7741994477415,2027.5303260572616,231.0,25.0
2024-01-16 19:00:00,2027.5303260572616,2030.1582568750184,2027.5303260572616,2029.866767099263,424.0,25.0
2024-01-16 19:15:00,2029.866767099263,2031.4068953099404,2029.351948792786,2030.2070103636108,184.0,25.0
2024-01-16 19:30:00,2030.2070103636108,2032.9045410275385,2030.2070103636108,2032.9045410275385,136.0,25.0
2024-01-16 19:45:00,2032.9045410275385,2034.5469143006287,2031.7799819153308,2034.5469143006287,188.0,25.0
2024-01-16 20:00:00,2034.5469143006287,2035.41734563595,2033.5105167389904,2035.41734563595,164.0,25.0
2024-01-16 20:15:00,2035.41734563595,2035.41734563595,2033.2101859095235,2033.2101859095235,440.0,25.0
2024-01-16 20:30:00,2033.2101859095235,2033.3004586253278,2030.5039217838996,2033.3004586253278,57.0,25.0
2024-01-16 20:45:00,2033.3004586253278,2033.3004586253278,2031.7623316798838,2031.9683721417387,354.0,25.0
2024-01-16 21:00:00,2031.9683721417387,2032.1862982047471,2029.1010045566536,2029.2227478877012,256.0,25.0
2024-01-16 21:15:00,2029.2227478877012,2029.9332556836102,2028.8752102615213,2028.953632008797,102.0,25.0
2024-01-16 21:30:00,2028.953632008797,2029.2431399436718,2027.729367935363,2029.2127954503082,171.0,25.0
2024-01-16 21:45:00,2029.2127954503082,2031.696363067948,2029.2127954503082,2031.696363067948,463.0,25.0
2024-01-16 22:00:00,2031.696363067948,2033.8112850310513,2031.2516675900606,2031.2516675900606,314.0,25.0
2024-01-16 22:15:00,2031.2516675900606,2031.750297106196,2030.0937166505933,2030.4783077836053,394.0,25.0
2024-01-16 22:30:00,2030.4783077836053,2031.7289324750782,2028.938644804807,2028.938644804807,269.0,25.0
2024-01-16 22:45:00,2028.938644804807,2031.9919573453658,2028.938644804807,2030.4277405190792,107.0,25.0
2024-01-16 23:00:00,2030.4277405190792,2032.2771441198508,2030.4277405190792,2031.8603937512196,472.0,25.0
2024-01-16 23:15:00,2031.8603937512196,2031.8603937512196,2030.704845853315,2030.8520702762553,163.0,25.0
2024-01-16 23:30:00,2030.8520702762553,2034.3970108742474,2030.8520702762553,2034.2923419251317,118.0,25.0
2024-01-16 23:45:00,2034.2923419251317,2036.9581300411294,2034.2923419251317,2036.8158025272016,247.0,25.0
2024-01-17 00:00:00,2036.8158025272016,2036.8158025272016,2033.8186252759647,2033.8186252759647,283.0,25.0
2024-01-17 00:15:00,2033.8186252759647,2034.5340007830368,2031.3422114657776,2031.3422114657776,329.0,25.0
2024-01-17 00:30:00,2031.3422114657776,2032.1664871170556,2030.8899232880422,2031.4692175101695,195.0,25.0
2024-01-17 00:45:00,2031.4692175101695,2031.4692175101695,2029.5079990193829,2031.2492847490164,214.0,25.0
2024-01-17 01:00:00,2031.2492847490164,2031.2492847490164,2027.8088681392503,2027.8088681392503,175.0,25.0
2024-01-17 01:15:00,2027.8088681392503,2029.8465328896232,2027.744464268555,2029.0606759066238,144.0,25.0
2024-01-17 01:30:00,2029.0606759066238,2031.231754747161,2029.0606759066238,2030.0695103576193,439.0,25.0
2024-01-17 01:45:00,2030.0695103576193,2031.6016121998646,2029.7617012597038,2029.790504205551,221.0,25.0
2024-01-17 02:00:00,2029.790504205551,2030.4458130615503,2028.0836976580981,2028.4925934397313,211.0,25.0
2024-01-17 02:15:00,2028.4925934397313,2028.6928928289017,2026.1799600833033,2026.356726373268,84.0,25.0
2024-01-17 02:30:00,2026.356726373268,2026.356726373268,2024.0686965223965,2024.7761320057289,321.0,25.0
2024-01-17 02:45:00,2024.7761320057289,2024.8990317273242,2019.5289844343538,2019.5289844343538,429.0,25.0
2024-01-17 03:00:00,2019.5289844343538,2019.5289844343538,2015.8163727558133,2015.8163727558133,396.0,25.0
2024-01-17 03:15:00,2015.8163727558133,2019.8790070098491,2015.8163727558133,2019.8790070098491,446.0,25.0
2024-01-17 03:30:00,2019.8790070098491,2019.9778196068532,2017.6107452388458,2017.6107452388458,140.0,25.0
2024-01-17 03:45:00,2017.6107452388458,2017.6107452388458,2014.1787351704618,2015.0653920160398,124.0,25.0
2024-01-17 04:00:00,2015.0653920160398,2017.0129816727788,2015.0653920160398,2017.0129816727788,296.0,25.0
2024-01-17 04:15:00,2017.0129816727788,2017.0129816727788,2014.4385157883698,2014.4385157883698,161.0,25.0
2024-01-17 04:30:00,2014.4385157883698,2014.5759734733556,2012.890089900842,2012.890089900842,276.0,25.0
2024-01-17 04:45:00,2012.890089900842,2015.621975188909,2012.890089900842,2015.2402495220788,182.0,25.0
2024-01-17 05:00:00,2015.2402495220788,2016.5113499121805,2013.6332851065245,2013.6332851065245,163.0,25.0
2024-01-17 05:15:00,2013.6332851065245,2013.7702754403876,2012.246617359917,2012.6552317549517,76.0,25.0
2024-01-17 05:30:00,2012.6552317549517,2013.8960628765203,2012.6552317549517,2013.6427526443035,376.0,25.0
2024-01-17 05:45:00,2013.6427526443035,2015.6257850395427,2013.6427526443035,2014.3871286918943,121.0,25.0
2024-01-17 06:00:00,2014.3871286918943,2016.355402087506,2014.3871286918943,2015.2237775124256,65.0,25.0
2024-01-17 06:15:00,2015.2237775124256,2017.5732446264094,2015.2237775124256,2017.3672373965048,416.0,25.0
2024-01-17 06:30:00,2017.3672373965048,2017.9664676773468,2016.2442075330514,2017.568297585606,476.0,25.0
2024-01-17 06:45:00,2017.568297585606,2018.1065559673805,2015.2076156843752,2018.1065559673805,313.0,25.0
2024-01-17 07:00:00,2018.1065559673805,2021.827522177474,2017.847590646155,2021.827522177474,116.0,25.0
2024-01-17 07:15:00,2021.827522177474,2021.9242936297833,2020.1403737125452,2021.741371300466,381.0,25.0
2024-01-17 07:30:00,2021.741371300466,2021.741371300466,2019.1406899451524,2019.1406899451524,327.0,25.0
2024-01-17 07:45:00,2019.1406899451524,2020.8083029462875,2017.6066167072856,2017.6598114537824,199.0,25.0
2024-01-17 08:00:00,2017.6598114537824,2020.530575094016,2016.6318370115468,2020.530575094016,272.0,25.0
2024-01-17 08:15:00,2020.530575094016,2020.7828659652735,2016.7659532691066,2016.7659532691066,228.0,25.0
2024-01-17 08:30:00,2016.7659532691066,2016.8838309496225,2014.8772046989636,2015.0078250658885,486.0,25.0
2024-01-17 08:45:00,2015.0078250658885,2015.3437649756354,2011.5598452661159,2011.6298506400115,264.0,25.0
2024-01-17 09:00:00,2011.6298506400115,2011.6298506400115,2007.580047079265,2007.580047079265,252.0,25.0
2024-01-17 09:15:00,2007.580047079265,2008.35942087927,2005.2007729423551,2006.7224805462529,301.0,25.0
2024-01-17 09:30:00,2006.7224805462529,2007.2562856635893,2004.9915376737674,2004.9915376737674,331.0,25.0
2024-01-17 09:45:00,2004.9915376737674,2004.9915376737674,2003.4589507653848,2003.4589507653848,374.0,25.0
2024-01-17 10:00:00,2003.4589507653848,2003.4589507653848,2001.4254989641283,2001.4254989641283,419.0,25.0
2024-01-17 10:15:00,2001.4254989641283,2002.485544959596,2000.8551280177508,2002.485544959596,159.0,25.0
2024-01-17 10:30:00,2002.485544959596,2003.888788478322,2001.334447473331,2003.0655931534445,191.0,25.0
2024-01-17 10:45:00,2003.0655931534445,2004.3144880908806,2002.3773619893436,2002.81780678856,474.0,25.0
2024-01-17 11:00:00,2002.81780678856,2002.9849809322463,1998.7736286245724,1998.7736286245724,202.0,25.0
2024-01-17 11:15:00,1998.7736286245724,2000.0433424485373,1998.7736286245724,1999.0550002717123,160.0,25.0
2024-01-17 11:30:00,1999.0550002717123,1999.0550002717123,1996.9939532013543,1996.9939532013543,216.0,25.0
2024-01-17 11:45:00,1996.9939532013543,1997.4939121572254,1994.393966566944,1994.393966566944,290.0,25.0
2024-01-17 12:00:00,1994.393966566944,1994.8420704744578,1992.266115477877,1992.266115477877,221.0,25.0
2024-01-17 12:15:00,1992.266115477877,1994.0225627241734,1991.612814860504,1994.0225627241734,186.0,25.0
2024-01-17 12:30:00,1994.0225627241734,1994.0225627241734,1992.6880131731893,1993.8377625769515,395.0,25.0
2024-01-17 12:45:00,1993.8377625769515,1995.3918982278103,1993.8377625769515,1995.3918982278103,218.0,25.0
2024-01-17 13:00:00,1995.3918982278103,1996.158228644064,1993.2776726760007,1993.2776726760007,466.0,25.0
2024-01-17 13:15:00,1993.2776726760007,1993.931089368253,1991.6689420916123,1993.931089368253,66.0,25.0
2024-01-17 13:30:00,1993.931089368253,1996.4106398961483,1993.931089368253,1994.3403882803557,397.0,25.0
2024-01-17 13:45:00,1994.3403882803557,1996.2570271323507,1994.3403882803557,1995.8014081286665,390.0,25.0
2024-01-17 14:00:00,1995.8014081286665,1996.5060128916666,1995.4536285092186,1995.4536285092186,297.0,25.0
2024-01-17 14:15:00,1995.4536285092186,1996.9872951972552,1994.3895332012862,1994.3895332012862,100.0,25.0
2024-01-17 14:30:00,1994.3895332012862,1997.5992367231897,1994.3895332012862,1997.5992367231897,463.0,25.0
2024-01-17 14:45:00,1997.5992367231897,1998.2266131794538,1996.250294907843,1996.250294907843,397.0,25.0
2024-01-17 15:00:00,1996.250294907843,1997.813556996178,1996.250294907843,1996.600645820124,302.0,25.0
2024-01-17 15:15:00,1996.600645820124,1996.7793980541048,1993.9849748433476,1993.9849748433476,168.0,25.0
2024-01-17 15:30:00,1993.9849748433476,1994.4942054304213,1992.7201823014375,1992.7201823014375,102.0,25.0
2024-01-17 15:45:00,1992.7201823014375,1993.0794637300853,1991.3305628515752,1991.665266847841,307.0,25.0
2024-01-17 16:00:00,1991.665266847841,1991.665266847841,1989.0277965939172,1989.0277965939172,182.0,25.0
2024-01-17 16:15:00,1989.0277965939172,1989.0277965939172,1986.0855151709413,1986.626160390864,265.0,25.0
2024-01-17 16:30:00,1986.626160390864,1990.0710308761584,1986.626160390864,1989.964768240949,196.0,25.0
2024-01-17 16:45:00,1989.964768240949,1990.764286175545,1989.964768240949,1990.7634660445374,164.0,25.0
2024-01-17 17:00:00,1990.7634660445374,1991.3510855764855,1988.9875803813834,1988.9875803813834,263.0,25.0
2024-01-17 17:15:00,1988.9875803813834,1990.979596653387,1988.4057390507635,1990.979596653387,123.0,25.0
2024-01-17 17:30:00,1990.979596653387,1992.8436168108647,1990.9232487199783,1992.8436168108647,273.0,25.0
2024-01-17 17:45:00,1992.8436168108647,1994.8862397201115,1992.8436168108647,1993.818323672774,192.0,25.0
2024-01-17 18:00:00,1993.818323672774,1996.1646169042535,1993.818323672774,1996.1646169042535,312.0,25.0
2024-01-17 18:15:00,1996.1646169042535,1996.1646169042535,1992.5919779011463,1992.5919779011463,173.0,25.0
2024-01-17 18:30:00,1992.5919779011463,1994.4431905223512,1992.5919779011463,1994.4103779542704,315.0,25.0
2024-01-17 18:45:00,1994.4103779542704,1994.4103779542704,1991.065991630143,1991.2060825380186,55.0,25.0
2024-01-17 19:00:00,1991.2060825380186,1993.804948268158,1991.0149407995063,1993.804948268158,264.0,25.0
2024-01-17 19:15:00,1993.804948268158,1993.804948268158,1990.9012607833242,1990.9012607833242,70.0,25.0
2024-01-17 19:30:00,1990.9012607833242,1990.9012607833242,1986.6666124809133,1986.6666124809133,173.0,25.0
2024-01-17 19:45:00,1986.6666124809133,1988.0695289875318,1986.3753367804616,1986.3753367804616,460.0,25.0
2024-01-17 20:00:00,1986.3753367804616,1988.3640796480483,1986.3753367804616,1988.3640796480483,120.0,25.0
2024-01-17 20:15:00,1988.3640796480483,1988.8539523035045,1987.3080193077533,1987.416151369317,411.0,25.0
2024-01-17 20:30:00,1987.416151369317,1990.0203894240422,1987.231816340888,1988.7372045765626,128.0,25.0
2024-01-17 20:45:00,1988.7372045765626,1988.7372045765626,1986.7566348415648,1986.9580442418107,355.0,25.0
2024-01-17 21:00:00,1986.9580442418107,1988.201857208695,1985.871506943092,1986.2536037919033,112.0,25.0
2024-01-17 21:15:00,1986.2536037919033,1987.6989257686882,1986.2536037919033,1986.716478240261,291.0,25.0
2024-01-17 21:30:00,1986.716478240261,1986.716478240261,1984.2839541703688,1984.2839541703688,168.0,25.0
2024-01-17 21:45:00,1984.2839541703688,1985.0052248065545,1983.1405103793215,1984.3944546787036,419.0,25.0
2024-01-17 22:00:00,1984.3944546787036,1984.3944546787036,1982.7821132937004,1984.3064248283126,332.0,25.0
2024-01-17 22:15:00,1984.3064248283126,1984.7982163403353,1983.634293698088,1983.9674080846617,158.0,25.0
2024-01-17 22:30:00,1983.9674080846617,1984.9660483448463,1982.7120167355633,1982.7120167355633,392.0,25.0
2024-01-17 22:45:00,1982.7120167355633,1982.7120167355633,1980.5867004324725,1982.3453902878698,200.0,25.0
2024-01-17 23:00:00,1982.3453902878698,1982.9507877638036,1978.8949452092504,1979.4972852460194,165.0,25.0
2024-01-17 23:15:00,1979.4972852460194,1979.4972852460194,1977.1366082579032,1977.8897811045808,455.0,25.0
2024-01-17 23:30:00,1977.8897811045808,1978.1015240053923,1976.482338514679,1976.482338514679,243.0,25.0
2024-01-17 23:45:00,1976.482338514679,1977.0231640505895,1975.9288174625663,1975.9288174625663,411.0,25.0
2024-01-18 00:00:00,1975.9288174625663,1976.271300898946,1974.3472451934924,1974.3472451934924,111.0,25.0
2024-01-18 00:15:00,1974.3472451934924,1975.0648745431765,1973.6433514443324,1975.0648745431765,497.0,25.0
2024-01-18 00:30:00,1975.0648745431765,1976.30542704971,1974.8814014332972,1975.4048375235081,363.0,25.0
2024-01-18 00:45:00,1975.4048375235081,1975.4048375235081,1972.5519551125958,1972.5519551125958,454.0,25.0
2024-01-18 01:00:00,1972.5519551125958,1974.9585743206583,1972.290989155689,1974.9585743206583,389.0,25.0
2024-01-18 01:15:00,1974.9585743206583,1974.9585743206583,1972.8091614523394,1972.8091614523394,59.0,25.0
2024-01-18 01:30:00,1972.8091614523394,1975.7790144912385,1972.8091614523394,1973.4283767092363,324.0,25.0
2024-01-18 01:45:00,1973.4283767092363,1975.685986313673,1973.4283767092363,1975.685986313673,145.0,25.0
2024-01-18 02:00:00,1975.685986313673,1976.8937282984925,1975.685986313673,1976.8937282984925,156.0,25.0
2024-01-18 02:15:00,1976.8937282984925,1981.4148657290214,1976.8937282984925,1981.4148657290214,146.0,25.0
2024-01-18 02:30:00,1981.4148657290214,1981.9402273518256,1981.3854410683016,1981.773676070752,312.0,25.0
2024-01-18 02:45:00,1981.773676070752,1981.773676070752,1979.5013285951704,1981.705138172793,185.0,25.0
2024-01-18 03:00:00,1981.705138172793,1984.344729356399,1981.705138172793,1984.2078210168872,392.0,25.0
2024-01-18 03:15:00,1984.2078210168872,1984.2078210168872,1981.5279206187502,1981.5680455307706,137.0,25.0
2024-01-18 03:30:00,1981.5680455307706,1981.8439702207793,1979.1510782759974,1979.1510782759974,70.0,25.0
2024-01-18 03:45:00,1979.1510782759974,1982.5607515685022,1979.1510782759974,1982.0096078527722,425.0,25.0
2024-01-18 04:00:00,1982.0096078527722,1982.0096078527722,1979.4824683373483,1979.8895131123759,377.0,25.0
2024-01-18 04:15:00,1979.8895131123759,1981.4168991811407,1979.5559079638363,1980.466838507279,126.0,25.0
2024-01-18 04:30:00,1980.466838507279,1982.6196832811984,1980.466838507279,1982.6196832811984,385.0,25.0
2024-01-18 04:45:00,1982.6196832811984,1983.647333737132,1981.7210290625474,1981.7210290625474,122.0,25.0
2024-01-18 05:00:00,1981.7210290625474,1981.7210290625474,1980.2420959708468,1980.2420959708468,169.0,25.0
2024-01-18 05:15:00,1980.2420959708468,1984.5054557578812,1980.2318523607707,1984.5054557578812,120.0,25.0
2024-01-18 05:30:00,1984.5054557578812,1984.958559483671,1983.2526947228916,1984.958559483671,90.0,25.0
2024-01-18 05:45:00,1984.958559483671,1986.117227701999,1984.958559483671,1984.98019534895,300.0,25.0
2024-01-18 06:00:00,1984.98019534895,1984.98019534895,1981.9307052002346,1981.9307052002346,111.0,25.0
2024-01-18 06:15:00,1981.9307052002346,1982.2534236922206,1980.4645870826475,1981.2751879536343,300.0,25.0
2024-01-18 06:30:00,1981.2751879536343,1981.8453995877037,1980.995365363411,1981.2462834340638,395.0,25.0
2024-01-18 06:45:00,1981.2462834340638,1981.2462834340638,1976.1976435958115,1976.1976435958115,274.0,25.0
2024-01-18 07:00:00,1976.1976435958115,1976.5891304134009,1975.667620257564,1975.667620257564,306.0,25.0
2024-01-18 07:15:00,1975.667620257564,1976.1307004728967,1975.1093538995945,1976.1247950701948,403.0,25.0
2024-01-18 07:30:00,1976.1247950701948,1976.1247950701948,1975.3784641227953,1975.3784641227953,148.0,25.0
2024-01-18 07:45:00,1975.3784641227953,1975.3784641227953,1972.1272137764329,1973.3637908484518,401.0,25.0
2024-01-18 08:00:00,1973.3637908484518,1974.5337362573273,1972.1899227116842,1972.1899227116842,96.0,25.0
2024-01-18 08:15:00,1972.1899227116842,1972.1899227116842,1968.669777515917,1968.669777515917,146.0,25.0
2024-01-18 08:30:00,1968.669777515917,1968.669777515917,1966.7856727011354,1967.697311712201,219.0,25.0
2024-01-18 08:45:00,1967.697311712201,1968.7572133847223,1966.1477876510187,1966.1477876510187,374.0,25.0
2024-01-18 09:00:00,1966.1477876510187,1968.627826494059,1966.1477876510187,1968.627826494059,458.0,25.0
2024-01-18 09:15:00,1968.627826494059,1968.8512179731108,1966.5054656698828,1966.8798204902503,275.0,25.0
2024-01-18 09:30:00,1966.8798204902503,1968.9277074140741,1966.8798204902503,1968.6668215001457,232.0,25.0
2024-01-18 09:45:00,1968.6668215001457,1968.6668215001457,1967.8542694375744,1968.2381602024277,69.0,25.0
2024-01-18 10:00:00,1968.2381602024277,1968.2381602024277,1966.8885964784351,1966.8885964784351,431.0,25.0
2024-01-18 10:15:00,1966.8885964784351,1967.0955970044229,1965.5606301028756,1966.2720156118328,276.0,25.0
2024-01-18 10:30:00,1966.2720156118328,1966.2720156118328,1964.100282460844,1964.100282460844,123.0,25.0
2024-01-18 10:45:00,1964.100282460844,1964.100282460844,1961.5942880137206,1961.5942880137206,332.0,25.0
2024-01-18 11:00:00,1961.5942880137206,1961.6030124733268,1960.8361021385338,1961.213281559057,295.0,25.0
2024-01-18 11:15:00,1961.213281559057,1962.6256127540921,1961.213281559057,1961.6275384244962,437.0,25.0
2024-01-18 11:30:00,1961.6275384244962,1965.1944800488848,1961.6275384244962,1962.7233747679454,193.0,25.0
2024-01-18 11:45:00,1962.7233747679454,1963.8224937449172,1961.5162342393494,1963.8224937449172,389.0,25.0
2024-01-18 12:00:00,1963.8224937449172,1967.210092569619,1963.8224937449172,1967.210092569619,133.0,25.0
2024-01-18 12:15:00,1967.210092569619,1968.4682510718455,1966.426933315432,1966.426933315432,474.0,25.0
2024-01-18 12:30:00,1966.426933315432,1966.5490595920667,1964.458488354343,1964.458488354343,67.0,25.0
2024-01-18 12:45:00,1964.458488354343,1964.458488354343,1961.7279076247387,1962.5810746429179,270.0,25.0
2024-01-18 13:00:00,1962.5810746429179,1965.35202185986,1962.2242868113174,1965.35202185986,375.0,25.0
2024-01-18 13:15:00,1965.35202185986,1965.35202185986,1961.8681730637368,1961.8681730637368,486.0,25.0
2024-01-18 13:30:00,1961.8681730637368,1961.8681730637368,1959.0913231390052,1959.0913231390052,220.0,25.0
2024-01-18 13:45:00,1959.0913231390052,1963.307004156772,1959.0913231390052,1963.307004156772,359.0,25.0
2024-01-18 14:00:00,1963.307004156772,1963.8308704725018,1962.232045907711,1962.232045907711,169.0,25.0
2024-01-18 14:15:00,1962.232045907711,1962.232045907711,1957.0005595075984,1957.0005595075984,275.0,25.0
2024-01-18 14:30:00,1957.0005595075984,1957.0005595075984,1954.7794921279328,1954.7794921279328,398.0,25.0
2024-01-18 14:45:00,1954.7794921279328,1960.5788505663309,1954.7794921279328,1958.8329204629763,216.0,25.0
2024-01-18 15:00:00,1958.8329204629763,1959.0521465333838,1956.5642843047863,1956.5642843047863,477.0,25.0
2024-01-18 15:15:00,1956.5642843047863,1956.6632402964374,1955.3621299387823,1955.3621299387823,304.0,25.0
2024-01-18 15:30:00,1955.3621299387823,1955.6374214182167,1953.7563664144757,1955.0923885230072,408.0,25.0
2024-01-18 15:45:00,1955.0923885230072,1958.7948828930414,1954.5006292839796,1958.7948828930414,141.0,25.0
2024-01-18 16:00:00,1958.7948828930414,1958.7948828930414,1956.9038234789577,1956.9038234789577,120.0,25.0
2024-01-18 16:15:00,1956.9038234789577,1956.9038234789577,1954.3594178378137,1955.3003775376148,180.0,25.0
2024-01-18 16:30:00,1955.3003775376148,1955.9909538826125,1953.8311036440118,1954.4111131410843,117.0,25.0
2024-01-18 16:45:00,1954.4111131410843,1955.5915798157428,1953.8498838389116,1954.5911531573515,316.0,25.0
2024-01-18 17:00:00,1954.5911531573515,1956.275006093488,1953.7547706209848,1956.275006093488,344.0,25.0
2024-01-18 17:15:00,1956.275006093488,1956.7667024148475,1955.3640668569553,1956.7667024148475,228.0,25.0
2024-01-18 17:30:00,1956.7667024148475,1957.001345039769,1956.3725447206082,1957.001345039769,57.0,25.0
2024-01-18 17:45:00,1957.001345039769,1957.4766439244345,1955.487113841667,1957.4766439244345,59.0,25.0
2024-01-18 18:00:00,1957.4766439244345,1958.7897272436817,1957.4766439244345,1957.7812774277934,257.0,25.0
2024-01-18 18:15:00,1957.7812774277934,1961.6326583875923,1957.7812774277934,1961.6326583875923,175.0,25.0
2024-01-18 18:30:00,1961.6326583875923,1962.7648979703026,1961.0185111925425,1962.6774015053163,289.0,25.0
2024-01-18 18:45:00,1962.6774015053163,1962.6774015053163,1961.0977007593638,1961.8958691824353,422.0,25.0
2024-01-18 19:00:00,1961.8958691824353,1964.6885175441894,1960.4870538643052,1964.6885175441894,135.0,25.0
2024-01-18 19:15:00,1964.6885175441894,1965.4918152741793,1964.2842145453526,1964.2842145453526,169.0,25.0
2024-01-18 19:30:00,1964.2842145453526,1964.5387146617659,1963.3589026221687,1963.3589026221687,321.0,25.0
2024-01-18 19:45:00,1963.3589026221687,1964.9498415907476,1961.7712494756622,1961.7712494756622,175.0,25.0
2024-01-18 20:00:00,1961.7712494756622,1963.5899926778611,1961.1260164943635,1961.346482325593,479.0,25.0
2024-01-18 20:15:00,1961.346482325593,1962.5176499857178,1961.346482325593,1962.4549257155952,68.0,25.0
2024-01-18 20:30:00,1962.4549257155952,1962.8257086300696,1960.3764406390421,1961.9256131032544,356.0,25.0
2024-01-18 20:45:00,1961.9256131032544,1964.8910027871766,1961.9256131032544,1964.8910027871766,325.0,25.0
2024-01-18 21:00:00,1964.8910027871766,1966.558838118275,1963.877641771608,1965.247776307293,483.0,25.0
2024-01-18 21:15:00,1965.247776307293,1965.6212618338504,1964.4883967856254,1965.105021025373,58.0,25.0
2024-01-18 21:30:00,1965.105021025373,1966.759584910364,1964.8592435114508,1965.328081330946,63.0,25.0
2024-01-18 21:45:00,1965.328081330946,1965.328081330946,1964.0326029568052,1964.0326029568052,202.0,25.0
2024-01-18 22:00:00,1964.0326029568052,1965.2557788041195,1964.0118549911754,1965.2557788041195,321.0,25.0
2024-01-18 22:15:00,1965.2557788041195,1967.7779647168243,1965.2557788041195,1967.7779647168243,171.0,25.0
2024-01-18 22:30:00,1967.7779647168243,1968.5526009703324,1967.7779647168243,1967.8855081605345,181.0,25.0
2024-01-18 22:45:00,1967.8855081605345,1967.8855081605345,1964.860607218335,1965.3350387479375,214.0,25.0
2024-01-18 23:00:00,1965.3350387479375,1965.7413518115536,1962.9103752723975,1964.6781395479334,296.0,25.0
2024-01-18 23:15:00,1964.6781395479334,1964.6781395479334,1962.7024117470535,1962.9856015196153,404.0,25.0
2024-01-18 23:30:00,1962.9856015196153,1965.1203443395805,1962.3975579452551,1965.1203443395805,140.0,25.0
2024-01-18 23:45:00,1965.1203443395805,1965.5451107606787,1961.897544745786,1962.0686494559527,265.0,25.0
2024-01-19 00:00:00,1962.0686494559527,1963.857131036136,1961.5086976366265,1962.2439149207019,457.0,25.0
2024-01-19 00:15:00,1962.2439149207019,1965.4532037253489,1962.2439149207019,1965.4005231790336,230.0,25.0
2024-01-19 00:30:00,1965.4005231790336,1965.5930163842345,1962.8869124344374,1962.8869124344374,285.0,25.0
2024-01-19 00:45:00,1962.8869124344374,1965.1052245034496,1962.8869124344374,1963.5095732662326,276.0,25.0
2024-01-19 01:00:00,1963.5095732662326,1964.1795675810029,1961.9142906642883,1961.9142906642883,471.0,25.0
2024-01-19 01:15:00,1961.9142906642883,1962.2999510548143,1960.4187411559071,1960.4187411559071,53.0,25.0
2024-01-19 01:30:00,1960.4187411559071,1961.5766272780686,1958.7600193261344,1961.3076577248455,277.0,25.0
2024-01-19 01:45:00,1961.3076577248455,1961.764227273414,1959.7824170031038,1959.7824170031038,167.0,25.0
2024-01-19 02:00:00,1959.7824170031038,1959.7824170031038,1958.4599221036501,1958.5440063523392,417.0,25.0
2024-01-19 02:15:00,1958.5440063523392,1959.2614993694224,1957.4779850188559,1959.1762593759554,452.0,25.0
2024-01-19 02:30:00,1959.1762593759554,1960.678230622729,1958.5408889523296,1958.5408889523296,57.0,25.0
2024-01-19 02:45:00,1958.5408889523296,1961.1675097808175,1958.0845655426845,1960.9673368381325,266.0,25.0
2024-01-19 03:00:00,1960.9673368381325,1960.9934587766932,1957.7168452025717,1957.7168452025717,322.0,25.0
2024-01-19 03:15:00,1957.7168452025717,1959.0186321101871,1957.7168452025717,1958.0469264748388,110.0,25.0
2024-01-19 03:30:00,1958.0469264748388,1960.7979460277732,1958.0469264748388,1960.3688721027024,83.0,25.0
2024-01-19 03:45:00,1960.3688721027024,1963.3895402712221,1959.893746078369,1962.500643363127,348.0,25.0
2024-01-19 04:00:00,1962.500643363127,1966.2881568789014,1962.500643363127,1965.9610257545905,276.0,25.0
2024-01-19 04:15:00,1965.9610257545905,1967.02100194198,1964.5213616935932,1964.5213616935932,330.0,25.0
2024-01-19 04:30:00,1964.5213616935932,1967.871961215461,1964.5213616935932,1967.871961215461,145.0,25.0
2024-01-19 04:45:00,1967.871961215461,1967.871961215461,1965.898077140527,1967.0405591018823,201.0,25.0
2024-01-19 05:00:00,1967.0405591018823,1970.8922842509685,1967.0405591018823,1970.8922842509685,392.0,25.0
2024-01-19 05:15:00,1970.8922842509685,1970.8922842509685,1967.603648254292,1969.592311765797,411.0,25.0
2024-01-19 05:30:00,1969.592311765797,1969.592311765797,1965.7357588737664,1965.7357588737664,63.0,25.0
2024-01-19 05:45:00,1965.7357588737664,1969.646820571304,1965.7357588737664,1969.3798762627537,150.0,25.0
2024-01-19 06:00:00,1969.3798762627537,1969.3798762627537,1967.2982605696043,1968.5969485978653,454.0,25.0
2024-01-19 06:15:00,1968.5969485978653,1969.1466450330308,1968.3570957020777,1968.668217203312,462.0,25.0
2024-01-19 06:30:00,1968.668217203312,1968.8814594377861,1967.76046430228,1968.6234742527947,401.0,25.0
2024-01-19 06:45:00,1968.6234742527947,1970.0131388163227,1968.6234742527947,1968.7229436747323,245.0,25.0
2024-01-19 07:00:00,1968.7229436747323,1969.8391342841767,1967.9812429546678,1968.5659120036707,163.0,25.0
2024-01-19 07:15:00,1968.5659120036707,1969.4540378044692,1965.258140075197,1965.258140075197,158.0,25.0
2024-01-19 07:30:00,1965.258140075197,1966.664158702256,1965.084190161533,1966.664158702256,162.0,25.0
2024-01-19 07:45:00,1966.664158702256,1967.2588312381336,1966.5479589378579,1966.6640087737462,469.0,25.0
2024-01-19 08:00:00,1966.6640087737462,1966.7004371766757,1963.5152895065996,1965.407308885282,232.0,25.0
2024-01-19 08:15:00,1965.407308885282,1966.138684659468,1964.827098809009,1964.827098809009,349.0,25.0
2024-01-19 08:30:00,1964.827098809009,1965.9018010140794,1964.7792301242032,1964.7792301242032,351.0,25.0
2024-01-19 08:45:00,1964.7792301242032,1964.7792301242032,1962.0762318842956,1962.0762318842956,161.0,25.0
2024-01-19 09:00:00,1962.0762318842956,1963.9039223737732,1961.793454406556,1962.4066828332313,500.0,25.0
2024-01-19 09:15:00,1962.4066828332313,1963.5638210568375,1960.8029630007688,1960.9063893673258,381.0,25.0
2024-01-19 09:30:00,1960.9063893673258,1962.630200300983,1959.194870403493,1962.5351932995784,285.0,25.0
2024-01-19 09:45:00,1962.5351932995784,1965.1174711739757,1962.5351932995784,1964.0482978708208,182.0,25.0
2024-01-19 10:00:00,1964.0482978708208,1965.318268478665,1963.6028707746,1964.479123959768,439.0,25.0
2024-01-19 10:15:00,1964.479123959768,1966.944886263739,1964.479123959768,1965.6608164625934,221.0,25.0
2024-01-19 10:30:00,1965.6608164625934,1969.0258488938866,1965.6608164625934,1969.0258488938866,447.0,25.0
2024-01-19 10:45:00,1969.0258488938866,1972.4133339478674,1968.8387082367146,1971.5668240271973,254.0,25.0
2024-01-19 11:00:00,1971.5668240271973,1973.0853090472372,1970.5529065485605,1972.4658879598396,410.0,25.0
2024-01-19 11:15:00,1972.4658879598396,1975.4922148580235,1972.4658879598396,1974.6685650830602,186.0,25.0
2024-01-19 11:30:00,1974.6685650830602,1976.1846185481093,1974.47575204513,1976.0496723494164,56.0,25.0
2024-01-19 11:45:00,1976.0496723494164,1976.704621822821,1975.0100668965688,1976.3748789724668,227.0,25.0
2024-01-19 12:00:00,1976.3748789724668,1979.3880520221512,1976.3292151199475,1977.8908878555935,454.0,25.0
2024-01-19 12:15:00,1977.8908878555935,1979.1161274028923,1977.6865079791369,1978.5088029901824,417.0,25.0
2024-01-19 12:30:00,1978.5088029901824,1980.8210295510958,1977.8514005189938,1980.8210295510958,156.0,25.0
2024-01-19 12:45:00,1980.8210295510958,1980.8210295510958,1979.4979594197878,1980.5274443321507,109.0,25.0
2024-01-19 13:00:00,1980.5274443321507,1981.1838660457431,1980.3357002571984,1981.0052086387577,77.0,25.0
2024-01-19 13:15:00,1981.0052086387577,1982.114022905324,1979.6857154367358,1979.6857154367358,433.0,25.0
2024-01-19 13:30:00,1979.6857154367358,1979.6857154367358,1977.8896230827581,1978.7674549376331,163.0,25.0
2024-01-19 13:45:00,1978.7674549376331,1979.2152472100663,1977.75066491471,1977.75066491471,200.0,25.0
2024-01-19 14:00:00,1977.75066491471,1977.75066491471,1976.103368256085,1976.103368256085,277.0,25.0
2024-01-19 14:15:00,1976.103368256085,1978.381309858185,1976.103368256085,1978.0852981683151,297.0,25.0
2024-01-19 14:30:00,1978.0852981683151,1978.2250298254057,1977.6140693297218,1977.6140693297218,246.0,25.0
2024-01-19 14:45:00,1977.6140693297218,1977.8222181886244,1974.3054967291978,1974.3054967291978,318.0,25.0
2024-01-19 15:00:00,1974.3054967291978,1975.2748072565282,1973.7937196711591,1974.8893807967613,66.0,25.0
2024-01-19 15:15:00,1974.8893807967613,1976.7042021429431,1974.8893807967613,1975.9677992126553,377.0,25.0
2024-01-19 15:30:00,1975.9677992126553,1978.7156124355963,1975.9677992126553,1977.349509696727,55.0,25.0
2024-01-19 15:45:00,1977.349509696727,1979.428074115626,1976.8892941272265,1978.1759845702868,367.0,25.0
2024-01-19 16:00:00,1978.1759845702868,1981.468886495821,1978.1759845702868,1978.4263340121938,186.0,25.0
2024-01-19 16:15:00,1978.4263340121938,1978.9343008267158,1973.9380790929822,1973.9380790929822,157.0,25.0
2024-01-19 16:30:00,1973.9380790929822,1973.9380790929822,1971.152538751661,1971.9235236028353,440.0,25.0
2024-01-19 16:45:00,1971.9235236028353,1973.236424438761,1971.6668640395906,1971.6668640395906,331.0,25.0
2024-01-19 17:00:00,1971.6668640395906,1972.6702086447185,1970.8578187644164,1972.6702086447185,109.0,25.0
2024-01-19 17:15:00,1972.6702086447185,1972.6702086447185,1971.179711712247,1971.3366994893042,219.0,25.0
2024-01-19 17:30:00,1971.3366994893042,1971.3366994893042,1969.1395856934325,1969.5356182893993,267.0,25.0
2024-01-19 17:45:00,1969.5356182893993,1969.5356182893993,1966.0755275905774,1966.0755275905774,334.0,25.0
2024-01-19 18:00:00,1966.0755275905774,1966.0755275905774,1964.1232738680646,1964.1819782260202,193.0,25.0
2024-01-19 18:15:00,1964.1819782260202,1964.1819782260202,1961.6703366227657,1961.8239793545324,389.0,25.0
2024-01-19 18:30:00,1961.8239793545324,1963.4131119924557,1960.0779210776418,1963.4131119924557,68.0,25.0
2024-01-19 18:45:00,1963.4131119924557,1966.0569902484556,1963.4131119924557,1963.6827111237678,111.0,25.0
2024-01-19 19:00:00,1963.6827111237678,1966.2749607626292,1963.6827111237678,1964.0302244710563,237.0,25.0
2024-01-19 19:15:00,1964.0302244710563,1969.894546694686,1964.0302244710563,1969.894546694686,195.0,25.0
2024-01-19 19:30:00,1969.894546694686,1970.0175275929141,1969.1062819369217,1969.3161639045754,490.0,25.0
2024-01-19 19:45:00,1969.3161639045754,1969.8659116223823,1968.6010795631005,1969.1465224032686,234.0,25.0
2024-01-19 20:00:00,1969.1465224032686,1969.1465224032686,1967.8457014157434,1967.9490320877221,458.0,25.0
2024-01-19 20:15:00,1967.9490320877221,1967.9490320877221,1966.7329545207763,1966.7545543289089,98.0,25.0
2024-01-19 20:30:00,1966.7545543289089,1966.7545543289089,1965.1776432138533,1966.0149669347297,290.0,25.0
2024-01-19 20:45:00,1966.0149669347297,1966.6329846300453,1964.4678006121298,1964.4678006121298,254.0,25.0
2024-01-19 21:00:00,1964.4678006121298,1964.9718363242987,1963.960664325738,1964.4722761386276,186.0,25.0
2024-01-19 21:15:00,1964.4722761386276,1966.8681933042349,1964.4722761386276,1965.9384404851944,481.0,25.0
2024-01-19 21:30:00,1965.9384404851944,1971.2489090932781,1965.9384404851944,1971.2489090932781,467.0,25.0
2024-01-19 21:45:00,1971.2489090932781,1972.5489412134027,1971.2489090932781,1971.840830734157,243.0,25.0
2024-01-19 22:00:00,1971.840830734157,1971.840830734157,1970.3503203006705,1971.3585833577185,220.0,25.0
2024-01-19 22:15:00,1971.3585833577185,1974.6607264054446,1971.3585833577185,1973.4741858997681,489.0,25.0
2024-01-19 22:30:00,1973.4741858997681,1974.463388149211,1972.8666124499812,1974.463388149211,311.0,25.0
2024-01-19 22:45:00,1974.463388149211,1975.0055025327474,1972.145223282924,1972.145223282924,422.0,25.0
2024-01-19 23:00:00,1972.145223282924,1972.7676743660245,1970.6210386746482,1972.441839230368,434.0,25.0
2024-01-19 23:15:00,1972.441839230368,1975.8522053604836,1972.441839230368,1974.4256142102988,149.0,25.0
2024-01-19 23:30:00,1974.4256142102988,1981.1829853553093,1974.4256142102988,1981.1829853553093,410.0,25.0
2024-01-19 23:45:00,1981.1829853553093,1982.315671481281,1978.7622078761697,1980.3414340274637,73.0,25.0
2024-01-22 00:00:00,1980.3414340274637,1980.3414340274637,1979.2207209669748,1979.2207209669748,228.0,25.0
2024-01-22 00:15:00,1979.2207209669748,1979.2207209669748,1974.9769194036592,1974.9769194036592,428.0,25.0
2024-01-22 00:30:00,1974.9769194036592,1975.748482833704,1973.3613425821009,1974.433337994344,271.0,25.0
2024-01-22 00:45:00,1974.433337994344,1975.7023722687404,1972.8786340589527,1975.7023722687404,270.0,25.0
2024-01-22 01:00:00,1975.7023722687404,1977.6927780197757,1975.7023722687404,1977.6927780197757,372.0,25.0
2024-01-22 01:15:00,1977.6927780197757,1982.2679013025859,1977.6927780197757,1982.2679013025859,130.0,25.0
2024-01-22 01:30:00,1982.2679013025859,1982.3009292974775,1980.5135565720614,1980.5135565720614,304.0,25.0
2024-01-22 01:45:00,1980.5135565720614,1981.4512446703193,1978.226536356457,1980.211107297226,161.0,25.0
2024-01-22 02:00:00,1980.211107297226,1983.753312245806,1980.0360080451173,1983.753312245806,100.0,25.0
2024-01-22 02:15:00,1983.753312245806,1985.5470105587628,1983.753312245806,1985.5470105587628,177.0,25.0
2024-01-22 02:30:00,1985.5470105587628,1986.096225189565,1983.7185005525384,1983.7185005525384,347.0,25.0
2024-01-22 02:45:00,1983.7185005525384,1987.0689824568653,1982.2711484303125,1987.0689824568653,500.0,25.0
2024-01-22 03:00:00,1987.0689824568653,1988.9486591062018,1987.0689824568653,1988.421513309172,204.0,25.0
2024-01-22 03:15:00,1988.421513309172,1989.45008185581,1988.1113536621638,1989.45008185581,179.0,25.0
2024-01-22 03:30:00,1989.45008185581,1989.45008185581,1983.8745789181417,1985.5278267526392,200.0,25.0
2024-01-22 03:45:00,1985.5278267526392,1986.95886814334,1985.4117053241046,1985.7599055218295,59.0,25.0
2024-01-22 04:00:00,1985.7599055218295,1990.612263043507,1985.7599055218295,1990.612263043507,429.0,25.0
2024-01-22 04:15:00,1990.612263043507,1992.0229547987487,1990.612263043507,1992.0229547987487,91.0,25.0
2024-01-22 04:30:00,1992.0229547987487,1995.747832525446,1992.0229547987487,1995.747832525446,469.0,25.0
2024-01-22 04:45:00,1995.747832525446,1996.2870029022877,1994.9562074014425,1994.9562074014425,228.0,25.0
2024-01-22 05:00:00,1994.9562074014425,1997.4474115629173,1994.9562074014425,1996.4370929920392,434.0,25.0
2024-01-22 05:15:00,1996.4370929920392,2000.702264165483,1995.684491516014,2000.1816561606563,206.0,25.0
2024-01-22 05:30:00,2000.1816561606563,2000.1816561606563,1996.90866088119,1998.5227792594885,471.0,25.0
2024-01-22 05:45:00,1998.5227792594885,1999.8049346610214,1998.127813231278,1999.1434846073912,68.0,25.0
2024-01-22 06:00:00,1999.1434846073912,1999.9262863872182,1998.5116845383034,1999.7046172117223,459.0,25.0
2024-01-22 06:15:00,1999.7046172117223,1999.7046172117223,1995.974068021416,1995.974068021416,413.0,25.0
2024-01-22 06:30:00,1995.974068021416,1996.9110840266003,1995.2203264340158,1995.8605504382458,100.0,25.0
2024-01-22 06:45:00,1995.8605504382458,1995.9226817356557,1994.6689869834076,1995.9226817356557,67.0,25.0
2024-01-22 07:00:00,1995.9226817356557,1996.7137859815273,1994.5203769984962,1996.7137859815273,397.0,25.0
2024-01-22 07:15:00,1996.7137859815273,1999.9263878044717,1996.7137859815273,1998.1675660297228,348.0,25.0
2024-01-22 07:30:00,1998.1675660297228,1998.861055221842,1997.806950806142,1998.861055221842,103.0,25.0
2024-01-22 07:45:00,1998.861055221842,2000.9629427872687,1997.939606045854,1999.6189964818386,280.0,25.0
2024-01-22 08:00:00,1999.6189964818386,1999.8062776816378,1996.797484007134,1997.6749321895766,82.0,25.0
2024-01-22 08:15:00,1997.6749321895766,1998.1244505710067,1996.0500810928866,1997.319337761705,302.0,25.0
2024-01-22 08:30:00,1997.319337761705,1998.6743239567834,1997.319337761705,1998.6743239567834,338.0,25.0
2024-01-22 08:45:00,1998.6743239567834,2001.3519076564037,1998.342779488091,2001.3519076564037,312.0,25.0
2024-01-22 09:00:00,2001.3519076564037,2003.5000310118407,2001.3519076564037,2003.5000310118407,54.0,25.0
2024-01-22 09:15:00,2003.5000310118407,2004.9230059800266,2002.2549123209626,2004.507395771517,409.0,25.0
2024-01-22 09:30:00,2004.507395771517,2005.2184113926671,2003.1930732138212,2005.2184113926671,146.0,25.0
2024-01-22 09:45:00,2005.2184113926671,2007.7793483622934,2003.4584329968666,2007.0453694983644,375.0,25.0
2024-01-22 10:00:00,2007.0453694983644,2007.0453694983644,2003.2666514247685,2003.5444899878862,164.0,25.0
2024-01-22 10:15:00,2003.5444899878862,2003.936336728918,2002.5279597049637,2002.9421762530694,264.0,25.0
2024-01-22 10:30:00,2002.9421762530694,2004.4097803177203,2002.9421762530694,2004.4097803177203,295.0,25.0
2024-01-22 10:45:00,2004.4097803177203,2005.5466905497428,2003.6659607847291,2005.5466905497428,461.0,25.0
2024-01-22 11:00:00,2005.5466905497428,2006.4965749656546,2004.46823031959,2004.8635765639895,279.0,25.0
2024-01-22 11:15:00,2004.8635765639895,2005.7700198478653,2002.6009740981522,2005.7700198478653,460.0,25.0
2024-01-22 11:30:00,2005.7700198478653,2007.7865304085371,2005.7700198478653,2007.7621517751757,187.0,25.0
2024-01-22 11:45:00,2007.7621517751757,2008.547633011724,2004.9741751040888,2006.7425733773332,307.0,25.0
2024-01-22 12:00:00,2006.7425733773332,2008.021506821646,2006.7425733773332,2008.021506821646,188.0,25.0
2024-01-22 12:15:00,2008.021506821646,2009.4738552490953,2006.7113433843617,2006.7113433843617,171.0,25.0
2024-01-22 12:30:00,2006.7113433843617,2006.7113433843617,2003.454242771659,2003.454242771659,50.0,25.0
2024-01-22 12:45:00,2003.454242771659,2003.454242771659,2001.0749437874292,2002.3358381657254,478.0,25.0
2024-01-22 13:00:00,2002.3358381657254,2002.667066611427,2000.7882770190367,2001.4289359832485,298.0,25.0
2024-01-22 13:15:00,2001.4289359832485,2001.5131031556316,2000.476577807879,2001.0175247410964,477.0,25.0
2024-01-22 13:30:00,2001.0175247410964,2005.5922751883352,2001.0175247410964,2005.5922751883352,484.0,25.0
2024-01-22 13:45:00,2005.5922751883352,2005.8681465505838,2005.1947734276466,2005.344179117,138.0,25.0
2024-01-22 14:00:00,2005.344179117,2005.344179117,2003.656231931606,2003.656231931606,408.0,25.0
2024-01-22 14:15:00,2003.656231931606,2004.3281735132725,2002.025919114172,2002.025919114172,448.0,25.0
2024-01-22 14:30:00,2002.025919114172,2003.132189942134,1999.9050987840478,2001.4511462545186,436.0,25.0
2024-01-22 14:45:00,2001.4511462545186,2001.736451872403,1999.8265747241398,2001.736451872403,371.0,25.0
2024-01-22 15:00:00,2001.736451872403,2004.1665821409854,2001.736451872403,2003.9519306001052,380.0,25.0
2024-01-22 15:15:00,2003.9519306001052,2005.2047310293228,2003.9519306001052,2004.6766480866202,424.0,25.0
2024-01-22 15:30:00,2004.6766480866202,2006.731860422752,2004.196107528015,2005.6226830325488,388.0,25.0
2024-01-22 15:45:00,2005.6226830325488,2005.6226830325488,2000.6174675467093,2000.905390527896,162.0,25.0
2024-01-22 16:00:00,2000.905390527896,2001.493068494443,1999.8904360041965,2000.997098050176,468.0,25.0
2024-01-22 16:15:00,2000.997098050176,2003.104005787593,2000.997098050176,2003.104005787593,180.0,25.0
2024-01-22 16:30:00,2003.104005787593,2003.4603059883868,2001.8362620162252,2002.7739226324318,118.0,25.0
2024-01-22 16:45:00,2002.7739226324318,2003.6463492114772,2001.8981466189177,2003.6131048495488,464.0,25.0
2024-01-22 17:00:00,2003.6131048495488,2006.324773036133,2003.6131048495488,2006.324773036133,488.0,25.0
2024-01-22 17:15:00,2006.324773036133,2006.324773036133,2003.4056442258718,2003.4056442258718,299.0,25.0
2024-01-22 17:30:00,2003.4056442258718,2004.3758240773827,2002.9873486398415,2004.3758240773827,415.0,25.0
2024-01-22 17:45:00,2004.3758240773827,2004.6853243756718,2003.34076626081,2004.3449524278185,402.0,25.0
2024-01-22 18:00:00,2004.3449524278185,2004.3449524278185,1998.9379806191212,1999.816999096905,203.0,25.0
2024-01-22 18:15:00,1999.816999096905,1999.816999096905,1998.203747316934,1998.586074028816,79.0,25.0
2024-01-22 18:30:00,1998.586074028816,2001.2224221176782,1998.586074028816,2001.2224221176782,264.0,25.0
2024-01-22 18:45:00,2001.2224221176782,2001.2632903231433,2000.3354117835347,2000.3354117835347,291.0,25.0
2024-01-22 19:00:00,2000.3354117835347,2000.8262951699194,1999.440695631745,1999.440695631745,314.0,25.0
2024-01-22 19:15:00,1999.440695631745,2001.8001377100966,1999.440695631745,2001.8001377100966,358.0,25.0
2024-01-22 19:30:00,2001.8001377100966,2001.8001377100966,2001.1065660897175,2001.6426525082013,292.0,25.0
2024-01-22 19:45:00,2001.6426525082013,2002.9792785754205,2000.9551018339012,2002.1943819829605,96.0,25.0
2024-01-22 20:00:00,2002.1943819829605,2005.0188154359917,2002.1943819829605,2003.8020556603465,381.0,25.0
2024-01-22 20:15:00,2003.8020556603465,2004.322184658111,2002.8736652902078,2003.995092381303,357.0,25.0
2024-01-22 20:30:00,2003.995092381303,2005.7651110376696,2003.995092381303,2005.7651110376696,80.0,25.0
2024-01-22 20:45:00,2005.7651110376696,2005.7651110376696,2002.6350954635952,2002.680439810635,171.0,25.0
2024-01-22 21:00:00,2002.680439810635,2002.680439810635,2000.279395921042,2000.3798618520188,241.0,25.0
2024-01-22 21:15:00,2000.3798618520188,2000.3798618520188,1998.5033726202093,1998.9570420543275,475.0,25.0
2024-01-22 21:30:00,1998.9570420543275,1998.9570420543275,1996.6459671186797,1996.6459671186797,318.0,25.0
2024-01-22 21:45:00,1996.6459671186797,1997.7081748409475,1996.4034416724867,1997.258568603078,131.0,25.0
2024-01-22 22:00:00,1997.258568603078,1998.9811476410596,1995.9659262276152,1998.9811476410596,431.0,25.0
2024-01-22 22:15:00,1998.9811476410596,1998.9909879034906,1997.337044332201,1997.5302976590792,172.0,25.0
2024-01-22 22:30:00,1997.5302976590792,1997.5302976590792,1994.7813990918512,1994.8581952680538,124.0,25.0
2024-01-22 22:45:00,1994.8581952680538,1996.7297996208617,1994.8581952680538,1996.4406724069283,354.0,25.0
2024-01-22 23:00:00,1996.4406724069283,1998.6043002531953,1996.0542453448604,1997.0699337305387,416.0,25.0
2024-01-22 23:15:00,1997.0699337305387,1998.8348779646874,1995.2645902428303,1998.8348779646874,188.0,25.0
2024-01-22 23:30:00,1998.8348779646874,1999.9499683515196,1997.5628519061954,1998.737882778135,442.0,25.0
2024-01-22 23:45:00,1998.737882778135,2002.0978645002444,1998.15276629883,2002.0978645002444,334.0,25.0
2024-01-23 00:00:00,2002.0978645002444,2003.6021985650182,2001.4647230583403,2002.69402189821,424.0,25.0
2024-01-23 00:15:00,2002.69402189821,2002.69402189821,2001.3097356663532,2002.3618799032956,296.0,25.0
2024-01-23 00:30:00,2002.3618799032956,2004.6120773025784,2002.3618799032956,2004.1086369411703,473.0,25.0
2024-01-23 00:45:00,2004.1086369411703,2005.2878391830684,2002.7089404025962,2005.2878391830684,473.0,25.0
2024-01-23 01:00:00,2005.2878391830684,2005.2878391830684,2003.9205485418781,2004.6817762605028,127.0,25.0
2024-01-23 01:15:00,2004.6817762605028,2004.6817762605028,2002.7540356891775,2004.090443596923,178.0,25.0
2024-01-23 01:30:00,2004.090443596923,2004.090443596923,2000.8377606367958,2000.8377606367958,239.0,25.0
2024-01-23 01:45:00,2000.8377606367958,2002.7901469893318,2000.4048948959194,2002.7901469893318,486.0,25.0
2024-01-23 02:00:00,2002.7901469893318,2003.989939081063,2002.7901469893318,2003.3719325931004,88.0,25.0
2024-01-23 02:15:00,2003.3719325931004,2004.0600422810314,2001.9043046722572,2001.9043046722572,395.0,25.0
2024-01-23 02:30:00,2001.9043046722572,2001.9043046722572,2000.5519959915464,2001.1268192911211,151.0,25.0
2024-01-23 02:45:00,2001.1268192911211,2001.9265535738998,2000.2463784580484,2001.9265535738998,268.0,25.0
2024-01-23 03:00:00,2001.9265535738998,2002.8093801137313,1998.6082108433695,1998.6082108433695,241.0,25.0
2024-01-23 03:15:00,1998.6082108433695,2000.035431576516,1998.6082108433695,1999.8618074074209,96.0,25.0
2024-01-23 03:30:00,1999.8618074074209,2000.4868419869476,1999.4003018156095,1999.7394315715037,140.0,25.0
2024-01-23 03:45:00,1999.7394315715037,2000.5403418207688,1998.3438335081712,1999.3818488232866,124.0,25.0
2024-01-23 04:00:00,1999.3818488232866,1999.3818488232866,1996.5129569277826,1996.5129569277826,458.0,25.0
2024-01-23 04:15:00,1996.5129569277826,1997.364679159357,1995.5465322501448,1996.5764505707612,367.0,25.0
2024-01-23 04:30:00,1996.5764505707612,1996.9261696601577,1995.4722394051864,1996.6432367373473,145.0,25.0
2024-01-23 04:45:00,1996.6432367373473,1997.347870354678,1994.9238568087358,1994.9238568087358,152.0,25.0
2024-01-23 05:00:00,1994.9238568087358,1995.380679250381,1993.5143585736223,1993.5143585736223,167.0,25.0
2024-01-23 05:15:00,1993.5143585736223,1998.8230714280023,1993.5143585736223,1998.8230714280023,353.0,25.0
2024-01-23 05:30:00,1998.8230714280023,1998.8230714280023,1996.728912473325,1996.728912473325,179.0,25.0
2024-01-23 05:45:00,1996.728912473325,1998.8314467308032,1996.728912473325,1998.424601215742,425.0,25.0
2024-01-23 06:00:00,1998.424601215742,2000.7473584508748,1998.424601215742,2000.5217391462638,90.0,25.0
2024-01-23 06:15:00,2000.5217391462638,2001.0056520818634,1999.1358497900476,2001.0056520818634,182.0,25.0
2024-01-23 06:30:00,2001.0056520818634,2002.2378280140074,2001.0056520818634,2001.3096762518624,195.0,25.0
2024-01-23 06:45:00,2001.3096762518624,2002.863356985023,2000.5617941046798,2002.693577018524,344.0,25.0
2024-01-23 07:00:00,2002.693577018524,2004.9505645090658,2002.693577018524,2004.6857852711366,288.0,25.0
2024-01-23 07:15:00,2004.6857852711366,2006.528261083594,2003.8765116998536,2003.8765116998536,295.0,25.0
2024-01-23 07:30:00,2003.8765116998536,2004.6181771433417,2002.7778497703416,2003.2318497227714,246.0,25.0
2024-01-23 07:45:00,2003.2318497227714,2003.968094834189,2002.8924484622842,2003.7390523180857,130.0,25.0
2024-01-23 08:00:00,2003.7390523180857,2005.3983437605891,2003.1941180270235,2005.3983437605891,329.0,25.0
2024-01-23 08:15:00,2005.3983437605891,2006.1591146771652,2002.2786390492556,2002.2786390492556,319.0,25.0
2024-01-23 08:30:00,2002.2786390492556,2002.2786390492556,2001.341584320961,2002.0536515746257,318.0,25.0
2024-01-23 08:45:00,2002.0536515746257,2003.2108979443053,2001.6035747899034,2001.8705013360857,491.0,25.0
2024-01-23 09:00:00,2001.8705013360857,2003.06221974346,2000.4294976477147,2003.06221974346,200.0,25.0
2024-01-23 09:15:00,2003.06221974346,2003.06221974346,2001.915684337758,2002.227608150227,457.0,25.0
2024-01-23 09:30:00,2002.227608150227,2004.6003349611076,2002.227608150227,2004.3130696712865,165.0,25.0
2024-01-23 09:45:00,2004.3130696712865,2004.3130696712865,2002.0430675114264,2002.0611699969306,387.0,25.0
2024-01-23 10:00:00,2002.0611699969306,2004.7311048906643,2002.0611699969306,2004.7311048906643,369.0,25.0
2024-01-23 10:15:00,2004.7311048906643,2004.8866349209384,2002.1235078469913,2003.5053677673618,465.0,25.0
2024-01-23 10:30:00,2003.5053677673618,2005.228848102304,2003.4698603562506,2003.4698603562506,401.0,25.0
2024-01-23 10:45:00,2003.4698603562506,2007.4143960714093,2003.4698603562506,2007.4143960714093,488.0,25.0
2024-01-23 11:00:00,2007.4143960714093,2010.446686215363,2007.079084232486,2010.446686215363,71.0,25.0
2024-01-23 11:15:00,2010.446686215363,2011.2288279165846,2010.1855371465856,2011.2189645813683,383.0,25.0
2024-01-23 11:30:00,2011.2189645813683,2011.2189645813683,2007.471299150966,2007.471299150966,319.0,25.0
2024-01-23 11:45:00,2007.471299150966,2008.8927233933646,2006.690921495879,2007.6762139895247,65.0,25.0
2024-01-23 12:00:00,2007.6762139895247,2010.791681878198,2007.6762139895247,2010.0865759040157,401.0,25.0
2024-01-23 12:15:00,2010.0865759040157,2011.0744859587548,2009.4802110495152,2010.8179849937742,195.0,25.0
2024-01-23 12:30:00,2010.8179849937742,2013.9183705933053,2010.8179849937742,2013.3811330664005,249.0,25.0
2024-01-23 12:45:00,2013.3811330664005,2013.8795283940976,2008.7784873844762,2008.7784873844762,188.0,25.0
2024-01-23 13:00:00,2008.7784873844762,2010.3689397911653,2008.7784873844762,2010.3689397911653,55.0,25.0
2024-01-23 13:15:00,2010.3689397911653,2013.8200851083334,2010.3689397911653,2012.6692966853732,317.0,25.0
2024-01-23 13:30:00,2012.6692966853732,2016.9885918472635,2012.6692966853732,2016.9885918472635,157.0,25.0
2024-01-23 13:45:00,2016.9885918472635,2019.0849722877965,2016.1761957208942,2017.6077188425138,164.0,25.0
2024-01-23 14:00:00,2017.6077188425138,2020.3021747330802,2017.5619484975314,2019.2180265262577,317.0,25.0
2024-01-23 14:15:00,2019.2180265262577,2022.174580360299,2019.2180265262577,2022.174580360299,363.0,25.0
2024-01-23 14:30:00,2022.174580360299,2025.128501806877,2022.174580360299,2025.128501806877,428.0,25.0
2024-01-23 14:45:00,2025.128501806877,2028.6663198892163,2025.128501806877,2028.6663198892163,495.0,25.0
2024-01-23 15:00:00,2028.6663198892163,2028.996741928868,2027.6277158220241,2028.996741928868,308.0,25.0
2024-01-23 15:15:00,2028.996741928868,2028.996741928868,2026.47133208819,2027.6319209446606,184.0,25.0
2024-01-23 15:30:00,2027.6319209446606,2028.380844811763,2026.7110497567628,2026.7110497567628,174.0,25.0
2024-01-23 15:45:00,2026.7110497567628,2028.2927965992037,2026.5342900324838,2027.2480603564218,428.0,25.0
2024-01-23 16:00:00,2027.2480603564218,2027.2480603564218,2024.3565005758205,2024.3565005758205,130.0,25.0
2024-01-23 16:15:00,2024.3565005758205,2024.3565005758205,2022.6807956097377,2023.502441867569,146.0,25.0
2024-01-23 16:30:00,2023.502441867569,2024.6666516090531,2023.502441867569,2024.3168268994355,408.0,25.0
2024-01-23 16:45:00,2024.3168268994355,2025.0110793492709,2022.6738347359158,2022.6738347359158,283.0,25.0
2024-01-23 17:00:00,2022.6738347359158,2025.3859827303036,2022.6738347359158,2025.0613842970586,51.0,25.0
2024-01-23 17:15:00,2025.0613842970586,2031.767153681484,2025.0613842970586,2029.8204336546921,111.0,25.0
2024-01-23 17:30:00,2029.8204336546921,2033.401215329776,2029.420279228651,2033.0737616266315,146.0,25.0
2024-01-23 17:45:00,2033.0737616266315,2033.6079290101254,2032.0853387763973,2032.9486600592313,177.0,25.0
2024-01-23 18:00:00,2032.9486600592313,2034.1541083960979,2031.0309196467406,2034.1541083960979,300.0,25.0
2024-01-23 18:15:00,2034.1541083960979,2034.730104252171,2033.4964279308865,2033.4964279308865,470.0,25.0
2024-01-23 18:30:00,2033.4964279308865,2035.3862638728638,2033.4964279308865,2035.3862638728638,244.0,25.0
2024-01-23 18:45:00,2035.3862638728638,2037.6140119094475,2035.1928649890704,2035.241582849569,150.0,25.0
2024-01-23 19:00:00,2035.241582849569,2036.569367374,2033.0494526588402,2035.517955797442,178.0,25.0
2024-01-23 19:15:00,2035.517955797442,2038.5747177917394,2035.2198757450362,2038.5747177917394,125.0,25.0
2024-01-23 19:30:00,2038.5747177917394,2039.5234202857384,2037.225187219876,2038.7607860939224,495.0,25.0
2024-01-23 19:45:00,2038.7607860939224,2040.537505574075,2037.4201549410416,2040.1703437117255,369.0,25.0
2024-01-23 20:00:00,2040.1703437117255,2041.7652749122637,2039.2077649946402,2041.679006259509,169.0,25.0
2024-01-23 20:15:00,2041.679006259509,2041.679006259509,2040.4861051057474,2040.4861051057474,471.0,25.0
2024-01-23 20:30:00,2040.4861051057474,2040.4861051057474,2038.5561370676153,2038.5561370676153,206.0,25.0
2024-01-23 20:45:00,2038.5561370676153,2041.156374810176,2038.433375532828,2041.156374810176,162.0,25.0
2024-01-23 21:00:00,2041.156374810176,2041.156374810176,2040.0096571080549,2040.5789126441628,180.0,25.0
2024-01-23 21:15:00,2040.5789126441628,2042.083275355659,2039.8961517915423,2040.7448332515526,337.0,25.0
2024-01-23 21:30:00,2040.7448332515526,2041.5890856229942,2038.2461411928045,2039.1909769829201,183.0,25.0
2024-01-23 21:45:00,2039.1909769829201,2040.0697475135655,2038.3569754612568,2039.088631396891,304.0,25.0
2024-01-23 22:00:00,2039.088631396891,2039.088631396891,2036.96301973918,2036.96301973918,236.0,25.0
2024-01-23 22:15:00,2036.96301973918,2040.3436802055421,2036.9539126088466,2040.3436802055421,263.0,25.0
2024-01-23 22:30:00,2040.3436802055421,2042.4339084449275,2040.3436802055421,2041.0621479867584,423.0,25.0
2024-01-23 22:45:00,2041.0621479867584,2042.5775271169096,2040.3528847637708,2042.5775271169096,338.0,25.0
2024-01-23 23:00:00,2042.5775271169096,2044.6986192260758,2042.5775271169096,2042.79850428136,455.0,25.0
2024-01-23 23:15:00,2042.79850428136,2045.5965405166608,2042.79850428136,2045.3991983615606,61.0,25.0
2024-01-23 23:30:00,2045.3991983615606,2045.3991983615606,2040.2635697400763,2040.2635697400763,192.0,25.0
2024-01-23 23:45:00,2040.2635697400763,2042.2236047514268,2040.2635697400763,2041.026640725898,199.0,25.0
2024-01-24 00:00:00,2041.026640725898,2041.5465248981807,2039.5880161897069,2039.8431266512966,216.0,25.0
2024-01-24 00:15:00,2039.8431266512966,2041.6264408597326,2039.8431266512966,2040.3335477189753,409.0,25.0
2024-01-24 00:30:00,2040.3335477189753,2040.9307841418654,2039.2171178064418,2040.0879770912627,332.0,25.0
2024-01-24 00:45:00,2040.0879770912627,2043.188291196608,2039.6892710018085,2043.188291196608,291.0,25.0
2024-01-24 01:00:00,2043.188291196608,2043.188291196608,2039.679886151079,2039.882547756967,309.0,25.0
2024-01-24 01:15:00,2039.882547756967,2039.882547756967,2037.7437681502872,2037.7437681502872,459.0,25.0
2024-01-24 01:30:00,2037.7437681502872,2037.7651003838982,2035.5472164263915,2035.5472164263915,327.0,25.0
2024-01-24 01:45:00,2035.5472164263915,2036.817266392326,2035.4572848253408,2035.4572848253408,173.0,25.0
2024-01-24 02:00:00,2035.4572848253408,2037.143038828713,2035.4572848253408,2035.8638444952344,448.0,25.0
2024-01-24 02:15:00,2035.8638444952344,2036.0939019624993,2034.9523756945896,2035.022955824169,220.0,25.0
2024-01-24 02:30:00,2035.022955824169,2035.022955824169,2033.3208210268285,2033.6092653240257,308.0,25.0
2024-01-24 02:45:00,2033.6092653240257,2033.6092653240257,2031.1250168872325,2031.311430276546,199.0,25.0
2024-01-24 03:00:00,2031.311430276546,2037.010785508497,2031.311430276546,2036.036911190676,116.0,25.0
2024-01-24 03:15:00,2036.036911190676,2036.036911190676,2033.2818926471832,2034.7910406083797,360.0,25.0
2024-01-24 03:30:00,2034.7910406083797,2034.7910406083797,2032.0411785950373,2032.138620766016,351.0,25.0
2024-01-24 03:45:00,2032.138620766016,2034.648369919967,2032.138620766016,2034.648369919967,497.0,25.0
2024-01-24 04:00:00,2034.648369919967,2034.648369919967,2031.9408911142127,2033.8728270971387,66.0,25.0
2024-01-24 04:15:00,2033.8728270971387,2034.264519586924,2032.9940716072758,2032.9940716072758,164.0,25.0
2024-01-24 04:30:00,2032.9940716072758,2033.7135942455138,2032.2312582022657,2033.129122673752,106.0,25.0
2024-01-24 04:45:00,2033.129122673752,2033.3203991674811,2030.415729943633,2031.3045568423252,237.0,25.0
2024-01-24 05:00:00,2031.3045568423252,2031.3045568423252,2026.57748726516,2026.948754392486,287.0,25.0
2024-01-24 05:15:00,2026.948754392486,2030.915198271093,2026.948754392486,2030.915198271093,346.0,25.0
2024-01-24 05:30:00,2030.915198271093,2032.3487730107145,2030.915198271093,2032.174618086742,226.0,25.0
2024-01-24 05:45:00,2032.174618086742,2034.56709641255,2032.174618086742,2034.0753414067708,319.0,25.0
2024-01-24 06:00:00,2034.0753414067708,2035.1988432771739,2033.293162758324,2034.0892517828684,439.0,25.0
2024-01-24 06:15:00,2034.0892517828684,2034.0892517828684,2031.7893832979692,2032.5170282609024,244.0,25.0
2024-01-24 06:30:00,2032.5170282609024,2036.736358220071,2032.5170282609024,2036.736358220071,97.0,25.0
2024-01-24 06:45:00,2036.736358220071,2041.85497277053,2036.3004985681096,2041.85497277053,228.0,25.0
2024-01-24 07:00:00,2041.85497277053,2045.97041479439,2041.85497277053,2045.97041479439,492.0,25.0
2024-01-24 07:15:00,2045.97041479439,2047.8327086113363,2045.97041479439,2046.9007959279668,134.0,25.0
2024-01-24 07:30:00,2046.9007959279668,2046.9007959279668,2043.8107812756077,2044.0908345979792,183.0,25.0
2024-01-24 07:45:00,2044.0908345979792,2046.6793404607963,2043.3974426106158,2046.6793404607963,305.0,25.0
2024-01-24 08:00:00,2046.6793404607963,2046.6793404607963,2045.4562123669912,2046.4084049743797,314.0,25.0
2024-01-24 08:15:00,2046.4084049743797,2048.898520876618,2046.4084049743797,2047.7149112975985,423.0,25.0
2024-01-24 08:30:00,2047.7149112975985,2048.711300923683,2046.922931009057,2046.922931009057,141.0,25.0
2024-01-24 08:45:00,2046.922931009057,2047.3899925141488,2045.7909852721582,2046.5720142412554,248.0,25.0
2024-01-24 09:00:00,2046.5720142412554,2048.83796801622,2046.5720142412554,2048.327750357529,113.0,25.0
2024-01-24 09:15:00,2048.327750357529,2048.790277877378,2046.4711184399043,2046.4711184399043,252.0,25.0
2024-01-24 09:30:00,2046.4711184399043,2046.5383774395377,2042.3214179239603,2042.3214179239603,240.0,25.0
2024-01-24 09:45:00,2042.3214179239603,2043.0096483845246,2041.3272221010466,2041.3520799247956,180.0,25.0
2024-01-24 10:00:00,2041.3520799247956,2042.927096263024,2040.33365582099,2040.9124714415068,306.0,25.0
2024-01-24 10:15:00,2040.9124714415068,2041.4818190380422,2038.0004079641978,2038.0004079641978,344.0,25.0
2024-01-24 10:30:00,2038.0004079641978,2038.8172882250271,2037.2764946899476,2037.4412698440196,191.0,25.0
2024-01-24 10:45:00,2037.4412698440196,2038.4062416638974,2035.6680279907296,2035.8045291729352,465.0,25.0
2024-01-24 11:00:00,2035.8045291729352,2040.325539543879,2035.778910539757,2040.325539543879,183.0,25.0
2024-01-24 11:15:00,2040.325539543879,2041.6202357219343,2039.6796734049992,2039.7493035772784,140.0,25.0
2024-01-24 11:30:00,2039.7493035772784,2042.949809475565,2039.7493035772784,2041.4820486530064,118.0,25.0
2024-01-24 11:45:00,2041.4820486530064,2043.7501048415888,2040.890199140039,2042.230692219522,486.0,25.0
2024-01-24 12:00:00,2042.230692219522,2045.2085569862866,2042.230692219522,2045.2085569862866,394.0,25.0
2024-01-24 12:15:00,2045.2085569862866,2048.8663420362564,2045.2085569862866,2048.8663420362564,346.0,25.0
2024-01-24 12:30:00,2048.8663420362564,2050.385525842892,2048.8663420362564,2049.840944055616,51.0,25.0
2024-01-24 12:45:00,2049.840944055616,2049.840944055616,2047.3458260135203,2047.5299479283804,138.0,25.0
2024-01-24 13:00:00,2047.5299479283804,2050.2772466618308,2047.5299479283804,2050.2772466618308,311.0,25.0
2024-01-24 13:15:00,2050.2772466618308,2050.2772466618308,2047.0867957514406,2048.3879958530606,219.0,25.0
2024-01-24 13:30:00,2048.3879958530606,2048.9657876482456,2048.3879958530606,2048.9074838866363,230.0,25.0
2024-01-24 13:45:00,2048.9074838866363,2049.112265446359,2047.3887137726583,2048.1659816950387,357.0,25.0
2024-01-24 14:00:00,2048.1659816950387,2048.1659816950387,2046.37180513578,2046.6568752048101,382.0,25.0
2024-01-24 14:15:00,2046.6568752048101,2046.6568752048101,2044.187682781319,2044.1995984325174,433.0,25.0
2024-01-24 14:30:00,2044.1995984325174,2046.5782910966184,2044.1995984325174,2046.1012961756703,462.0,25.0
2024-01-24 14:45:00,2046.1012961756703,2046.8788209806644,2044.7848349258734,2044.7848349258734,282.0,25.0
2024-01-24 15:00:00,2044.7848349258734,2044.7848349258734,2040.3092018283467,2040.3092018283467,467.0,25.0
2024-01-24 15:15:00,2040.3092018283467,2042.9592051774357,2040.3092018283467,2042.9592051774357,141.0,25.0
2024-01-24 15:30:00,2042.9592051774357,2044.5882206885794,2042.7037695743738,2042.9640934294296,299.0,25.0
2024-01-24 15:45:00,2042.9640934294296,2044.5327802261563,2042.9640934294296,2043.8047968881813,374.0,25.0
2024-01-24 16:00:00,2043.8047968881813,2043.9515697258607,2042.0910775547102,2042.2391155214746,313.0,25.0
2024-01-24 16:15:00,2042.2391155214746,2043.9205101658224,2042.2391155214746,2042.7632693812948,348.0,25.0
2024-01-24 16:30:00,2042.7632693812948,2044.6255118198092,2042.7632693812948,2044.3916648841623,320.0,25.0
2024-01-24 16:45:00,2044.3916648841623,2045.0000195895725,2043.3141755121019,2044.7260686054697,154.0,25.0
2024-01-24 17:00:00,2044.7260686054697,2046.2003569862306,2044.7260686054697,2045.5276560398906,143.0,25.0
2024-01-24 17:15:00,2045.5276560398906,2048.4473705480964,2045.5276560398906,2047.0476305082227,197.0,25.0
2024-01-24 17:30:00,2047.0476305082227,2047.0476305082227,2043.1241982430668,2043.6221948614261,252.0,25.0
2024-01-24 17:45:00,2043.6221948614261,2044.6851628795898,2043.042321038927,2043.042321038927,491.0,25.0
2024-01-24 18:00:00,2043.042321038927,2043.042321038927,2037.1999300568782,2037.1999300568782,218.0,25.0
2024-01-24 18:15:00,2037.1999300568782,2037.1999300568782,2034.4655167964818,2034.9657824100832,143.0,25.0
2024-01-24 18:30:00,2034.9657824100832,2034.9657824100832,2032.6199358465203,2033.6546557454176,487.0,25.0
2024-01-24 18:45:00,2033.6546557454176,2033.6546557454176,2031.2340580911828,2032.1166898476856,178.0,25.0
2024-01-24 19:00:00,2032.1166898476856,2034.4163739438698,2031.3237966576842,2031.3237966576842,126.0,25.0
2024-01-24 19:15:00,2031.3237966576842,2031.3237966576842,2026.7367351165683,2029.8507819995873,207.0,25.0
2024-01-24 19:30:00,2029.8507819995873,2030.7353264221629,2028.5012047301245,2030.3182235167153,251.0,25.0
2024-01-24 19:45:00,2030.3182235167153,2030.3182235167153,2026.0898629112742,2026.0898629112742,139.0,25.0
2024-01-24 20:00:00,2026.0898629112742,2027.6304736485552,2026.0898629112742,2027.0779881274427,210.0,25.0
2024-01-24 20:15:00,2027.0779881274427,2027.0779881274427,2024.5836302758394,2024.6029345097636,365.0,25.0
2024-01-24 20:30:00,2024.6029345097636,2025.2741296689144,2023.5236812591575,2024.8564266607889,383.0,25.0
2024-01-24 20:45:00,2024.8564266607889,2024.8564266607889,2019.994489291309,2019.994489291309,285.0,25.0
2024-01-24 21:00:00,2019.994489291309,2020.6094529730917,2017.9715678571597,2019.2528922833103,294.0,25.0
2024-01-24 21:15:00,2019.2528922833103,2019.2528922833103,2017.1806278652052,2017.4979160259359,382.0,25.0
2024-01-24 21:30:00,2017.4979160259359,2018.9607033412321,2017.2324207765757,2017.2324207765757,234.0,25.0
2024-01-24 21:45:00,2017.2324207765757,2018.465285828615,2014.6150412942313,2014.6150412942313,360.0,25.0
2024-01-24 22:00:00,2014.6150412942313,2014.6474185499906,2013.8663253295047,2013.8663253295047,204.0,25.0
2024-01-24 22:15:00,2013.8663253295047,2015.8005052354154,2013.700887152029,2014.0010102603726,215.0,25.0
2024-01-24 22:30:00,2014.0010102603726,2016.4852567367357,2014.0010102603726,2016.2672752934025,404.0,25.0
2024-01-24 22:45:00,2016.2672752934025,2020.6774496889495,2016.2672752934025,2019.1292480279976,477.0,25.0
2024-01-24 23:00:00,2019.1292480279976,2021.0805547469593,2019.103391114563,2019.103391114563,350.0,25.0
2024-01-24 23:15:00,2019.103391114563,2021.584334547668,2018.6158972338108,2021.4091081749746,193.0,25.0
2024-01-24 23:30:00,2021.4091081749746,2023.9487325479035,2020.7047614299565,2023.9487325479035,59.0,25.0
2024-01-24 23:45:00,2023.9487325479035,2025.4435575947525,2023.9487325479035,2024.677649393447,95.0,25.0
2024-01-25 00:00:00,2024.677649393447,2025.985069003797,2024.477002315716,2024.477002315716,88.0,25.0
2024-01-25 00:15:00,2024.477002315716,2027.8082332557115,2024.477002315716,2027.8082332557115,435.0,25.0
2024-01-25 00:30:00,2027.8082332557115,2028.0645506459248,2025.773126316718,2025.773126316718,473.0,25.0
2024-01-25 00:45:00,2025.773126316718,2026.011456640016,2025.0971462170191,2025.4766991188378,241.0,25.0
2024-01-25 01:00:00,2025.4766991188378,2025.9865545121925,2022.6752356014044,2024.6556832472693,315.0,25.0
2024-01-25 01:15:00,2024.6556832472693,2025.7300038190936,2023.6511661798766,2023.6511661798766,362.0,25.0
2024-01-25 01:30:00,2023.6511661798766,2029.7774612560077,2023.6511661798766,2029.7774612560077,305.0,25.0
2024-01-25 01:45:00,2029.7774612560077,2034.8246983340732,2028.6036215856434,2034.8246983340732,351.0,25.0
2024-01-25 02:00:00,2034.8246983340732,2034.8246983340732,2031.8278985917466,2031.8278985917466,216.0,25.0
2024-01-25 02:15:00,2031.8278985917466,2032.3867004224421,2029.031058330448,2029.031058330448,297.0,25.0
2024-01-25 02:30:00,2029.031058330448,2030.98855668918,2028.3115819293396,2030.98855668918,395.0,25.0
2024-01-25 02:45:00,2030.98855668918,2033.544800654764,2030.036521515875,2033.544800654764,78.0,25.0
2024-01-25 03:00:00,2033.544800654764,2034.647280585576,2032.8425947938651,2032.9773611638009,205.0,25.0
2024-01-25 03:15:00,2032.9773611638009,2034.2395818628302,2032.4110107658234,2033.7935186157758,206.0,25.0
2024-01-25 03:30:00,2033.7935186157758,2033.7935186157758,2029.3685940155956,2031.7080962822824,350.0,25.0
2024-01-25 03:45:00,2031.7080962822824,2034.1652557318214,2031.7080962822824,2032.9493231678384,391.0,25.0
2024-01-25 04:00:00,2032.9493231678384,2035.6039534544893,2032.89543439153,2035.6039534544893,455.0,25.0
2024-01-25 04:15:00,2035.6039534544893,2035.6039534544893,2032.908425641614,2033.0218297014183,401.0,25.0
2024-01-25 04:30:00,2033.0218297014183,2035.202856155255,2032.5857758705672,2033.5951879558882,224.0,25.0
2024-01-25 04:45:00,2033.5951879558882,2035.9688629692464,2033.5579363847962,2033.5579363847962,407.0,25.0
2024-01-25 05:00:00,2033.5579363847962,2039.0316990017561,2033.5579363847962,2037.3336172962443,67.0,25.0
2024-01-25 05:15:00,2037.3336172962443,2037.617187344924,2034.5978005534944,2036.147158036439,183.0,25.0
2024-01-25 05:30:00,2036.147158036439,2036.147158036439,2032.7933121540907,2032.7933121540907,78.0,25.0
2024-01-25 05:45:00,2032.7933121540907,2035.6135033517853,2032.7933121540907,2035.0247979938572,460.0,25.0
2024-01-25 06:00:00,2035.0247979938572,2035.0247979938572,2033.3787962122126,2034.85646810782,50.0,25.0
2024-01-25 06:15:00,2034.85646810782,2036.658300757553,2034.85646810782,2036.658300757553,323.0,25.0
2024-01-25 06:30:00,2036.658300757553,2039.3953050976536,2036.658300757553,2039.3953050976536,376.0,25.0
2024-01-25 06:45:00,2039.3953050976536,2039.3953050976536,2036.9286671472748,2036.9286671472748,130.0,25.0
2024-01-25 07:00:00,2036.9286671472748,2039.697533761271,2036.9286671472748,2038.3356102455755,340.0,25.0
2024-01-25 07:15:00,2038.3356102455755,2038.3356102455755,2034.2328529122342,2035.2893972099232,415.0,25.0
2024-01-25 07:30:00,2035.2893972099232,2036.7950571652245,2035.2893972099232,2036.7750714963292,194.0,25.0
2024-01-25 07:45:00,2036.7750714963292,2041.341656290537,2036.7750714963292,2040.765963471585,276.0,25.0
2024-01-25 08:00:00,2040.765963471585,2042.1567967300862,2040.432311997706,2041.1380704660412,100.0,25.0
2024-01-25 08:15:00,2041.1380704660412,2041.1380704660412,2037.3463789219952,2038.3706676379732,408.0,25.0
2024-01-25 08:30:00,2038.3706676379732,2040.5477495239813,2038.3706676379732,2039.5652386856736,315.0,25.0
2024-01-25 08:45:00,2039.5652386856736,2039.5652386856736,2034.9985226090002,2034.9985226090002,315.0,25.0
2024-01-25 09:00:00,2034.9985226090002,2034.9985226090002,2031.7606341389544,2031.840876681235,198.0,25.0
2024-01-25 09:15:00,2031.840876681235,2032.7768253481206,2031.5926762636602,2032.205774879501,415.0,25.0
2024-01-25 09:30:00,2032.205774879501,2034.8337164456746,2032.205774879501,2033.2627023883692,481.0,25.0
2024-01-25 09:45:00,2033.2627023883692,2034.9154713609028,2032.7595008951107,2032.7595008951107,444.0,25.0
2024-01-25 10:00:00,2032.7595008951107,2036.9025830500852,2032.7595008951107,2035.9860469125147,291.0,25.0
2024-01-25 10:15:00,2035.9860469125147,2038.1031852426336,2035.9860469125147,2037.9436166233238,300.0,25.0
2024-01-25 10:30:00,2037.9436166233238,2038.4346660533365,2036.5742840744317,2038.4346660533365,264.0,25.0
2024-01-25 10:45:00,2038.4346660533365,2039.2873141234618,2037.13080125116,2037.13080125116,378.0,25.0
2024-01-25 11:00:00,2037.13080125116,2039.5472469559215,2035.6393114042269,2039.5472469559215,338.0,25.0
2024-01-25 11:15:00,2039.5472469559215,2041.8540871088517,2039.5472469559215,2040.2055640538504,127.0,25.0
2024-01-25 11:30:00,2040.2055640538504,2041.4694887565565,2039.9616597796253,2039.9616597796253,350.0,25.0
2024-01-25 11:45:00,2039.9616597796253,2041.9261784358532,2039.0012056739974,2041.9261784358532,76.0,25.0
2024-01-25 12:00:00,2041.9261784358532,2047.1890314882112,2041.9261784358532,2046.7809555985218,106.0,25.0
2024-01-25 12:15:00,2046.7809555985218,2046.7809555985218,2044.9270319556772,2046.6507028168528,470.0,25.0
2024-01-25 12:30:00,2046.6507028168528,2047.5929649198968,2044.1640640354876,2044.1640640354876,430.0,25.0
2024-01-25 12:45:00,2044.1640640354876,2045.3568699155956,2043.8935533502197,2045.3568699155956,269.0,25.0
2024-01-25 13:00:00,2045.3568699155956,2045.3568699155956,2041.308222090163,2042.2327944002145,244.0,25.0
2024-01-25 13:15:00,2042.2327944002145,2046.008048861296,2042.2327944002145,2044.7731834388337,315.0,25.0
2024-01-25 13:30:00,2044.7731834388337,2048.5059180733488,2044.7731834388337,2048.5059180733488,340.0,25.0
2024-01-25 13:45:00,2048.5059180733488,2049.5853496183927,2048.1707181485026,2049.5853496183927,114.0,25.0
2024-01-25 14:00:00,2049.5853496183927,2050.2137392754616,2048.7758582062534,2050.2137392754616,283.0,25.0
2024-01-25 14:15:00,2050.2137392754616,2051.370140817041,2048.1300088813296,2048.1300088813296,132.0,25.0
2024-01-25 14:30:00,2048.1300088813296,2048.433363525434,2047.402073275674,2047.402073275674,225.0,25.0
2024-01-25 14:45:00,2047.402073275674,2049.6796180741762,2047.402073275674,2049.6796180741762,133.0,25.0
2024-01-25 15:00:00,2049.6796180741762,2050.930493647027,2049.6796180741762,2050.7429257871063,85.0,25.0
2024-01-25 15:15:00,2050.7429257871063,2053.4902653188046,2050.7429257871063,2052.1019446887167,356.0,25.0
2024-01-25 15:30:00,2052.1019446887167,2052.1019446887167,2049.8178944479287,2050.4324594069303,335.0,25.0
2024-01-25 15:45:00,2050.4324594069303,2050.4324594069303,2048.4535909361916,2048.4535909361916,352.0,25.0
2024-01-25 16:00:00,2048.4535909361916,2048.7389185829893,2045.8217394078447,2046.4185776557003,98.0,25.0
2024-01-25 16:15:00,2046.4185776557003,2047.43819949249,2044.2186856446003,2045.4286652906367,371.0,25.0
2024-01-25 16:30:00,2045.4286652906367,2045.4286652906367,2041.2995358107712,2043.3220119984383,361.0,25.0
2024-01-25 16:45:00,2043.3220119984383,2044.1116357224537,2041.6596955139476,2043.4627284436726,415.0,25.0
2024-01-25 17:00:00,2043.4627284436726,2045.0866278538344,2042.5255181232158,2042.5255181232158,443.0,25.0
2024-01-25 17:15:00,2042.5255181232158,2043.6331047369497,2042.2414023806077,2042.288818763482,389.0,25.0
2024-01-25 17:30:00,2042.288818763482,2042.288818763482,2040.0279756082793,2040.0279756082793,180.0,25.0
2024-01-25 17:45:00,2040.0279756082793,2043.1057951634718,2040.0279756082793,2041.74566486656,381.0,25.0
2024-01-25 18:00:00,2041.74566486656,2041.74566486656,2039.2456056677336,2040.9268622414288,67.0,25.0
2024-01-25 18:15:00,2040.9268622414288,2043.036949439093,2040.9268622414288,2041.7619873890903,305.0,25.0
2024-01-25 18:30:00,2041.7619873890903,2047.1430302926756,2041.7619873890903,2046.0858384846085,191.0,25.0
2024-01-25 18:45:00,2046.0858384846085,2046.7123651973177,2043.9401887125186,2046.7123651973177,362.0,25.0
2024-01-25 19:00:00,2046.7123651973177,2048.1548807860304,2046.7123651973177,2048.0158520360733,479.0,25.0
2024-01-25 19:15:00,2048.0158520360733,2048.0158520360733,2045.3758533695798,2045.3758533695798,430.0,25.0
2024-01-25 19:30:00,2045.3758533695798,2046.7928398501117,2041.828585259825,2043.15700758586,146.0,25.0
2024-01-25 19:45:00,2043.15700758586,2044.3580799828371,2042.0424043245414,2043.137252925122,414.0,25.0
2024-01-25 20:00:00,2043.137252925122,2043.137252925122,2039.8721911908517,2039.8721911908517,95.0,25.0
2024-01-25 20:15:00,2039.8721911908517,2042.079688444026,2039.7384743899072,2041.637582901156,438.0,25.0
2024-01-25 20:30:00,2041.637582901156,2041.637582901156,2038.3359266909056,2039.7017989928697,190.0,25.0
2024-01-25 20:45:00,2039.7017989928697,2039.7017989928697,2033.7613194687028,2033.7613194687028,446.0,25.0
2024-01-25 21:00:00,2033.7613194687028,2034.8988415419062,2032.8057292742094,2032.8057292742094,104.0,25.0
2024-01-25 21:15:00,2032.8057292742094,2032.8578827074616,2030.7311046905827,2032.2650918754434,149.0,25.0
2024-01-25 21:30:00,2032.2650918754434,2032.7552629393685,2031.4338493389494,2031.6910675623712,239.0,25.0
2024-01-25 21:45:00,2031.6910675623712,2033.2650559967558,2031.6910675623712,2032.5718817083023,160.0,25.0
2024-01-25 22:00:00,2032.5718817083023,2035.9848480849034,2032.5718817083023,2033.847601299538,71.0,25.0
2024-01-25 22:15:00,2033.847601299538,2033.847601299538,2031.2651313063855,2031.5237129297122,343.0,25.0
2024-01-25 22:30:00,2031.5237129297122,2031.5237129297122,2027.781082010775,2028.6896326915064,496.0,25.0
2024-01-25 22:45:00,2028.6896326915064,2031.3790099166704,2028.6896326915064,2030.969394561374,103.0,25.0
2024-01-25 23:00:00,2030.969394561374,2032.0630256876364,2029.34413393715,2030.0113070460109,449.0,25.0
2024-01-25 23:15:00,2030.0113070460109,2030.0113070460109,2029.1308882623323,2029.7401400390008,356.0,25.0
2024-01-25 23:30:00,2029.7401400390008,2029.7401400390008,2024.076549035048,2024.076549035048,427.0,25.0
2024-01-25 23:45:00,2024.076549035048,2024.358868508147,2023.0606681554739,2023.0606681554739,131.0,25.0
2024-01-26 00:00:00,2023.0606681554739,2023.30049581672,2022.3331189010605,2022.848434143643,383.0,25.0
2024-01-26 00:15:00,2022.848434143643,2026.9387261313157,2022.848434143643,2026.9387261313157,428.0,25.0
2024-01-26 00:30:00,2026.9387261313157,2026.9387261313157,2023.1802344552927,2024.0029027939281,381.0,25.0
2024-01-26 00:45:00,2024.0029027939281,2029.8847157014884,2024.0029027939281,2029.660027611033,181.0,25.0
2024-01-26 01:00:00,2029.660027611033,2029.660027611033,2025.1764665121418,2025.494237083727,274.0,25.0
2024-01-26 01:15:00,2025.494237083727,2027.2377751703061,2025.1515716743777,2026.9061351137611,446.0,25.0
2024-01-26 01:30:00,2026.9061351137611,2029.6608075094039,2026.7656669112368,2028.9962839659997,374.0,25.0
2024-01-26 01:45:00,2028.9962839659997,2030.3860797829695,2028.6424660946268,2029.1612839026611,258.0,25.0
2024-01-26 02:00:00,2029.1612839026611,2029.1612839026611,2024.5265341151428,2024.5265341151428,353.0,25.0
2024-01-26 02:15:00,2024.5265341151428,2025.2869996179436,2023.773720165552,2024.4312966282378,350.0,25.0
2024-01-26 02:30:00,2024.4312966282378,2029.0393715704847,2024.4312966282378,2028.94996368767,240.0,25.0
2024-01-26 02:45:00,2028.94996368767,2031.8445704081844,2028.94996368767,2030.8638163206351,234.0,25.0
2024-01-26 03:00:00,2030.8638163206351,2032.8740235243688,2030.6686226865545,2032.7040540273845,186.0,25.0
2024-01-26 03:15:00,2032.7040540273845,2033.3401100867159,2028.2237049811815,2028.4032780153887,324.0,25.0
2024-01-26 03:30:00,2028.4032780153887,2028.4032780153887,2024.1749555444667,2024.1749555444667,435.0,25.0
2024-01-26 03:45:00,2024.1749555444667,2024.5125976672296,2023.6489911986446,2023.6910983645023,327.0,25.0
2024-01-26 04:00:00,2023.6910983645023,2027.3043719446216,2023.6910983645023,2027.0694105386274,300.0,25.0
2024-01-26 04:15:00,2027.0694105386274,2027.6438970279487,2026.120828343716,2026.120828343716,389.0,25.0
2024-01-26 04:30:00,2026.120828343716,2026.3973355529906,2024.2863984515286,2024.4163838972545,453.0,25.0
2024-01-26 04:45:00,2024.4163838972545,2025.394001110082,2022.922921973578,2023.9541308183102,333.0,25.0
2024-01-26 05:00:00,2023.9541308183102,2024.685917635354,2023.1537891914381,2024.4551596637843,292.0,25.0
2024-01-26 05:15:00,2024.4551596637843,2024.8468872426174,2023.8703970126917,2024.8468872426174,59.0,25.0
2024-01-26 05:30:00,2024.8468872426174,2026.4159809557973,2024.0267326580822,2024.56459875228,471.0,25.0
2024-01-26 05:45:00,2024.56459875228,2026.4906496319916,2024.276050561164,2026.024837615616,319.0,25.0
2024-01-26 06:00:00,2026.024837615616,2026.024837615616,2022.735045557284,2023.2368163319807,368.0,25.0
2024-01-26 06:15:00,2023.2368163319807,2026.1660808032427,2023.2368163319807,2026.1660808032427,434.0,25.0
2024-01-26 06:30:00,2026.1660808032427,2026.3526654317109,2022.9928434909366,2022.9928434909366,125.0,25.0
2024-01-26 06:45:00,2022.9928434909366,2023.5533687997377,2022.5489360503389,2023.5533687997377,405.0,25.0
2024-01-26 07:00:00,2023.5533687997377,2025.0245739743418,2021.9536956084537,2021.9536956084537,108.0,25.0
2024-01-26 07:15:00,2021.9536956084537,2022.0070308148258,2018.947925925991,2018.947925925991,159.0,25.0
2024-01-26 07:30:00,2018.947925925991,2020.3718659348488,2018.312407835192,2018.4360950224727,342.0,25.0
2024-01-26 07:45:00,2018.4360950224727,2020.8374958996083,2018.0955566934008,2020.8374958996083,296.0,25.0
2024-01-26 08:00:00,2020.8374958996083,2020.8374958996083,2015.489066113562,2015.7581762560012,88.0,25.0
2024-01-26 08:15:00,2015.7581762560012,2017.7103391773608,2015.7581762560012,2017.1820683258356,290.0,25.0
2024-01-26 08:30:00,2017.1820683258356,2017.4298421652968,2015.5482191388369,2016.6979807755436,103.0,25.0
2024-01-26 08:45:00,2016.6979807755436,2018.1651698344936,2014.7545634600312,2018.1651698344936,264.0,25.0
2024-01-26 09:00:00,2018.1651698344936,2018.2909506549454,2014.9720897023496,2014.9720897023496,456.0,25.0
2024-01-26 09:15:00,2014.9720897023496,2017.0898101192545,2014.7287678032737,2017.0898101192545,399.0,25.0
2024-01-26 09:30:00,2017.0898101192545,2017.0898101192545,2011.3794175264454,2012.0572770201268,450.0,25.0
2024-01-26 09:45:00,2012.0572770201268,2013.1103817311189,2004.7822937534281,2004.7822937534281,495.0,25.0
2024-01-26 10:00:00,2004.7822937534281,2006.4654913029199,2003.7686362297507,2003.7686362297507,477.0,25.0
2024-01-26 10:15:00,2003.7686362297507,2005.4380066607628,2003.406229743912,2003.406229743912,456.0,25.0
2024-01-26 10:30:00,2003.406229743912,2006.0028506302076,2002.6521969107857,2005.6405777642146,166.0,25.0
2024-01-26 10:45:00,2005.6405777642146,2007.003875220043,2004.1526674141649,2007.003875220043,463.0,25.0
2024-01-26 11:00:00,2007.003875220043,2010.1292915679255,2006.9100060809085,2010.1292915679255,93.0,25.0
2024-01-26 11:15:00,2010.1292915679255,2012.3834941918396,2010.1292915679255,2011.9345773156497,315.0,25.0
2024-01-26 11:30:00,2011.9345773156497,2014.543234749942,2011.9345773156497,2014.0564413872426,157.0,25.0
2024-01-26 11:45:00,2014.0564413872426,2014.0564413872426,2009.560434814975,2009.560434814975,105.0,25.0
2024-01-26 12:00:00,2009.560434814975,2011.3829592735092,2009.560434814975,2010.7246639557454,347.0,25.0
2024-01-26 12:15:00,2010.7246639557454,2010.7246639557454,2008.223033118055,2008.223033118055,83.0,25.0
2024-01-26 12:30:00,2008.223033118055,2011.4477278577433,2007.7881811558052,2011.4477278577433,207.0,25.0
2024-01-26 12:45:00,2011.4477278577433,2013.763229736045,2010.4639646480762,2013.763229736045,211.0,25.0
2024-01-26 13:00:00,2013.763229736045,2014.9460267398292,2012.3687833985502,2012.8167403944067,294.0,25.0
2024-01-26 13:15:00,2012.8167403944067,2013.0184708988975,2011.902649591106,2011.9906864894535,455.0,25.0
2024-01-26 13:30:00,2011.9906864894535,2015.3185178116719,2011.9906864894535,2015.3185178116719,232.0,25.0
2024-01-26 13:45:00,2015.3185178116719,2018.1195529330892,2015.3185178116719,2017.178171005943,83.0,25.0
2024-01-26 14:00:00,2017.178171005943,2018.457672688783,2016.6044235057007,2016.6044235057007,210.0,25.0
2024-01-26 14:15:00,2016.6044235057007,2018.3194337648727,2016.6044235057007,2017.0265645492989,102.0,25.0
2024-01-26 14:30:00,2017.0265645492989,2018.788202982922,2016.833143213357,2016.833143213357,262.0,25.0
2024-01-26 14:45:00,2016.833143213357,2020.2085829629175,2016.833143213357,2018.725515947187,214.0,25.0
2024-01-26 15:00:00,2018.725515947187,2018.725515947187,2017.2555691971188,2018.0358323287242,80.0,25.0
2024-01-26 15:15:00,2018.0358323287242,2020.4229883607068,2017.0712499221768,2017.1601765800679,269.0,25.0
2024-01-26 15:30:00,2017.1601765800679,2017.5765886834101,2016.2975374367854,2017.5765886834101,222.0,25.0
2024-01-26 15:45:00,2017.5765886834101,2017.5765886834101,2016.2147474965393,2016.3213916962657,472.0,25.0
2024-01-26 16:00:00,2016.3213916962657,2018.3391506338169,2015.9754949762146,2018.3391506338169,359.0,25.0
2024-01-26 16:15:00,2018.3391506338169,2019.07800275395,2018.0104892884563,2018.9029697581748,234.0,25.0
2024-01-26 16:30:00,2018.9029697581748,2021.6052509774383,2018.1522268822391,2021.6052509774383,329.0,25.0
2024-01-26 16:45:00,2021.6052509774383,2021.6052509774383,2020.0964330923823,2021.126183424055,414.0,25.0
2024-01-26 17:00:00,2021.126183424055,2021.2273432302186,2019.7821278093024,2019.7821278093024,425.0,25.0
2024-01-26 17:15:00,2019.7821278093024,2020.9634462276701,2018.3519883587376,2020.9634462276701,90.0,25.0
2024-01-26 17:30:00,2020.9634462276701,2021.2009198860994,2019.2188873852283,2019.2188873852283,323.0,25.0
2024-01-26 17:45:00,2019.2188873852283,2020.331790933571,2019.0043910216632,2020.2140525993782,227.0,25.0
2024-01-26 18:00:00,2020.2140525993782,2022.732436808713,2020.2140525993782,2022.732436808713,362.0,25.0
2024-01-26 18:15:00,2022.732436808713,2022.732436808713,2019.0082466853846,2019.0082466853846,185.0,25.0
2024-01-26 18:30:00,2019.0082466853846,2019.0082466853846,2015.2534373364745,2015.4586521423053,172.0,25.0
2024-01-26 18:45:00,2015.4586521423053,2017.0563094014608,2015.3693629529168,2015.6121616678508,51.0,25.0
2024-01-26 19:00:00,2015.6121616678508,2015.6121616678508,2012.431525877907,2013.8070319426902,280.0,25.0
2024-01-26 19:15:00,2013.8070319426902,2016.0931509466254,2013.8070319426902,2016.0931509466254,246.0,25.0
2024-01-26 19:30:00,2016.0931509466254,2017.6785751911782,2014.294089302032,2014.294089302032,389.0,25.0
2024-01-26 19:45:00,2014.294089302032,2018.6329346886168,2014.294089302032,2018.6329346886168,485.0,25.0
2024-01-26 20:00:00,2018.6329346886168,2018.6329346886168,2015.7256832528933,2015.7256832528933,143.0,25.0
2024-01-26 20:15:00,2015.7256832528933,2017.253619014774,2015.1658959403314,2017.253619014774,314.0,25.0
2024-01-26 20:30:00,2017.253619014774,2019.0777983785608,2017.253619014774,2017.3389682147085,296.0,25.0
2024-01-26 20:45:00,2017.3389682147085,2017.8256034708088,2015.8475059898567,2017.8256034708088,201.0,25.0
2024-01-26 21:00:00,2017.8256034708088,2019.8600953504124,2016.4901985050092,2019.8600953504124,120.0,25.0
2024-01-26 21:15:00,2019.8600953504124,2019.8600953504124,2018.1737518543873,2019.2981669818398,420.0,25.0
2024-01-26 21:30:00,2019.2981669818398,2021.9555191788345,2018.939160488897,2021.9555191788345,212.0,25.0
2024-01-26 21:45:00,2021.9555191788345,2021.9555191788345,2016.863908413934,2016.863908413934,469.0,25.0
2024-01-26 22:00:00,2016.863908413934,2020.2289256919958,2016.8573294756823,2019.509003564283,366.0,25.0
2024-01-26 22:15:00,2019.509003564283,2023.7739305231328,2018.6707813649477,2023.7739305231328,199.0,25.0
2024-01-26 22:30:00,2023.7739305231328,2023.9530089596146,2022.4505879583983,2023.9530089596146,431.0,25.0
2024-01-26 22:45:00,2023.9530089596146,2023.9530089596146,2020.470643707368,2020.470643707368,257.0,25.0
2024-01-26 23:00:00,2020.470643707368,2021.640417384632,2020.2326160019059,2020.3425019169845,93.0,25.0
2024-01-26 23:15:00,2020.3425019169845,2022.7735827298777,2020.3425019169845,2022.18427682704,210.0,25.0
2024-01-26 23:30:00,2022.18427682704,2022.657912729734,2020.002919373349,2020.002919373349,421.0,25.0
2024-01-26 23:45:00,2020.002919373349,2025.9700101367212,2020.002919373349,2025.9700101367212,369.0,25.0
2024-01-29 00:00:00,2025.9700101367212,2025.9700101367212,2023.2898550575978,2024.023722654019,187.0,25.0
2024-01-29 00:15:00,2024.023722654019,2024.023722654019,2021.1990901535112,2022.286565176225,202.0,25.0
2024-01-29 00:30:00,2022.286565176225,2022.286565176225,2018.0652944283584,2018.3133041728058,159.0,25.0
2024-01-29 00:45:00,2018.3133041728058,2021.3432380888516,2018.3133041728058,2021.3432380888516,296.0,25.0
2024-01-29 01:00:00,2021.3432380888516,2021.754023047347,2020.3570764518488,2020.9099416865217,456.0,25.0
2024-01-29 01:15:00,2020.9099416865217,2025.6238127993397,2020.9099416865217,2025.6238127993397,494.0,25.0
2024-01-29 01:30:00,2025.6238127993397,2027.1339536984817,2025.6238127993397,2026.2731991175344,215.0,25.0
2024-01-29 01:45:00,2026.2731991175344,2026.4392592451497,2024.1765582854198,2025.4211978463677,398.0,25.0
2024-01-29 02:00:00,2025.4211978463677,2027.2278693625071,2025.4211978463677,2027.2278693625071,361.0,25.0
2024-01-29 02:15:00,2027.2278693625071,2028.6331478312873,2025.8659407399784,2028.6331478312873,497.0,25.0
2024-01-29 02:30:00,2028.6331478312873,2028.818005618415,2027.5410185324286,2027.9184957299456,133.0,25.0
2024-01-29 02:45:00,2027.9184957299456,2030.928166607488,2027.9184957299456,2028.8706890846854,224.0,25.0
2024-01-29 03:00:00,2028.8706890846854,2029.5908462956977,2026.924276906013,2026.924276906013,466.0,25.0
2024-01-29 03:15:00,2026.924276906013,2027.9061029371114,2025.7726347985115,2025.7726347985115,152.0,25.0
2024-01-29 03:30:00,2025.7726347985115,2030.0189296455221,2025.7726347985115,2029.8413466245863,472.0,25.0
2024-01-29 03:45:00,2029.8413466245863,2030.9201043117168,2028.787987540693,2029.1652347541851,174.0,25.0
2024-01-29 04:00:00,2029.1652347541851,2029.2971802026825,2026.8127617933042,2026.8127617933042,300.0,25.0
2024-01-29 04:15:00,2026.8127617933042,2029.3329311781758,2026.8127617933042,2028.8203320841099,401.0,25.0
2024-01-29 04:30:00,2028.8203320841099,2028.8203320841099,2022.7545610859797,2023.2188515772357,413.0,25.0
2024-01-29 04:45:00,2023.2188515772357,2024.2866099386426,2021.8910705995456,2023.6339502214248,185.0,25.0
2024-01-29 05:00:00,2023.6339502214248,2024.3364079836638,2021.9807054909284,2021.9807054909284,254.0,25.0
2024-01-29 05:15:00,2021.9807054909284,2023.975641601902,2021.9807054909284,2023.4941936952266,168.0,25.0
2024-01-29 05:30:00,2023.4941936952266,2023.4941936952266,2021.4108727679238,2021.4108727679238,348.0,25.0
2024-01-29 05:45:00,2021.4108727679238,2021.4108727679238,2019.4492447313178,2019.4492447313178,239.0,25.0
2024-01-29 06:00:00,2019.4492447313178,2022.0197910309687,2019.4492447313178,2021.528996238095,328.0,25.0
2024-01-29 06:15:00,2021.528996238095,2022.3133427685407,2018.6981617832807,2022.3133427685407,193.0,25.0
2024-01-29 06:30:00,2022.3133427685407,2025.3672656162855,2022.3133427685407,2023.7168918988334,415.0,25.0
2024-01-29 06:45:00,2023.7168918988334,2024.9858168025164,2021.9560283167198,2024.9858168025164,442.0,25.0
2024-01-29 07:00:00,2024.9858168025164,2025.3821637857502,2024.2240608754234,2025.3710430311066,361.0,25.0
2024-01-29 07:15:00,2025.3710430311066,2025.3710430311066,2023.2368986007116,2023.5186367029328,142.0,25.0
2024-01-29 07:30:00,2023.5186367029328,2023.6794444586467,2021.7166683558005,2022.628389885484,294.0,25.0
2024-01-29 07:45:00,2022.628389885484,2023.051617235699,2020.658323044866,2022.919081777476,401.0,25.0
2024-01-29 08:00:00,2022.919081777476,2026.7454963871567,2022.919081777476,2026.7454963871567,143.0,25.0
2024-01-29 08:15:00,2026.7454963871567,2027.3051082464933,2025.6636486279408,2027.3051082464933,317.0,25.0
2024-01-29 08:30:00,2027.3051082464933,2029.135011898409,2027.3051082464933,2029.135011898409,269.0,25.0
2024-01-29 08:45:00,2029.135011898409,2030.7273534752862,2028.6394707011546,2030.7273534752862,183.0,25.0
2024-01-29 09:00:00,2030.7273534752862,2031.5701068714916,2028.2519780229743,2031.5701068714916,276.0,25.0
2024-01-29 09:15:00,2031.5701068714916,2033.2971259878736,2031.4026987575942,2032.6287151425825,361.0,25.0
2024-01-29 09:30:00,2032.6287151425825,2033.3742604599581,2032.2337712864914,2032.4631571706827,135.0,25.0
2024-01-29 09:45:00,2032.4631571706827,2038.2888827055506,2032.4631571706827,2038.2888827055506,135.0,25.0
2024-01-29 10:00:00,2038.2888827055506,2040.5379375024183,2038.2888827055506,2040.0876548728238,62.0,25.0
2024-01-29 10:15:00,2040.0876548728238,2040.0876548728238,2038.300586190882,2038.6644303695412,199.0,25.0
2024-01-29 10:30:00,2038.6644303695412,2038.6644303695412,2036.5596585065855,2038.5059818603058,404.0,25.0
2024-01-29 10:45:00,2038.5059818603058,2038.8307693722677,2036.3859355380673,2038.8307693722677,148.0,25.0
2024-01-29 11:00:00,2038.8307693722677,2038.8307693722677,2036.0009188154831,2036.0009188154831,357.0,25.0
2024-01-29 11:15:00,2036.0009188154831,2037.392008781842,2035.4114843462444,2037.392008781842,208.0,25.0
2024-01-29 11:30:00,2037.392008781842,2039.1348426432069,2037.392008781842,2037.9932370015188,267.0,25.0
2024-01-29 11:45:00,2037.9932370015188,2037.9932370015188,2035.915856918706,2037.1756553306657,480.0,25.0
2024-01-29 12:00:00,2037.1756553306657,2037.1756553306657,2035.1076562242586,2035.544494203969,446.0,25.0
2024-01-29 12:15:00,2035.544494203969,2035.544494203969,2030.670792961215,2032.2418160687469,186.0,25.0
2024-01-29 12:30:00,2032.2418160687469,2033.5995246419627,2030.8756701536172,2030.9126798368998,220.0,25.0
2024-01-29 12:45:00,2030.9126798368998,2030.9126798368998,2025.7548233503055,2027.8929528015817,350.0,25.0
2024-01-29 13:00:00,2027.8929528015817,2028.2285142424905,2026.4269821558942,2027.0406287386645,158.0,25.0
2024-01-29 13:15:00,2027.0406287386645,2027.8346508821078,2025.442608948334,2026.1384793018403,321.0,25.0
2024-01-29 13:30:00,2026.1384793018403,2026.1384793018403,2022.9985828558451,2025.80638281274,141.0,25.0
2024-01-29 13:45:00,2025.80638281274,2029.7501554351593,2025.80638281274,2029.7501554351593,157.0,25.0
2024-01-29 14:00:00,2029.7501554351593,2029.7501554351593,2027.4826503721852,2028.235089388438,77.0,25.0
2024-01-29 14:15:00,2028.235089388438,2029.6583954845719,2028.0497633993882,2029.1248059793463,237.0,25.0
2024-01-29 14:30:00,2029.1248059793463,2031.8652942450974,2029.1248059793463,2029.7826532828076,185.0,25.0
2024-01-29 14:45:00,2029.7826532828076,2029.7826532828076,2028.5843257160102,2029.4096102435215,139.0,25.0
2024-01-29 15:00:00,2029.4096102435215,2029.4096102435215,2022.1921811454579,2022.1921811454579,111.0,25.0
2024-01-29 15:15:00,2022.1921811454579,2023.033392621677,2020.3347762868254,2022.7403869231139,452.0,25.0
2024-01-29 15:30:00,2022.7403869231139,2025.780936795188,2022.7403869231139,2025.780936795188,212.0,25.0
2024-01-29 15:45:00,2025.780936795188,2028.8557039379548,2025.780936795188,2028.8479071995819,478.0,25.0
2024-01-29 16:00:00,2028.8479071995819,2028.8479071995819,2022.3243825894003,2022.3243825894003,305.0,25.0
2024-01-29 16:15:00,2022.3243825894003,2023.2458629852886,2019.6810519854398,2023.2458629852886,61.0,25.0
2024-01-29 16:30:00,2023.2458629852886,2025.2740425037114,2023.2458629852886,2024.1606734077861,75.0,25.0
2024-01-29 16:45:00,2024.1606734077861,2026.220062518821,2023.7841453079025,2024.7868513631613,151.0,25.0
2024-01-29 17:00:00,2024.7868513631613,2025.8320709114662,2023.3578496988557,2023.3578496988557,299.0,25.0
2024-01-29 17:15:00,2023.3578496988557,2026.97430686233,2021.538092964221,2026.97430686233,430.0,25.0
2024-01-29 17:30:00,2026.97430686233,2027.974120870074,2025.8977352105926,2025.8977352105926,388.0,25.0
2024-01-29 17:45:00,2025.8977352105926,2030.324769289856,2025.8977352105926,2030.324769289856,269.0,25.0
2024-01-29 18:00:00,2030.324769289856,2031.8899938779502,2028.9569019704852,2028.9569019704852,325.0,25.0
2024-01-29 18:15:00,2028.9569019704852,2033.147804711198,2028.9569019704852,2033.147804711198,283.0,25.0
2024-01-29 18:30:00,2033.147804711198,2033.147804711198,2031.0102375245647,2031.058011250007,280.0,25.0
2024-01-29 18:45:00,2031.058011250007,2031.058011250007,2025.0509470025918,2025.0509470025918,54.0,25.0
2024-01-29 19:00:00,2025.0509470025918,2025.0509470025918,2021.9542956310013,2021.9542956310013,216.0,25.0
2024-01-29 19:15:00,2021.9542956310013,2022.416325809422,2019.304926975974,2019.304926975974,315.0,25.0
2024-01-29 19:30:00,2019.304926975974,2021.4905135999645,2019.304926975974,2021.4905135999645,319.0,25.0
2024-01-29 19:45:00,2021.4905135999645,2022.7040150870669,2019.9842949982485,2020.5162610160337,497.0,25.0
2024-01-29 20:00:00,2020.5162610160337,2021.3580143955965,2019.5379602277155,2020.1194466339555,459.0,25.0
2024-01-29 20:15:00,2020.1194466339555,2021.412830217823,2019.0628535442174,2021.412830217823,52.0,25.0
2024-01-29 20:30:00,2021.412830217823,2022.4185943251043,2020.5354916307363,2021.7530863162362,323.0,25.0
2024-01-29 20:45:00,2021.7530863162362,2021.8487889157402,2019.6430187582323,2021.8487889157402,243.0,25.0
2024-01-29 21:00:00,2021.8487889157402,2022.6443167670445,2020.9712442532557,2020.9712442532557,204.0,25.0
2024-01-29 21:15:00,2020.9712442532557,2024.2003712889227,2020.8468090883814,2024.2003712889227,314.0,25.0
2024-01-29 21:30:00,2024.2003712889227,2025.6931115114087,2023.5791523988491,2025.6931115114087,471.0,25.0
2024-01-29 21:45:00,2025.6931115114087,2025.6931115114087,2022.5788896062077,2023.0735315947368,394.0,25.0
2024-01-29 22:00:00,2023.0735315947368,2023.8248535852254,2021.7815550878488,2021.7815550878488,384.0,25.0
2024-01-29 22:15:00,2021.7815550878488,2026.1071751624818,2021.3853359280122,2026.1071751624818,465.0,25.0
2024-01-29 22:30:00,2026.1071751624818,2026.1071751624818,2023.7769232748064,2024.3738296071012,362.0,25.0
2024-01-29 22:45:00,2024.3738296071012,2024.6976180603917,2022.3557012647636,2023.6282335031779,449.0,25.0
2024-01-29 23:00:00,2023.6282335031779,2024.964465768566,2022.9136469625716,2024.964465768566,284.0,25.0
2024-01-29 23:15:00,2024.964465768566,2025.6240915249384,2023.106560894553,2025.6240915249384,255.0,25.0
2024-01-29 23:30:00,2025.6240915249384,2025.6240915249384,2021.267062217001,2021.267062217001,92.0,25.0
2024-01-29 23:45:00,2021.267062217001,2022.6881989427911,2021.267062217001,2021.3126854249522,347.0,25.0
2024-01-30 00:00:00,2021.3126854249522,2021.3126854249522,2017.906276738948,2020.7500211847969,152.0,25.0
2024-01-30 00:15:00,2020.7500211847969,2021.0131542014167,2019.0852137654372,2019.8477721262655,367.0,25.0
2024-01-30 00:30:00,2019.8477721262655,2019.8477721262655,2017.347346248721,2018.3003455329472,409.0,25.0
2024-01-30 00:45:00,2018.3003455329472,2019.8585143925395,2018.3003455329472,2018.9744606841662,386.0,25.0
2024-01-30 01:00:00,2018.9744606841662,2018.9744606841662,2017.520453690612,2017.520453690612,447.0,25.0
2024-01-30 01:15:00,2017.520453690612,2019.0833351342744,2017.520453690612,2018.4984765750994,155.0,25.0
2024-01-30 01:30:00,2018.4984765750994,2018.4984765750994,2015.7586869547779,2015.7586869547779,479.0,25.0
2024-01-30 01:45:00,2015.7586869547779,2015.7995515699267,2014.0087363332177,2015.649078087148,249.0,25.0
2024-01-30 02:00:00,2015.649078087148,2015.649078087148,2010.9648251703227,2010.9648251703227,152.0,25.0
2024-01-30 02:15:00,2010.9648251703227,2010.9648251703227,2008.4626391346833,2010.8872808125898,130.0,25.0
2024-01-30 02:30:00,2010.8872808125898,2013.0763571932343,2010.8372771051297,2010.8372771051297,416.0,25.0
2024-01-30 02:45:00,2010.8372771051297,2012.8612722728383,2010.8372771051297,2012.6994796121844,485.0,25.0
2024-01-30 03:00:00,2012.6994796121844,2013.6984868618179,2011.24266349321,2012.1851844413814,249.0,25.0
2024-01-30 03:15:00,2012.1851844413814,2015.2834521708758,2012.1851844413814,2014.277390424003,464.0,25.0
2024-01-30 03:30:00,2014.277390424003,2015.9067778369551,2013.3493286682094,2013.694827649819,77.0,25.0
2024-01-30 03:45:00,2013.694827649819,2014.1860704436285,2012.211931840169,2013.107435981406,316.0,25.0
2024-01-30 04:00:00,2013.107435981406,2013.107435981406,2009.266650989809,2010.9222239771914,185.0,25.0
2024-01-30 04:15:00,2010.9222239771914,2011.4913000820063,2010.2954073966707,2010.2954073966707,77.0,25.0
2024-01-30 04:30:00,2010.2954073966707,2012.1983653131551,2010.2954073966707,2011.376602476894,401.0,25.0
2024-01-30 04:45:00,2011.376602476894,2011.376602476894,2009.0845991181009,2009.553090178249,307.0,25.0
2024-01-30 05:00:00,2009.553090178249,2009.553090178249,2006.6502859461068,2008.0006167479523,254.0,25.0
2024-01-30 05:15:00,2008.0006167479523,2012.187097062986,2008.0006167479523,2012.187097062986,449.0,25.0
2024-01-30 05:30:00,2012.187097062986,2012.7189273747376,2011.9654714507878,2012.5118003588473,169.0,25.0
2024-01-30 05:45:00,2012.5118003588473,2014.1912017937286,2011.0995231339566,2013.7628168586011,149.0,25.0
2024-01-30 06:00:00,2013.7628168586011,2014.7322659099361,2011.5170919359296,2014.7322659099361,234.0,25.0
2024-01-30 06:15:00,2014.7322659099361,2016.8041592708546,2014.7322659099361,2016.8041592708546,385.0,25.0
2024-01-30 06:30:00,2016.8041592708546,2016.8041592708546,2015.0750387349085,2015.0750387349085,370.0,25.0
2024-01-30 06:45:00,2015.0750387349085,2016.3741474076762,2013.955352976521,2016.3741474076762,424.0,25.0
2024-01-30 07:00:00,2016.3741474076762,2017.8306941696817,2014.575578401463,2017.8306941696817,285.0,25.0
2024-01-30 07:15:00,2017.8306941696817,2017.8306941696817,2017.0763573516194,2017.0763573516194,312.0,25.0
2024-01-30 07:30:00,2017.0763573516194,2017.0763573516194,2013.7858352839821,2014.9806615776918,144.0,25.0
2024-01-30 07:45:00,2014.9806615776918,2018.2229921324758,2014.551758127975,2018.2229921324758,171.0,25.0
2024-01-30 08:00:00,2018.2229921324758,2018.2229921324758,2014.8304476349676,2016.2396207745778,287.0,25.0
2024-01-30 08:15:00,2016.2396207745778,2017.4114204350767,2015.7487325254644,2017.31762471395,326.0,25.0
2024-01-30 08:30:00,2017.31762471395,2018.935207031544,2017.31762471395,2018.1901814710059,290.0,25.0
2024-01-30 08:45:00,2018.1901814710059,2019.9316832675559,2017.251068834362,2019.9316832675559,251.0,25.0
2024-01-30 09:00:00,2019.9316832675559,2022.6038404582096,2019.9316832675559,2022.529814409605,398.0,25.0
2024-01-30 09:15:00,2022.529814409605,2022.529814409605,2019.8651156730873,2021.645377202773,294.0,25.0
2024-01-30 09:30:00,2021.645377202773,2026.0311368905939,2021.645377202773,2025.693719909579,129.0,25.0
2024-01-30 09:45:00,2025.693719909579,2025.8602292441892,2023.9441584655492,2024.1043055658213,132.0,25.0
2024-01-30 10:00:00,2024.1043055658213,2024.1043055658213,2021.0164751648485,2022.7299383016239,416.0,25.0
2024-01-30 10:15:00,2022.7299383016239,2022.8166041239413,2018.7603566798587,2018.7603566798587,306.0,25.0
2024-01-30 10:30:00,2018.7603566798587,2018.7603566798587,2015.5167660191005,2016.4126094022217,394.0,25.0
2024-01-30 10:45:00,2016.4126094022217,2016.9756820971566,2012.3660714683592,2013.4779878565676,216.0,25.0
2024-01-30 11:00:00,2013.4779878565676,2014.1074669890959,2012.6162716588374,2013.1322498145212,254.0,25.0
2024-01-30 11:15:00,2013.1322498145212,2013.5476046352985,2011.513198659281,2011.7401743114833,195.0,25.0
2024-01-30 11:30:00,2011.7401743114833,2012.480216464981,2011.1464401967312,2012.480216464981,261.0,25.0
2024-01-30 11:45:00,2012.480216464981,2015.4492790031197,2012.480216464981,2015.4492790031197,247.0,25.0
2024-01-30 12:00:00,2015.4492790031197,2015.8247417115178,2011.8818949748772,2011.8818949748772,245.0,25.0
2024-01-30 12:15:00,2011.8818949748772,2013.1625622706272,2009.2145403441652,2009.2145403441652,444.0,25.0
2024-01-30 12:30:00,2009.2145403441652,2011.7212612493993,2009.2145403441652,2011.7212612493993,242.0,25.0
2024-01-30 12:45:00,2011.7212612493993,2013.015362267741,2011.5296470378862,2011.9135685498795,206.0,25.0
2024-01-30 13:00:00,2011.9135685498795,2013.3230423632413,2011.4944455522934,2013.3230423632413,187.0,25.0
2024-01-30 13:15:00,2013.3230423632413,2013.3835537489097,2012.0749052435915,2013.3835537489097,194.0,25.0
2024-01-30 13:30:00,2013.3835537489097,2013.3835537489097,2009.7026004870695,2011.9976732942791,158.0,25.0
2024-01-30 13:45:00,2011.9976732942791,2012.4145468889876,2011.1407775144883,2011.3531899153757,148.0,25.0
2024-01-30 14:00:00,2011.3531899153757,2011.9616869968763,2009.6569638855087,2011.7045128751097,493.0,25.0
2024-01-30 14:15:00,2011.7045128751097,2012.9631574364657,2011.4254677705485,2012.9631574364657,423.0,25.0
2024-01-30 14:30:00,2012.9631574364657,2015.5058190803102,2012.5983807348593,2012.5983807348593,125.0,25.0
2024-01-30 14:45:00,2012.5983807348593,2013.5073136351234,2011.388556453162,2012.9650691513723,222.0,25.0
2024-01-30 15:00:00,2012.9650691513723,2012.9650691513723,2010.7605688020888,2010.7605688020888,229.0,25.0
2024-01-30 15:15:00,2010.7605688020888,2012.5758474622835,2010.7605688020888,2012.5758474622835,433.0,25.0
2024-01-30 15:30:00,2012.5758474622835,2015.3987921473506,2011.2132109714987,2015.3987921473506,153.0,25.0
2024-01-30 15:45:00,2015.3987921473506,2017.5478637698138,2015.3074529108007,2017.5478637698138,295.0,25.0
2024-01-30 16:00:00,2017.5478637698138,2017.5478637698138,2014.3669243550942,2014.3669243550942,200.0,25.0
2024-01-30 16:15:00,2014.3669243550942,2015.189310349,2013.0914665878138,2015.189310349,154.0,25.0
2024-01-30 16:30:00,2015.189310349,2017.5637688555641,2014.3723886635898,2017.5637688555641,83.0,25.0
2024-01-30 16:45:00,2017.5637688555641,2018.7747478154092,2016.9666031194063,2017.7308975501676,71.0,25.0
2024-01-30 17:00:00,2017.7308975501676,2018.7087700898696,2015.969227921729,2015.969227921729,231.0,25.0
2024-01-30 17:15:00,2015.969227921729,2016.108764553843,2013.8002022072446,2016.108764553843,74.0,25.0
2024-01-30 17:30:00,2016.108764553843,2018.9571566198347,2016.108764553843,2018.9571566198347,452.0,25.0
2024-01-30 17:45:00,2018.9571566198347,2018.9571566198347,2015.0992915725915,2017.2375200514703,185.0,25.0
2024-01-30 18:00:00,2017.2375200514703,2018.1118164839427,2015.9765585830494,2015.9765585830494,271.0,25.0
2024-01-30 18:15:00,2015.9765585830494,2017.7240920661907,2015.6016005628478,2017.7240920661907,347.0,25.0
2024-01-30 18:30:00,2017.7240920661907,2019.158780547799,2017.6195546117049,2018.517180623697,488.0,25.0
2024-01-30 18:45:00,2018.517180623697,2020.0187531264985,2017.909850417799,2018.836717152583,263.0,25.0
2024-01-30 19:00:00,2018.836717152583,2023.3144867692913,2018.836717152583,2023.3144867692913,409.0,25.0
2024-01-30 19:15:00,2023.3144867692913,2024.5310911883896,2023.2054177850096,2023.8307253302016,331.0,25.0
2024-01-30 19:30:00,2023.8307253302016,2023.8307253302016,2020.418915653304,2021.2769730687833,449.0,25.0
2024-01-30 19:45:00,2021.2769730687833,2022.5172960676182,2018.190053087532,2018.190053087532,136.0,25.0
2024-01-30 20:00:00,2018.190053087532,2020.0330151854635,2016.6212210429487,2016.6212210429487,158.0,25.0
2024-01-30 20:15:00,2016.6212210429487,2020.3263979456724,2016.6212210429487,2020.3263979456724,374.0,25.0
2024-01-30 20:30:00,2020.3263979456724,2020.9219794941455,2020.2961509635288,2020.3799759164556,63.0,25.0
2024-01-30 20:45:00,2020.3799759164556,2022.16413692215,2018.871721536374,2018.871721536374,88.0,25.0
2024-01-30 21:00:00,2018.871721536374,2023.2263893599327,2018.871721536374,2020.3973612728641,363.0,25.0
2024-01-30 21:15:00,2020.3973612728641,2023.0667587729536,2020.36764161535,2022.532709460075,114.0,25.0
2024-01-30 21:30:00,2022.532709460075,2026.8477380203074,2022.532709460075,2024.6275747209306,343.0,25.0
2024-01-30 21:45:00,2024.6275747209306,2026.1257519493513,2022.6894895838116,2026.1257519493513,140.0,25.0
2024-01-30 22:00:00,2026.1257519493513,2026.1257519493513,2023.830966786946,2023.830966786946,253.0,25.0
2024-01-30 22:15:00,2023.830966786946,2025.1169700473802,2023.631778899263,2023.631778899263,395.0,25.0
2024-01-30 22:30:00,2023.631778899263,2023.631778899263,2018.7561559527753,2020.28493211585,324.0,25.0
2024-01-30 22:45:00,2020.28493211585,2024.0400438730885,2020.28493211585,2024.0400438730885,453.0,25.0
2024-01-30 23:00:00,2024.0400438730885,2025.5056549894298,2023.1143385854016,2024.3039406700777,251.0,25.0
2024-01-30 23:15:00,2024.3039406700777,2024.3039406700777,2020.4753407677306,2020.4753407677306,377.0,25.0
2024-01-30 23:30:00,2020.4753407677306,2020.4753407677306,2017.5896766599803,2019.5688679322707,144.0,25.0
2024-01-30 23:45:00,2019.5688679322707,2021.0010129821276,2018.9409269490757,2018.9409269490757,467.0,25.0
2024-01-31 00:00:00,2018.9409269490757,2021.9161106971915,2018.9409269490757,2021.4804671227037,468.0,25.0
2024-01-31 00:15:00,2021.4804671227037,2021.6334232080806,2019.5998388629628,2020.9266303991005,238.0,25.0
2024-01-31 00:30:00,2020.9266303991005,2020.9266303991005,2017.750939257231,2017.750939257231,160.0,25.0
2024-01-31 00:45:00,2017.750939257231,2018.0535895096557,2016.9047653248115,2017.5881620017158,130.0,25.0
2024-01-31 01:00:00,2017.5881620017158,2019.753233044261,2017.4267369913075,2019.3032617210556,227.0,25.0
2024-01-31 01:15:00,2019.3032617210556,2019.4211837955577,2016.3565413213496,2016.9417874545848,276.0,25.0
2024-01-31 01:30:00,2016.9417874545848,2016.9417874545848,2013.8939888161115,2014.5253031022141,246.0,25.0
2024-01-31 01:45:00,2014.5253031022141,2017.196167910691,2014.4345260112111,2017.196167910691,463.0,25.0
2024-01-31 02:00:00,2017.196167910691,2018.2422802449137,2017.022967429239,2018.2422802449137,497.0,25.0
2024-01-31 02:15:00,2018.2422802449137,2018.6248472762597,2015.3305226066482,2016.761292723315,493.0,25.0
2024-01-31 02:30:00,2016.761292723315,2018.417175484322,2015.657989310567,2018.417175484322,361.0,25.0
2024-01-31 02:45:00,2018.417175484322,2019.862130110794,2017.9436051231562,2018.9616495951584,52.0,25.0
2024-01-31 03:00:00,2018.9616495951584,2019.1950972939978,2013.7426120831115,2013.7426120831115,210.0,25.0
2024-01-31 03:15:00,2013.7426120831115,2014.1578672867163,2012.479744067648,2012.6784111644026,346.0,25.0
2024-01-31 03:30:00,2012.6784111644026,2012.7125798790626,2011.2527451777044,2011.2527451777044,99.0,25.0
2024-01-31 03:45:00,2011.2527451777044,2012.603232211228,2011.2527451777044,2012.603232211228,462.0,25.0
2024-01-31 04:00:00,2012.603232211228,2013.2954106806528,2011.2078853713374,2013.2954106806528,491.0,25.0
2024-01-31 04:15:00,2013.2954106806528,2016.3051339191368,2013.2954106806528,2015.0487365112497,58.0,25.0
2024-01-31 04:30:00,2015.0487365112497,2015.9933322024397,2013.8989645047363,2015.9933322024397,109.0,25.0
2024-01-31 04:45:00,2015.9933322024397,2016.2244707427997,2014.342234386717,2016.2244707427997,345.0,25.0
2024-01-31 05:00:00,2016.2244707427997,2018.5105164268116,2016.2244707427997,2016.6701372111204,216.0,25.0
2024-01-31 05:15:00,2016.6701372111204,2017.2720469225326,2015.2125504460016,2017.2720469225326,202.0,25.0
2024-01-31 05:30:00,2017.2720469225326,2022.032294224763,2017.2720469225326,2022.032294224763,122.0,25.0
2024-01-31 05:45:00,2022.032294224763,2022.6435500564132,2020.0379196120748,2021.16497909453,423.0,25.0
2024-01-31 06:00:00,2021.16497909453,2027.1143139878973,2019.71910017876,2027.1143139878973,84.0,25.0
2024-01-31 06:15:00,2027.1143139878973,2027.541251881039,2026.6248325196182,2027.3690056063012,407.0,25.0
2024-01-31 06:30:00,2027.3690056063012,2028.337516936472,2025.8083726654552,2026.7184813634603,115.0,25.0
2024-01-31 06:45:00,2026.7184813634603,2027.3894086549062,2025.7675206738127,2025.7675206738127,335.0,25.0
2024-01-31 07:00:00,2025.7675206738127,2027.439131671426,2024.4332729620141,2024.4332729620141,372.0,25.0
2024-01-31 07:15:00,2024.4332729620141,2024.4332729620141,2020.176139053711,2020.176139053711,372.0,25.0
2024-01-31 07:30:00,2020.176139053711,2020.176139053711,2017.5950858892056,2018.5075527296258,136.0,25.0
2024-01-31 07:45:00,2018.5075527296258,2019.9388189115264,2017.606837938734,2019.9388189115264,426.0,25.0
2024-01-31 08:00:00,2019.9388189115264,2023.0469225203694,2019.3020472097091,2023.0469225203694,148.0,25.0
2024-01-31 08:15:00,2023.0469225203694,2023.0469225203694,2019.4340018156965,2019.4340018156965,481.0,25.0
2024-01-31 08:30:00,2019.4340018156965,2020.4669606864666,2018.8022680186275,2019.6148138124872,50.0,25.0
2024-01-31 08:45:00,2019.6148138124872,2021.6358908130935,2019.6148138124872,2021.622357897385,422.0,25.0
2024-01-31 09:00:00,2021.622357897385,2024.111320535882,2021.2174652894294,2023.9479662832484,340.0,25.0
2024-01-31 09:15:00,2023.9479662832484,2023.9479662832484,2021.3430998634462,2023.2248300479428,444.0,25.0
2024-01-31 09:30:00,2023.2248300479428,2024.5121554582379,2022.5976895874442,2023.8830134396546,280.0,25.0
2024-01-31 09:45:00,2023.8830134396546,2023.9527881319757,2022.3319942270696,2023.3012972458314,307.0,25.0
2024-01-31 10:00:00,2023.3012972458314,2023.3012972458314,2021.0462667577901,2022.8656655749546,163.0,25.0
2024-01-31 10:15:00,2022.8656655749546,2024.207831082536,2022.2625211896732,2023.0819159473658,54.0,25.0
2024-01-31 10:30:00,2023.0819159473658,2023.0819159473658,2017.985593139974,2019.0785871217072,352.0,25.0
2024-01-31 10:45:00,2019.0785871217072,2021.706465243425,2019.0785871217072,2020.8683339408135,142.0,25.0
2024-01-31 11:00:00,2020.8683339408135,2023.1964152504324,2019.1459546641036,2022.0103124296438,100.0,25.0
2024-01-31 11:15:00,2022.0103124296438,2022.093380158502,2019.6801993117417,2020.513208111157,435.0,25.0
2024-01-31 11:30:00,2020.513208111157,2021.2585640157897,2020.0156775286546,2020.0156775286546,106.0,25.0
2024-01-31 11:45:00,2020.0156775286546,2020.0156775286546,2017.479707319141,2017.7517042666318,333.0,25.0
2024-01-31 12:00:00,2017.7517042666318,2018.1420856440682,2016.1656476458525,2016.1656476458525,240.0,25.0
2024-01-31 12:15:00,2016.1656476458525,2016.1656476458525,2013.6613084667165,2014.406942224787,259.0,25.0
2024-01-31 12:30:00,2014.406942224787,2014.406942224787,2007.8196213717486,2007.8196213717486,438.0,25.0
2024-01-31 12:45:00,2007.8196213717486,2008.0548102116618,2004.5218780936543,2006.830692538764,210.0,25.0
2024-01-31 13:00:00,2006.830692538764,2009.0703211244138,2006.830692538764,2009.0703211244138,224.0,25.0
2024-01-31 13:15:00,2009.0703211244138,2010.6979434154737,2007.9287185916937,2007.9287185916937,117.0,25.0
2024-01-31 13:30:00,2007.9287185916937,2010.1957313268779,2007.9287185916937,2009.5735799941008,392.0,25.0
2024-01-31 13:45:00,2009.5735799941008,2010.2602122475266,2009.0267622001143,2010.1583362112158,432.0,25.0
2024-01-31 14:00:00,2010.1583362112158,2010.1583362112158,2006.9953495763393,2008.8362638144886,456.0,25.0
2024-01-31 14:15:00,2008.8362638144886,2011.3160946033559,2008.8362638144886,2010.078938011936,362.0,25.0
2024-01-31 14:30:00,2010.078938011936,2010.078938011936,2007.0041179333364,2007.0041179333364,108.0,25.0
2024-01-31 14:45:00,2007.0041179333364,2008.9411121584878,2005.7314552550547,2008.9411121584878,107.0,25.0
2024-01-31 15:00:00,2008.9411121584878,2009.8792868464866,2008.2445673132065,2009.099251010806,180.0,25.0
2024-01-31 15:15:00,2009.099251010806,2010.0628238046993,2008.3134764106153,2008.3134764106153,161.0,25.0
2024-01-31 15:30:00,2008.3134764106153,2010.051701555895,2008.3134764106153,2009.0797273271344,341.0,25.0
2024-01-31 15:45:00,2009.0797273271344,2011.143196803887,2009.0797273271344,2010.5273904519092,454.0,25.0
2024-01-31 16:00:00,2010.5273904519092,2010.5273904519092,2008.0878231867976,2008.5636561849567,439.0,25.0
2024-01-31 16:15:00,2008.5636561849567,2009.688418262338,2007.3875867669783,2008.184872108714,50.0,25.0
2024-01-31 16:30:00,2008.184872108714,2009.6167021428641,2008.184872108714,2009.6167021428641,75.0,25.0
2024-01-31 16:45:00,2009.6167021428641,2013.9468290272002,2009.6167021428641,2013.3193897170565,466.0,25.0
2024-01-31 17:00:00,2013.3193897170565,2013.3193897170565,2011.097404528995,2011.097404528995,392.0,25.0
2024-01-31 17:15:00,2011.097404528995,2011.097404528995,2008.3646519998827,2008.3646519998827,118.0,25.0
2024-01-31 17:30:00,2008.3646519998827,2010.023412415441,2008.3386479995213,2009.047104591533,251.0,25.0
2024-01-31 17:45:00,2009.047104591533,2009.047104591533,2007.3358071512885,2008.0522355541966,364.0,25.0
2024-01-31 18:00:00,2008.0522355541966,2009.1754436152655,2008.0522355541966,2008.0754916911028,209.0,25.0
2024-01-31 18:15:00,2008.0754916911028,2009.6833304298955,2007.468163273898,2009.2612615012777,460.0,25.0
2024-01-31 18:30:00,2009.2612615012777,2009.2612615012777,2006.897353862274,2009.0153277823927,197.0,25.0
2024-01-31 18:45:00,2009.0153277823927,2009.5176939076116,2007.3576913781874,2009.3020752194172,278.0,25.0
2024-01-31 19:00:00,2009.3020752194172,2010.7287391700208,2009.0939001962993,2010.2780471175156,449.0,25.0
2024-01-31 19:15:00,2010.2780471175156,2013.9647372032643,2010.2780471175156,2013.4381623739864,451.0,25.0
2024-01-31 19:30:00,2013.4381623739864,2014.1904675010785,2012.8279287951846,2014.1904675010785,222.0,25.0
2024-01-31 19:45:00,2014.1904675010785,2014.1904675010785,2010.6221870358336,2010.6221870358336,471.0,25.0
2024-01-31 20:00:00,2010.6221870358336,2010.6221870358336,2004.239969564709,2004.239969564709,86.0,25.0
2024-01-31 20:15:00,2004.239969564709,2004.5774731249062,2002.683592940275,2003.24470245097,327.0,25.0
2024-01-31 20:30:00,2003.24470245097,2004.0007513651312,2002.416236522396,2003.5635135339244,378.0,25.0
2024-01-31 20:45:00,2003.5635135339244,2005.4074717664869,2002.2001010135357,2005.2294328467353,149.0,25.0
2024-01-31 21:00:00,2005.2294328467353,2006.4728584159852,2004.4996183864666,2005.8094043562908,433.0,25.0
2024-01-31 21:15:00,2005.8094043562908,2011.2956252534443,2005.8094043562908,2011.2956252534443,248.0,25.0
2024-01-31 21:30:00,2011.2956252534443,2012.5531897762573,2009.9910979736796,2009.9910979736796,319.0,25.0
2024-01-31 21:45:00,2009.9910979736796,2010.3772990402178,2008.466419145215,2008.466419145215,263.0,25.0
2024-01-31 22:00:00,2008.466419145215,2008.5483051063866,2004.9249070257688,2004.9249070257688,51.0,25.0
2024-01-31 22:15:00,2004.9249070257688,2005.58828663331,2004.755364373457,2004.755364373457,101.0,25.0
2024-01-31 22:30:00,2004.755364373457,2005.0545431499959,2003.4943384719124,2004.7081012430244,402.0,25.0
2024-01-31 22:45:00,2004.7081012430244,2005.627609697355,2003.4689343751672,2003.4689343751672,291.0,25.0
2024-01-31 23:00:00,2003.4689343751672,2003.8223458071081,2002.1492630696841,2003.1372216502464,476.0,25.0
2024-01-31 23:15:00,2003.1372216502464,2004.6208869703946,2003.1372216502464,2004.441629705777,55.0,25.0
2024-01-31 23:30:00,2004.441629705777,2006.965807077822,2004.441629705777,2005.939441290329,411.0,25.0
2024-01-31 23:45:00,2005.939441290329,2007.74625154394,2005.939441290329,2006.7639563029918,438.0,25.0
2024-02-01 00:00:00,2006.7639563029918,2009.1297717462103,2006.2837679546528,2007.487273973467,303.0,25.0
2024-02-01 00:15:00,2007.487273973467,2011.6161749352493,2007.457731271151,2011.053188969312,271.0,25.0
2024-02-01 00:30:00,2011.053188969312,2012.6886919844878,2010.022189729948,2012.289122174692,490.0,25.0
2024-02-01 00:45:00,2012.289122174692,2016.0441881165227,2012.289122174692,2016.0441881165227,398.0,25.0
2024-02-01 01:00:00,2016.0441881165227,2017.3169234232864,2016.0441881165227,2016.4441521541794,383.0,25.0
2024-02-01 01:15:00,2016.4441521541794,2017.951182968125,2016.4441521541794,2016.584577759371,458.0,25.0
2024-02-01 01:30:00,2016.584577759371,2016.584577759371,2014.6201153900965,2014.6201153900965,194.0,25.0
2024-02-01 01:45:00,2014.6201153900965,2017.8169906196606,2014.5391102814215,2017.8169906196606,87.0,25.0
2024-02-01 02:00:00,2017.8169906196606,2020.0517641228466,2016.8921139083272,2020.0517641228466,80.0,25.0
2024-02-01 02:15:00,2020.0517641228466,2020.0900161180907,2016.8418536928623,2016.8418536928623,273.0,25.0
2024-02-01 02:30:00,2016.8418536928623,2018.6253041309935,2016.8418536928623,2017.936377186989,147.0,25.0
2024-02-01 02:45:00,2017.936377186989,2021.3359677490223,2017.936377186989,2021.3359677490223,464.0,25.0
2024-02-01 03:00:00,2021.3359677490223,2024.3021563231525,2021.3359677490223,2024.3021563231525,441.0,25.0
2024-02-01 03:15:00,2024.3021563231525,2028.31354133684,2023.662654429232,2028.31354133684,68.0,25.0
2024-02-01 03:30:00,2028.31354133684,2028.31354133684,2026.0579962688448,2026.3075407005817,164.0,25.0
2024-02-01 03:45:00,2026.3075407005817,2030.7595911641579,2026.3075407005817,2030.4907230659835,140.0,25.0
2024-02-01 04:00:00,2030.4907230659835,2030.655287016954,2028.12756316549,2028.12756316549,54.0,25.0
2024-02-01 04:15:00,2028.12756316549,2033.466592523905,2028.12756316549,2031.0187517398717,300.0,25.0
2024-02-01 04:30:00,2031.0187517398717,2031.3847588435199,2029.7203587188799,2031.3847588435199,318.0,25.0
2024-02-01 04:45:00,2031.3847588435199,2031.6465927377644,2029.4226279730915,2030.09744833713,422.0,25.0
2024-02-01 05:00:00,2030.09744833713,2031.5680383793099,2029.4812094007793,2030.6356750493244,148.0,25.0
2024-02-01 05:15:00,2030.6356750493244,2030.888492242641,2028.2313952336162,2029.5352969628566,259.0,25.0
2024-02-01 05:30:00,2029.5352969628566,2034.34282719686,2029.5352969628566,2034.185516827333,279.0,25.0
2024-02-01 05:45:00,2034.185516827333,2036.49546630918,2034.185516827333,2035.0710231402513,161.0,25.0
2024-02-01 06:00:00,2035.0710231402513,2035.0710231402513,2032.5523347686612,2032.5523347686612,258.0,25.0
2024-02-01 06:15:00,2032.5523347686612,2034.967907259481,2032.5523347686612,2033.0259346920031,192.0,25.0
2024-02-01 06:30:00,2033.0259346920031,2033.0259346920031,2030.2929050500175,2031.2699190890248,420.0,25.0
2024-02-01 06:45:00,2031.2699190890248,2033.5618850981273,2031.1246852364332,2032.619274753036,125.0,25.0
2024-02-01 07:00:00,2032.619274753036,2037.278915329948,2032.619274753036,2036.6167293504564,404.0,25.0
2024-02-01 07:15:00,2036.6167293504564,2039.0445985726205,2036.6167293504564,2039.0445985726205,52.0,25.0
2024-02-01 07:30:00,2039.0445985726205,2039.0445985726205,2036.7897666872007,2036.7897666872007,311.0,25.0
2024-02-01 07:45:00,2036.7897666872007,2038.3742342894516,2036.5709414091782,2037.707572639282,459.0,25.0
2024-02-01 08:00:00,2037.707572639282,2038.7782525854552,2036.196206476362,2036.436788977934,338.0,25.0
2024-02-01 08:15:00,2036.436788977934,2041.51241048323,2036.436788977934,2041.51241048323,190.0,25.0
2024-02-01 08:30:00,2041.51241048323,2041.5931939130721,2040.546512254215,2040.9455826861843,269.0,25.0
2024-02-01 08:45:00,2040.9455826861843,2041.5407077447005,2040.7711237448011,2040.948393081446,293.0,25.0
2024-02-01 09:00:00,2040.948393081446,2043.171689826341,2040.948393081446,2041.459814708989,254.0,25.0
2024-02-01 09:15:00,2041.459814708989,2041.459814708989,2038.6298800923776,2040.0274259887715,497.0,25.0
2024-02-01 09:30:00,2040.0274259887715,2040.0274259887715,2037.6787094529902,2037.6787094529902,326.0,25.0
2024-02-01 09:45:00,2037.6787094529902,2037.6787094529902,2033.5878316338124,2035.790683487165,450.0,25.0
2024-02-01 10:00:00,2035.790683487165,2036.5479355226637,2035.1247427023989,2035.1247427023989,439.0,25.0
2024-02-01 10:15:00,2035.1247427023989,2036.231819869732,2034.5176741979867,2036.231819869732,302.0,25.0
2024-02-01 10:30:00,2036.231819869732,2038.2390584802401,2035.3921162084239,2038.2390584802401,446.0,25.0
2024-02-01 10:45:00,2038.2390584802401,2038.2390584802401,2035.8307698481262,2035.8307698481262,149.0,25.0
2024-02-01 11:00:00,2035.8307698481262,2039.8118360275341,2035.8307698481262,2039.7036620666659,474.0,25.0
2024-02-01 11:15:00,2039.7036620666659,2041.2251048902906,2038.1546784647612,2041.0599019093843,172.0,25.0
2024-02-01 11:30:00,2041.0599019093843,2043.4146279380498,2040.3777712464619,2042.4416642500387,359.0,25.0
2024-02-01 11:45:00,2042.4416642500387,2043.130935885139,2040.1487705509865,2040.7235307424949,321.0,25.0
2024-02-01 12:00:00,2040.7235307424949,2041.923430326098,2039.0940210606561,2041.923430326098,300.0,25.0
2024-02-01 12:15:00,2041.923430326098,2042.1642316781163,2039.4177292993418,2042.1642316781163,118.0,25.0
2024-02-01 12:30:00,2042.1642316781163,2042.6692762316832,2041.0756329109004,2042.6692762316832,409.0,25.0
2024-02-01 12:45:00,2042.6692762316832,2045.6141203945804,2042.4767837651752,2045.4202177353818,329.0,25.0
2024-02-01 13:00:00,2045.4202177353818,2046.7819299384023,2045.2160720911147,2046.7819299384023,499.0,25.0
2024-02-01 13:15:00,2046.7819299384023,2047.3071451246408,2046.2184921336454,2046.4130542052392,354.0,25.0
2024-02-01 13:30:00,2046.4130542052392,2047.8018691893767,2045.839416000888,2047.1195935709163,315.0,25.0
2024-02-01 13:45:00,2047.1195935709163,2047.1195935709163,2044.5267141434472,2044.5267141434472,199.0,25.0
2024-02-01 14:00:00,2044.5267141434472,2047.229504737119,2044.5267141434472,2044.565778596651,498.0,25.0
2024-02-01 14:15:00,2044.565778596651,2044.565778596651,2040.106830821212,2040.106830821212,315.0,25.0
2024-02-01 14:30:00,2040.106830821212,2041.1861674175027,2040.106830821212,2040.3446469637852,303.0,25.0
2024-02-01 14:45:00,2040.3446469637852,2042.388598786802,2040.3446469637852,2040.7817270268333,125.0,25.0
2024-02-01 15:00:00,2040.7817270268333,2044.4212981374749,2040.7817270268333,2044.4212981374749,215.0,25.0
2024-02-01 15:15:00,2044.4212981374749,2044.4212981374749,2039.510756009222,2039.510756009222,113.0,25.0
2024-02-01 15:30:00,2039.510756009222,2042.0165926448874,2039.510756009222,2042.0165926448874,231.0,25.0
2024-02-01 15:45:00,2042.0165926448874,2045.9483460832862,2042.0165926448874,2045.9483460832862,446.0,25.0
2024-02-01 16:00:00,2045.9483460832862,2045.9483460832862,2044.6112236459535,2045.5651996575614,63.0,25.0
2024-02-01 16:15:00,2045.5651996575614,2048.40815662165,2045.5651996575614,2048.40815662165,292.0,25.0
2024-02-01 16:30:00,2048.40815662165,2048.40815662165,2045.7990266595298,2045.7990266595298,484.0,25.0
2024-02-01 16:45:00,2045.7990266595298,2045.7990266595298,2042.6519368403972,2043.9354329439009,103.0,25.0
2024-02-01 17:00:00,2043.9354329439009,2047.211238229506,2043.9354329439009,2045.8231001804356,179.0,25.0
2024-02-01 17:15:00,2045.8231001804356,2046.209891648889,2041.1705142712676,2041.1705142712676,140.0,25.0
2024-02-01 17:30:00,2041.1705142712676,2044.5994555723705,2041.1705142712676,2044.5994555723705,467.0,25.0
2024-02-01 17:45:00,2044.5994555723705,2044.832307259403,2042.9176566202677,2043.7784286437566,107.0,25.0
2024-02-01 18:00:00,2043.7784286437566,2044.1079660678756,2039.9011496590883,2039.9011496590883,360.0,25.0
2024-02-01 18:15:00,2039.9011496590883,2040.6045086084312,2039.4611106525183,2040.2412278701634,289.0,25.0
2024-02-01 18:30:00,2040.2412278701634,2040.2412278701634,2037.3789585019551,2037.3789585019551,452.0,25.0
2024-02-01 18:45:00,2037.3789585019551,2037.3789585019551,2033.2446891657116,2034.4424169299862,63.0,25.0
2024-02-01 19:00:00,2034.4424169299862,2035.291551583749,2033.4729084300054,2033.4729084300054,489.0,25.0
2024-02-01 19:15:00,2033.4729084300054,2035.1737715482348,2033.056371039308,2033.9044585175163,246.0,25.0
2024-02-01 19:30:00,2033.9044585175163,2036.5726367575362,2033.8632997779973,2036.2408475204186,90.0,25.0
2024-02-01 19:45:00,2036.2408475204186,2038.2981532404954,2036.2408475204186,2038.2981532404954,336.0,25.0
2024-02-01 20:00:00,2038.2981532404954,2038.2981532404954,2037.0878321940131,2037.1654902116463,360.0,25.0
2024-02-01 20:15:00,2037.1654902116463,2038.7631005111127,2034.6989969025938,2034.6989969025938,372.0,25.0
2024-02-01 20:30:00,2034.6989969025938,2035.5895919873583,2033.587124231229,2033.587124231229,298.0,25.0
2024-02-01 20:45:00,2033.587124231229,2035.0483991798549,2033.0170080603743,2033.260477807501,201.0,25.0
2024-02-01 21:00:00,2033.260477807501,2038.838464633838,2032.8689795156972,2038.838464633838,195.0,25.0
2024-02-01 21:15:00,2038.838464633838,2040.2561397793618,2037.840214565008,2037.840214565008,425.0,25.0
2024-02-01 21:30:00,2037.840214565008,2040.808052632431,2037.2811729083385,2038.2524837285648,380.0,25.0
2024-02-01 21:45:00,2038.2524837285648,2038.2524837285648,2035.9569897700137,2036.2680507751118,240.0,25.0
2024-02-01 22:00:00,2036.2680507751118,2036.6612041486649,2035.265818438489,2036.2572397147937,341.0,25.0
2024-02-01 22:15:00,2036.2572397147937,2039.6238376776594,2036.2572397147937,2039.0179497620288,124.0,25.0
2024-02-01 22:30:00,2039.0179497620288,2039.0179497620288,2037.1379869422692,2037.7244497177078,242.0,25.0
2024-02-01 22:45:00,2037.7244497177078,2037.7244497177078,2036.0858114193088,2036.0858114193088,453.0,25.0
2024-02-01 23:00:00,2036.0858114193088,2037.3599996428177,2036.0858114193088,2037.0843987676271,348.0,25.0
2024-02-01 23:15:00,2037.0843987676271,2037.5388222046008,2036.3645201227116,2036.6807439880233,159.0,25.0
2024-02-01 23:30:00,2036.6807439880233,2037.25696641194,2036.275309929984,2036.9781324546525,132.0,25.0
2024-02-01 23:45:00,2036.9781324546525,2036.9781324546525,2035.888035943255,2036.3856323768937,342.0,25.0
2024-02-02 00:00:00,2036.3856323768937,2039.1719907011209,2035.4739941523007,2039.1719907011209,200.0,25.0
2024-02-02 00:15:00,2039.1719907011209,2039.1719907011209,2035.781083445182,2035.8935307888592,220.0,25.0
2024-02-02 00:30:00,2035.8935307888592,2037.4289027586608,2035.8935307888592,2037.4289027586608,52.0,25.0
2024-02-02 00:45:00,2037.4289027586608,2037.4289027586608,2035.796825356142,2036.38722143989,365.0,25.0
2024-02-02 01:00:00,2036.38722143989,2039.1374205148863,2036.38722143989,2037.5455317300316,304.0,25.0
2024-02-02 01:15:00,2037.5455317300316,2040.032040933786,2037.5455317300316,2040.032040933786,79.0,25.0
2024-02-02 01:30:00,2040.032040933786,2040.7636416642044,2039.9053700024065,2040.7636416642044,64.0,25.0
2024-02-02 01:45:00,2040.7636416642044,2040.7636416642044,2033.8862194478688,2033.8862194478688,394.0,25.0
2024-02-02 02:00:00,2033.8862194478688,2034.0524166220007,2030.744207352989,2030.744207352989,433.0,25.0
2024-02-02 02:15:00,2030.744207352989,2032.9036316200886,2030.7344654403432,2032.5151254881735,121.0,25.0
2024-02-02 02:30:00,2032.5151254881735,2032.5151254881735,2031.0137471533894,2031.2808440866397,138.0,25.0
2024-02-02 02:45:00,2031.2808440866397,2033.1138580061834,2030.8467641332388,2032.3909954953888,200.0,25.0
2024-02-02 03:00:00,2032.3909954953888,2035.3678814916334,2032.2122062021074,2035.3678814916334,423.0,25.0
2024-02-02 03:15:00,2035.3678814916334,2035.3678814916334,2032.1429081612903,2032.1429081612903,431.0,25.0
2024-02-02 03:30:00,2032.1429081612903,2033.8085216066322,2029.7339331295418,2029.7339331295418,224.0,25.0
2024-02-02 03:45:00,2029.7339331295418,2029.9444165224327,2029.0186083556368,2029.7899112330838,174.0,25.0
2024-02-02 04:00:00,2029.7899112330838,2030.7905785386567,2029.7899112330838,2030.5435719339828,297.0,25.0
2024-02-02 04:15:00,2030.5435719339828,2031.4008820061595,2028.411407410289,2029.65040272308,477.0,25.0
2024-02-02 04:30:00,2029.65040272308,2032.5167328094385,2029.5010935850814,2032.5167328094385,258.0,25.0
2024-02-02 04:45:00,2032.5167328094385,2035.5651401868022,2032.5167328094385,2035.5651401868022,341.0,25.0
2024-02-02 05:00:00,2035.5651401868022,2036.5918957534889,2035.1635915784673,2035.1635915784673,88.0,25.0
2024-02-02 05:15:00,2035.1635915784673,2038.0071044882131,2035.1635915784673,2036.7095924832272,239.0,25.0
2024-02-02 05:30:00,2036.7095924832272,2036.7095924832272,2032.980850318942,2032.980850318942,374.0,25.0
2024-02-02 05:45:00,2032.980850318942,2033.8414505971964,2031.514751193824,2031.514751193824,346.0,25.0
2024-02-02 06:00:00,2031.514751193824,2033.4875965907474,2031.127839205652,2033.4875965907474,269.0,25.0
2024-02-02 06:15:00,2033.4875965907474,2034.3981900343558,2032.1805542260663,2032.1805542260663,410.0,25.0
2024-02-02 06:30:00,2032.1805542260663,2035.9309506138227,2032.1805542260663,2035.9309506138227,203.0,25.0
2024-02-02 06:45:00,2035.9309506138227,2039.0161544384048,2035.9309506138227,2037.740435117273,219.0,25.0
2024-02-02 07:00:00,2037.740435117273,2038.936738743317,2037.0696377471622,2037.0999800546958,82.0,25.0
2024-02-02 07:15:00,2037.0999800546958,2037.151747803927,2031.616427222992,2031.616427222992,118.0,25.0
2024-02-02 07:30:00,2031.616427222992,2033.0314646944953,2030.766367950057,2033.0314646944953,436.0,25.0
2024-02-02 07:45:00,2033.0314646944953,2033.8553370701836,2032.3648918449655,2033.4393416572289,302.0,25.0
2024-02-02 08:00:00,2033.4393416572289,2034.8533116800436,2033.4393416572289,2034.794793001594,159.0,25.0
2024-02-02 08:15:00,2034.794793001594,2035.939371205141,2033.876168841835,2033.876168841835,364.0,25.0
2024-02-02 08:30:00,2033.876168841835,2035.5796127902504,2033.0026239684078,2033.0026239684078,350.0,25.0
2024-02-02 08:45:00,2033.0026239684078,2034.194993376025,2031.6826544412618,2031.6826544412618,131.0,25.0
2024-02-02 09:00:00,2031.6826544412618,2035.6130373427159,2031.6826544412618,2035.2577433606884,425.0,25.0
2024-02-02 09:15:00,2035.2577433606884,2036.6177275398513,2035.2577433606884,2035.9005579795673,390.0,25.0
2024-02-02 09:30:00,2035.9005579795673,2038.4795304215872,2035.9005579795673,2037.5655552607761,224.0,25.0
2024-02-02 09:45:00,2037.5655552607761,2039.2967432098842,2036.7507454282315,2037.955180900599,494.0,25.0
2024-02-02 10:00:00,2037.955180900599,2037.955180900599,2035.798351393384,2037.4828497316964,430.0,25.0
2024-02-02 10:15:00,2037.4828497316964,2039.8017907391363,2037.4828497316964,2037.8725904551236,479.0,25.0
2024-02-02 10:30:00,2037.8725904551236,2037.9580521479754,2037.1465890021477,2037.2753512437678,244.0,25.0
2024-02-02 10:45:00,2037.2753512437678,2040.0094876089483,2037.2753512437678,2040.0094876089483,496.0,25.0
2024-02-02 11:00:00,2040.0094876089483,2040.4864484062357,2039.170379840798,2039.4551559281485,161.0,25.0
2024-02-02 11:15:00,2039.4551559281485,2041.325520112061,2039.4551559281485,2041.325520112061,52.0,25.0
2024-02-02 11:30:00,2041.325520112061,2043.3505122227946,2041.325520112061,2042.8525478357105,64.0,25.0
2024-02-02 11:45:00,2042.8525478357105,2045.4167030721287,2042.8525478357105,2045.4167030721287,210.0,25.0
2024-02-02 12:00:00,2045.4167030721287,2046.8012563903758,2044.6074287827978,2046.1551835307234,500.0,25.0
2024-02-02 12:15:00,2046.1551835307234,2046.1551835307234,2042.5114526196876,2043.0442566105328,78.0,25.0
2024-02-02 12:30:00,2043.0442566105328,2044.5570928320853,2043.0442566105328,2044.0733830711033,300.0,25.0
2024-02-02 12:45:00,2044.0733830711033,2045.5359503226555,2044.0733830711033,2044.532301414709,223.0,25.0
2024-02-02 13:00:00,2044.532301414709,2044.532301414709,2042.198701040475,2043.6293646075615,496.0,25.0
2024-02-02 13:15:00,2043.6293646075615,2044.2257162813337,2041.5236258188047,2041.5236258188047,484.0,25.0
2024-02-02 13:30:00,2041.5236258188047,2043.9599157039274,2041.5236258188047,2043.7013320920546,277.0,25.0
2024-02-02 13:45:00,2043.7013320920546,2044.8321984815466,2042.3953087036673,2044.8321984815466,236.0,25.0
2024-02-02 14:00:00,2044.8321984815466,2044.8321984815466,2044.237313301187,2044.5273547251402,485.0,25.0
2024-02-02 14:15:00,2044.5273547251402,2044.5273547251402,2042.9666924290163,2044.4918497388783,81.0,25.0
2024-02-02 14:30:00,2044.4918497388783,2044.9509427892917,2043.7983343872406,2044.9509427892917,207.0,25.0
2024-02-02 14:45:00,2044.9509427892917,2045.4605082586345,2043.023353103267,2043.9332193456378,337.0,25.0
2024-02-02 15:00:00,2043.9332193456378,2043.9332193456378,2040.2161412401158,2043.3157189658143,108.0,25.0
2024-02-02 15:15:00,2043.3157189658143,2043.4654613607854,2042.2451331779582,2042.2451331779582,143.0,25.0
2024-02-02 15:30:00,2042.2451331779582,2044.0864630762242,2042.2451331779582,2042.2768522355364,419.0,25.0
2024-02-02 15:45:00,2042.2768522355364,2044.8271112028742,2041.490796799295,2041.490796799295,474.0,25.0
2024-02-02 16:00:00,2041.490796799295,2041.490796799295,2038.7648762319313,2040.1794548015966,196.0,25.0
2024-02-02 16:15:00,2040.1794548015966,2042.5662449678368,2040.1363359690013,2042.5662449678368,143.0,25.0
2024-02-02 16:30:00,2042.5662449678368,2043.7016977206958,2042.2386374305136,2042.2386374305136,460.0,25.0
2024-02-02 16:45:00,2042.2386374305136,2045.8667825390298,2041.9541618761834,2045.8667825390298,443.0,25.0
2024-02-02 17:00:00,2045.8667825390298,2048.291029730421,2045.4229674217356,2046.21211682481,279.0,25.0
2024-02-02 17:15:00,2046.21211682481,2049.9235359015643,2046.21211682481,2048.648910332049,430.0,25.0
2024-02-02 17:30:00,2048.648910332049,2048.648910332049,2044.8568534144888,2044.8568534144888,354.0,25.0
2024-02-02 17:45:00,2044.8568534144888,2046.1644567722633,2042.6763332956873,2042.6763332956873,443.0,25.0
2024-02-02 18:00:00,2042.6763332956873,2042.723162484206,2041.5734677920902,2041.5734677920902,465.0,25.0
2024-02-02 18:15:00,2041.5734677920902,2044.34758687529,2041.5734677920902,2044.34758687529,65.0,25.0
2024-02-02 18:30:00,2044.34758687529,2046.4437968787952,2044.34758687529,2045.2769943582864,453.0,25.0
2024-02-02 18:45:00,2045.2769943582864,2047.3984385344304,2045.2769943582864,2045.374721457505,289.0,25.0
2024-02-02 19:00:00,2045.374721457505,2045.374721457505,2043.8053275152045,2043.8053275152045,365.0,25.0
2024-02-02 19:15:00,2043.8053275152045,2043.886656964791,2042.255704987973,2043.522424450942,123.0,25.0
2024-02-02 19:30:00,2043.522424450942,2045.672194649523,2043.522424450942,2044.62100512049,303.0,25.0
2024-02-02 19:45:00,2044.62100512049,2044.6659796284266,2043.3114112101448,2043.8295127628207,130.0,25.0
2024-02-02 20:00:00,2043.8295127628207,2044.0920520921336,2041.695557724336,2044.0920520921336,197.0,25.0
2024-02-02 20:15:00,2044.0920520921336,2045.0669488651477,2043.3015722007642,2043.5069879789673,314.0,25.0
2024-02-02 20:30:00,2043.5069879789673,2044.4159985124847,2042.777337714809,2042.777337714809,361.0,25.0
2024-02-02 20:45:00,2042.777337714809,2043.3144651733742,2041.7168748029146,2041.7168748029146,312.0,25.0
2024-02-02 21:00:00,2041.7168748029146,2042.9651355691637,2041.7168748029146,2042.2666884854682,412.0,25.0
2024-02-02 21:15:00,2042.2666884854682,2042.2666884854682,2038.3079428058534,2038.3079428058534,384.0,25.0
2024-02-02 21:30:00,2038.3079428058534,2039.5743353025196,2036.8562685319832,2039.5743353025196,474.0,25.0
2024-02-02 21:45:00,2039.5743353025196,2041.2613789085156,2039.1271991998765,2040.6977344929394,343.0,25.0
2024-02-02 22:00:00,2040.6977344929394,2040.6977344929394,2038.4951631467748,2039.8601560303266,322.0,25.0
2024-02-02 22:15:00,2039.8601560303266,2042.9590707029638,2039.8601560303266,2042.9590707029638,209.0,25.0
2024-02-02 22:30:00,2042.9590707029638,2047.0783640105506,2042.8991577483366,2044.5664613223396,115.0,25.0
2024-02-02 22:45:00,2044.5664613223396,2045.217458708132,2042.3340518991633,2042.9052987476452,125.0,25.0
2024-02-02 23:00:00,2042.9052987476452,2043.26858226921,2042.0294759531216,2043.26858226921,315.0,25.0
2024-02-02 23:15:00,2043.26858226921,2043.26858226921,2040.7277970024481,2041.3943505427335,412.0,25.0
2024-02-02 23:30:00,2041.3943505427335,2041.7179394862098,2039.7291575162074,2039.7291575162074,443.0,25.0
2024-02-02 23:45:00,2039.7291575162074,2039.7291575162074,2034.2785442714242,2034.2785442714242,60.0,25.0
2024-02-05 00:00:00,2034.2785442714242,2034.2785442714242,2031.1109093509847,2031.1109093509847,283.0,25.0
2024-02-05 00:15:00,2031.1109093509847,2031.2737771282093,2029.806681501135,2029.806681501135,319.0,25.0
2024-02-05 00:30:00,2029.806681501135,2029.806681501135,2023.5756519837473,2023.5756519837473,283.0,25.0
2024-02-05 00:45:00,2023.5756519837473,2024.6997636536887,2022.8185877604792,2024.6997636536887,401.0,25.0
2024-02-05 01:00:00,2024.6997636536887,2025.4247269671464,2021.8385073839484,2025.4247269671464,386.0,25.0
2024-02-05 01:15:00,2025.4247269671464,2025.953465194137,2023.3510745846397,2023.3510745846397,152.0,25.0
2024-02-05 01:30:00,2023.3510745846397,2023.3920108200978,2022.4365219280883,2022.5201098826028,186.0,25.0
2024-02-05 01:45:00,2022.5201098826028,2023.482320702335,2022.1780395463365,2022.8232353676915,57.0,25.0
2024-02-05 02:00:00,2022.8232353676915,2023.9426344902708,2022.8232353676915,2022.9469156937773,481.0,25.0
2024-02-05 02:15:00,2022.9469156937773,2022.9469156937773,2018.2944233622516,2018.2944233622516,138.0,25.0
2024-02-05 02:30:00,2018.2944233622516,2020.0889253571092,2017.2328852408943,2017.2328852408943,204.0,25.0
2024-02-05 02:45:00,2017.2328852408943,2019.1626292368583,2017.2328852408943,2017.9295005300728,236.0,25.0
2024-02-05 03:00:00,2017.9295005300728,2018.6305493511459,2016.869343949396,2018.2003040787195,442.0,25.0
2024-02-05 03:15:00,2018.2003040787195,2018.2003040787195,2015.3845659809106,2015.3845659809106,350.0,25.0
2024-02-05 03:30:00,2015.3845659809106,2015.502629590963,2013.0144635788622,2013.0144635788622,442.0,25.0
2024-02-05 03:45:00,2013.0144635788622,2013.4226356694398,2011.2428954522559,2011.9785215285651,72.0,25.0
2024-02-05 04:00:00,2011.9785215285651,2014.0314491510576,2011.9785215285651,2013.5396534314177,74.0,25.0
2024-02-05 04:15:00,2013.5396534314177,2017.1805253503003,2013.5396534314177,2017.1805253503003,334.0,25.0
2024-02-05 04:30:00,2017.1805253503003,2017.1805253503003,2014.58666333831,2015.1637979457107,485.0,25.0
2024-02-05 04:45:00,2015.1637979457107,2015.669761112122,2013.2521208907754,2013.2521208907754,76.0,25.0
2024-02-05 05:00:00,2013.2521208907754,2013.831576664086,2012.0191425154726,2012.0191425154726,50.0,25.0
2024-02-05 05:15:00,2012.0191425154726,2014.2427361522798,2012.0191425154726,2013.2585047356192,227.0,25.0
2024-02-05 05:30:00,2013.2585047356192,2014.1840311497212,2011.54129021295,2014.1840311497212,88.0,25.0
2024-02-05 05:45:00,2014.1840311497212,2014.1840311497212,2012.3346465049265,2013.8744471683297,321.0,25.0
2024-02-05 06:00:00,2013.8744471683297,2014.4926217981574,2012.974289096479,2014.1109899162766,284.0,25.0
2024-02-05 06:15:00,2014.1109899162766,2015.3446125174353,2012.9916480255158,2012.9916480255158,274.0,25.0
2024-02-05 06:30:00,2012.9916480255158,2017.4748837448706,2012.9916480255158,2017.4748837448706,499.0,25.0
2024-02-05 06:45:00,2017.4748837448706,2017.49011962764,2016.0223594847319,2016.5602616784713,245.0,25.0
2024-02-05 07:00:00,2016.5602616784713,2016.5602616784713,2014.1756954585878,2014.73463273495,267.0,25.0
2024-02-05 07:15:00,2014.73463273495,2014.73463273495,2012.3236143014904,2012.5133822774555,466.0,25.0
2024-02-05 07:30:00,2012.5133822774555,2013.2355609268384,2011.0574976040205,2011.0574976040205,388.0,25.0
2024-02-05 07:45:00,2011.0574976040205,2011.127231355371,2008.936106966049,2008.936106966049,318.0,25.0
2024-02-05 08:00:00,2008.936106966049,2009.9047859444713,2008.5113090172897,2009.9047859444713,81.0,25.0
2024-02-05 08:15:00,2009.9047859444713,2014.650320802826,2009.9047859444713,2013.2737078393002,417.0,25.0
2024-02-05 08:30:00,2013.2737078393002,2013.6218126411543,2009.8556002426071,2009.8556002426071,405.0,25.0
2024-02-05 08:45:00,2009.8556002426071,2011.5311507937558,2009.782974494301,2010.3008617266366,434.0,25.0
2024-02-05 09:00:00,2010.3008617266366,2010.3008617266366,2008.2002522360585,2008.7732218527726,304.0,25.0
2024-02-05 09:15:00,2008.7732218527726,2008.7732218527726,2005.7902326141193,2005.7902326141193,158.0,25.0
2024-02-05 09:30:00,2005.7902326141193,2007.4531533582467,2005.7902326141193,2007.233501985005,244.0,25.0
2024-02-05 09:45:00,2007.233501985005,2007.7538344127672,2005.363616451047,2007.7538344127672,322.0,25.0
2024-02-05 10:00:00,2007.7538344127672,2011.136328996821,2007.7538344127672,2009.4073035309877,266.0,25.0
2024-02-05 10:15:00,2009.4073035309877,2009.4073035309877,2007.8153869670102,2008.4416068539517,175.0,25.0
2024-02-05 10:30:00,2008.4416068539517,2009.5739651114006,2008.100510800476,2009.5739651114006,193.0,25.0
2024-02-05 10:45:00,2009.5739651114006,2009.6575472609263,2007.9801603305095,2008.6532290209923,215.0,25.0
2024-02-05 11:00:00,2008.6532290209923,2011.3766521554303,2008.6532290209923,2010.224824094454,92.0,25.0
2024-02-05 11:15:00,2010.224824094454,2011.5098080655678,2009.9233231570881,2011.5098080655678,419.0,25.0
2024-02-05 11:30:00,2011.5098080655678,2011.7645634589232,2010.3552770217962,2010.9625726089857,387.0,25.0
2024-02-05 11:45:00,2010.9625726089857,2011.2140516447955,2010.2654466242295,2011.2140516447955,436.0,25.0
2024-02-05 12:00:00,2011.2140516447955,2012.553451693859,2011.173352871247,2012.553451693859,149.0,25.0
2024-02-05 12:15:00,2012.553451693859,2014.342486691998,2012.553451693859,2013.182967421104,157.0,25.0
2024-02-05 12:30:00,2013.182967421104,2013.182967421104,2009.0942824163733,2009.0942824163733,381.0,25.0
2024-02-05 12:45:00,2009.0942824163733,2011.6288629947808,2008.8981489533564,2011.6288629947808,197.0,25.0
2024-02-05 13:00:00,2011.6288629947808,2015.712139031862,2011.6288629947808,2015.3511904778643,226.0,25.0
2024-02-05 13:15:00,2015.3511904778643,2016.6231732350273,2015.3511904778643,2015.9163809407669,128.0,25.0
2024-02-05 13:30:00,2015.9163809407669,2015.9163809407669,2013.2891259138644,2014.0363907715157,180.0,25.0
2024-02-05 13:45:00,2014.0363907715157,2015.0539073585637,2012.901814652819,2014.3311554940215,96.0,25.0
2024-02-05 14:00:00,2014.3311554940215,2014.3311554940215,2012.9659942221929,2014.2157248597407,258.0,25.0
2024-02-05 14:15:00,2014.2157248597407,2015.9210710377097,2013.8103490914664,2015.463495456719,399.0,25.0
2024-02-05 14:30:00,2015.463495456719,2015.9618422761887,2013.3201561176181,2014.764300419873,183.0,25.0
2024-02-05 14:45:00,2014.764300419873,2019.6076197471134,2014.4859429664775,2019.6076197471134,71.0,25.0
2024-02-05 15:00:00,2019.6076197471134,2019.6882608394278,2018.0417094139634,2019.241428622058,267.0,25.0
2024-02-05 15:15:00,2019.241428622058,2021.0485415115622,2017.5522197546056,2021.0485415115622,301.0,25.0
2024-02-05 15:30:00,2021.0485415115622,2023.4035178004706,2021.0485415115622,2022.5338952613697,302.0,25.0
2024-02-05 15:45:00,2022.5338952613697,2022.5338952613697,2020.5368825892492,2020.5368825892492,60.0,25.0
2024-02-05 16:00:00,2020.5368825892492,2022.0418443841174,2020.236548637589,2020.2459549676107,467.0,25.0
2024-02-05 16:15:00,2020.2459549676107,2021.7590252643852,2018.3158435810478,2021.7012962629724,271.0,25.0
2024-02-05 16:30:00,2021.7012962629724,2023.1348654096287,2021.7012962629724,2022.870279505631,452.0,25.0
2024-02-05 16:45:00,2022.870279505631,2024.7760039070708,2022.870279505631,2024.15211206443,305.0,25.0
2024-02-05 17:00:00,2024.15211206443,2024.9740860600425,2019.6119814681356,2019.6119814681356,132.0,25.0
2024-02-05 17:15:00,2019.6119814681356,2019.6119814681356,2013.96225624629,2015.091631957334,330.0,25.0
2024-02-05 17:30:00,2015.091631957334,2017.5858672123202,2013.6978481054412,2015.4285277522245,351.0,25.0
2024-02-05 17:45:00,2015.4285277522245,2017.1935051147611,2015.4285277522245,2016.8077034091305,402.0,25.0
2024-02-05 18:00:00,2016.8077034091305,2020.1204798642782,2016.7879061867898,2018.0708866654898,112.0,25.0
2024-02-05 18:15:00,2018.0708866654898,2018.8821077623127,2016.3734560578266,2016.3734560578266,160.0,25.0
2024-02-05 18:30:00,2016.3734560578266,2017.2693402165157,2013.259266488261,2013.259266488261,284.0,25.0
2024-02-05 18:45:00,2013.259266488261,2013.7662097468892,2009.8096384900625,2009.8096384900625,246.0,25.0
2024-02-05 19:00:00,2009.8096384900625,2009.8096384900625,2006.9834718028776,2006.9834718028776,73.0,25.0
2024-02-05 19:15:00,2006.9834718028776,2008.5427832316261,2006.9834718028776,2008.2195246540452,261.0,25.0
2024-02-05 19:30:00,2008.2195246540452,2008.2195246540452,2001.543044453209,2001.543044453209,354.0,25.0
2024-02-05 19:45:00,2001.543044453209,2004.601659576463,2000.3831274913184,2004.601659576463,346.0,25.0
2024-02-05 20:00:00,2004.601659576463,2005.0277503922105,2001.5176373671386,2001.5176373671386,108.0,25.0
2024-02-05 20:15:00,2001.5176373671386,2002.1805522999675,1999.5999783129876,2001.916370742693,497.0,25.0
2024-02-05 20:30:00,2001.916370742693,2003.3037111277943,2001.057806727427,2002.4437868942039,253.0,25.0
2024-02-05 20:45:00,2002.4437868942039,2003.9345386660732,2001.551939862397,2002.5709683987388,155.0,25.0
2024-02-05 21:00:00,2002.5709683987388,2007.2502656051515,2002.5709683987388,2007.2502656051515,196.0,25.0
2024-02-05 21:15:00,2007.2502656051515,2012.2968883964732,2007.2502656051515,2012.2968883964732,206.0,25.0
2024-02-05 21:30:00,2012.2968883964732,2012.2968883964732,2008.226340786346,2008.226340786346,344.0,25.0
2024-02-05 21:45:00,2008.226340786346,2008.226340786346,2006.6032066133048,2007.7019281444416,104.0,25.0
2024-02-05 22:00:00,2007.7019281444416,2009.778131204725,2007.7019281444416,2008.2923284187807,350.0,25.0
2024-02-05 22:15:00,2008.2923284187807,2008.2923284187807,2006.580722246334,2006.580722246334,398.0,25.0
2024-02-05 22:30:00,2006.580722246334,2006.6824587849765,2003.1512819128602,2003.1512819128602,272.0,25.0
2024-02-05 22:45:00,2003.1512819128602,2006.879397651353,2003.1512819128602,2006.879397651353,364.0,25.0
2024-02-05 23:00:00,2006.879397651353,2006.879397651353,2004.0117520534666,2004.0117520534666,446.0,25.0
2024-02-05 23:15:00,2004.0117520534666,2004.0960188774293,2003.7110066923815,2004.0960188774293,357.0,25.0
2024-02-05 23:30:00,2004.0960188774293,2006.9991290388157,2003.9335258783829,2006.9991290388157,338.0,25.0
2024-02-05 23:45:00,2006.9991290388157,2006.9991290388157,2003.3014211538184,2004.9009270665797,298.0,25.0
2024-02-06 00:00:00,2004.9009270665797,2006.56492254009,2004.7091199945567,2006.56492254009,332.0,25.0
2024-02-06 00:15:00,2006.56492254009,2011.0013584186188,2006.56492254009,2011.0013584186188,343.0,25.0
2024-02-06 00:30:00,2011.0013584186188,2011.0013584186188,2008.3825264600846,2008.526759858915,144.0,25.0
2024-02-06 00:45:00,2008.526759858915,2013.5619966155564,2008.526759858915,2011.985658674615,245.0,25.0
2024-02-06 01:00:00,2011.985658674615,2011.985658674615,2006.007560076832,2007.0938020301835,477.0,25.0
2024-02-06 01:15:00,2007.0938020301835,2008.3976104114117,2004.4496634831687,2004.4496634831687,377.0,25.0
2024-02-06 01:30:00,2004.4496634831687,2005.9044281084257,2004.0712977977855,2004.0712977977855,152.0,25.0
2024-02-06 01:45:00,2004.0712977977855,2005.8395049593269,2003.5223059891448,2005.8097990426845,142.0,25.0
2024-02-06 02:00:00,2005.8097990426845,2006.7096605396741,2005.1445641127239,2005.6280477518294,212.0,25.0
2024-02-06 02:15:00,2005.6280477518294,2007.125295624587,2005.0587630653665,2006.2340714962177,379.0,25.0
2024-02-06 02:30:00,2006.2340714962177,2006.2340714962177,2003.160901084187,2003.160901084187,360.0,25.0
2024-02-06 02:45:00,2003.160901084187,2003.818628089119,2002.848733963665,2002.8968590438137,61.0,25.0
2024-02-06 03:00:00,2002.8968590438137,2004.5816796635327,2002.8968590438137,2004.083557706116,160.0,25.0
2024-02-06 03:15:00,2004.083557706116,2006.6452862199926,2004.083557706116,2005.5433458433167,59.0,25.0
2024-02-06 03:30:00,2005.5433458433167,2007.3326772625371,2003.8442804664573,2005.5730901134154,375.0,25.0
2024-02-06 03:45:00,2005.5730901134154,2007.3463838771308,2005.4822851983197,2007.1056991149453,495.0,25.0
2024-02-06 04:00:00,2007.1056991149453,2010.6144305890882,2007.1056991149453,2009.144826383798,371.0,25.0
2024-02-06 04:15:00,2009.144826383798,2009.144826383798,2007.8075248797709,2008.4005276483447,256.0,25.0
2024-02-06 04:30:00,2008.4005276483447,2010.35604972098,2008.4005276483447,2010.35604972098,421.0,25.0
2024-02-06 04:45:00,2010.35604972098,2012.2293890523263,2010.35604972098,2011.2863109853704,93.0,25.0
2024-02-06 05:00:00,2011.2863109853704,2011.2863109853704,2009.815744776761,2011.0843828557774,341.0,25.0
2024-02-06 05:15:00,2011.0843828557774,2012.0363418380468,2008.7764209887828,2009.62142870645,487.0,25.0
2024-02-06 05:30:00,2009.62142870645,2014.0946097469925,2009.3096450106098,2014.0946097469925,428.0,25.0
2024-02-06 05:45:00,2014.0946097469925,2014.0946097469925,2011.453522700625,2012.7465872675546,185.0,25.0
2024-02-06 06:00:00,2012.7465872675546,2013.86396408737,2012.6553732203765,2013.86396408737,353.0,25.0
2024-02-06 06:15:00,2013.86396408737,2016.8742433202422,2012.9296086115805,2016.8742433202422,432.0,25.0
2024-02-06 06:30:00,2016.8742433202422,2018.9722315438642,2014.4787907657803,2018.9722315438642,236.0,25.0
2024-02-06 06:45:00,2018.9722315438642,2019.5721962909809,2017.2095201473842,2019.5721962909809,318.0,25.0
2024-02-06 07:00:00,2019.5721962909809,2021.010868874305,2019.0177163347382,2021.010868874305,459.0,25.0
2024-02-06 07:15:00,2021.010868874305,2023.6090560751352,2021.010868874305,2023.5294087706695,191.0,25.0
2024-02-06 07:30:00,2023.5294087706695,2024.827569276869,2023.5294087706695,2024.0108724628612,171.0,25.0
2024-02-06 07:45:00,2024.0108724628612,2024.0108724628612,2017.7819863296115,2017.7819863296115,120.0,25.0
2024-02-06 08:00:00,2017.7819863296115,2020.0648854439512,2017.1697448752898,2017.1697448752898,239.0,25.0
2024-02-06 08:15:00,2017.1697448752898,2017.1697448752898,2013.7614264560225,2015.4581793001332,464.0,25.0
2024-02-06 08:30:00,2015.4581793001332,2020.1453959083829,2015.4581793001332,2019.272688183751,192.0,25.0
2024-02-06 08:45:00,2019.272688183751,2019.272688183751,2016.9953646469971,2017.346362866071,378.0,25.0
2024-02-06 09:00:00,2017.346362866071,2019.5938735494885,2017.346362866071,2018.2213311727241,472.0,25.0
2024-02-06 09:15:00,2018.2213311727241,2019.0645176338671,2017.3727283618507,2019.0645176338671,306.0,25.0
2024-02-06 09:30:00,2019.0645176338671,2022.8949410157825,2019.0645176338671,2022.0371929204707,214.0,25.0
2024-02-06 09:45:00,2022.0371929204707,2024.6613026967295,2022.0371929204707,2024.6231381418258,456.0,25.0
2024-02-06 10:00:00,2024.6231381418258,2025.7882256175176,2024.6231381418258,2025.3992162424577,251.0,25.0
2024-02-06 10:15:00,2025.3992162424577,2028.0952063572095,2025.2263947871345,2028.0952063572095,237.0,25.0
2024-02-06 10:30:00,2028.0952063572095,2030.180300292741,2027.3091357062726,2030.180300292741,95.0,25.0
2024-02-06 10:45:00,2030.180300292741,2031.9301408321166,2029.0306028825273,2031.9301408321166,374.0,25.0
2024-02-06 11:00:00,2031.9301408321166,2034.3645648205859,2031.9301408321166,2032.9346530698065,259.0,25.0
2024-02-06 11:15:00,2032.9346530698065,2033.9841751839106,2032.6510728078642,2033.9841751839106,52.0,25.0
2024-02-06 11:30:00,2033.9841751839106,2038.8988009847692,2031.9886684321705,2038.8988009847692,350.0,25.0
2024-02-06 11:45:00,2038.8988009847692,2038.8988009847692,2036.5422273771921,2036.5422273771921,296.0,25.0
2024-02-06 12:00:00,2036.5422273771921,2036.9081655531768,2035.491837464703,2036.1147235079643,185.0,25.0
2024-02-06 12:15:00,2036.1147235079643,2036.5613800331596,2032.9128589310185,2032.9128589310185,369.0,25.0
2024-02-06 12:30:00,2032.9128589310185,2035.616185039407,2032.9128589310185,2034.5570257282445,54.0,25.0
2024-02-06 12:45:00,2034.5570257282445,2035.587779014113,2032.9461746105537,2035.587779014113,394.0,25.0
2024-02-06 13:00:00,2035.587779014113,2039.0882451008993,2035.587779014113,2038.9330425730031,316.0,25.0
2024-02-06 13:15:00,2038.9330425730031,2038.9802699458512,2037.9286484230408,2038.4497286305902,309.0,25.0
2024-02-06 13:30:00,2038.4497286305902,2038.9546418255056,2036.6405852488997,2038.9546418255056,217.0,25.0
2024-02-06 13:45:00,2038.9546418255056,2040.7714923704598,2038.9546418255056,2039.334340183064,242.0,25.0
2024-02-06 14:00:00,2039.334340183064,2040.9481071115863,2039.0383121621412,2040.9481071115863,346.0,25.0
2024-02-06 14:15:00,2040.9481071115863,2040.9481071115863,2038.1820108037048,2038.3947882399625,213.0,25.0
2024-02-06 14:30:00,2038.3947882399625,2039.3545153253908,2038.3947882399625,2039.3545153253908,77.0,25.0
2024-02-06 14:45:00,2039.3545153253908,2039.702509892683,2038.3781897756328,2038.3781897756328,81.0,25.0
2024-02-06 15:00:00,2038.3781897756328,2041.5806213787669,2037.9786557868792,2041.5806213787669,231.0,25.0
2024-02-06 15:15:00,2041.5806213787669,2042.4194766937903,2040.799324650445,2040.799324650445,492.0,25.0
2024-02-06 15:30:00,2040.799324650445,2041.83340031384,2039.5120773879946,2040.6274271111906,292.0,25.0
2024-02-06 15:45:00,2040.6274271111906,2040.6274271111906,2037.1866627317834,2037.1866627317834,189.0,25.0
2024-02-06 16:00:00,2037.1866627317834,2038.5861271707754,2036.89099616279,2037.3260440863162,396.0,25.0
2024-02-06 16:15:00,2037.3260440863162,2037.3260440863162,2035.0126053489448,2036.071777451711,134.0,25.0
2024-02-06 16:30:00,2036.071777451711,2037.3795436288583,2036.071777451711,2037.3795436288583,354.0,25.0
2024-02-06 16:45:00,2037.3795436288583,2042.3531051879172,2037.133793925837,2042.3531051879172,338.0,25.0
2024-02-06 17:00:00,2042.3531051879172,2042.7408147519093,2041.2657534843888,2042.114451783198,263.0,25.0
2024-02-06 17:15:00,2042.114451783198,2043.8774129807198,2042.114451783198,2042.8995201745925,468.0,25.0
2024-02-06 17:30:00,2042.8995201745925,2042.8995201745925,2040.156566445999,2040.358215403312,307.0,25.0
2024-02-06 17:45:00,2040.358215403312,2042.6278676410232,2038.9927646287172,2040.2288267339422,477.0,25.0
2024-02-06 18:00:00,2040.2288267339422,2040.2288267339422,2038.0497550154087,2039.4095949599923,407.0,25.0
2024-02-06 18:15:00,2039.4095949599923,2044.8171632328902,2039.4095949599923,2044.8171632328902,205.0,25.0
2024-02-06 18:30:00,2044.8171632328902,2045.4025384387764,2043.3201315490483,2045.4025384387764,403.0,25.0
2024-02-06 18:45:00,2045.4025384387764,2045.4025384387764,2043.1880519017766,2043.2731769734921,130.0,25.0
2024-02-06 19:00:00,2043.2731769734921,2046.381159645238,2043.2731769734921,2045.042268188284,81.0,25.0
2024-02-06 19:15:00,2045.042268188284,2045.042268188284,2044.0372062625854,2044.7145764573627,366.0,25.0
2024-02-06 19:30:00,2044.7145764573627,2044.7145764573627,2041.75284816822,2041.75284816822,440.0,25.0
2024-02-06 19:45:00,2041.75284816822,2042.2695560333111,2039.573597190915,2040.5432496771311,354.0,25.0
2024-02-06 20:00:00,2040.5432496771311,2040.5432496771311,2037.4070628359088,2037.8708914746503,236.0,25.0
2024-02-06 20:15:00,2037.8708914746503,2038.6247878888275,2036.9187112826874,2037.5012612270682,460.0,25.0
2024-02-06 20:30:00,2037.5012612270682,2038.0795475322454,2035.9971408647086,2038.0795475322454,167.0,25.0
2024-02-06 20:45:00,2038.0795475322454,2038.0795475322454,2033.9240750721738,2033.9240750721738,274.0,25.0
2024-02-06 21:00:00,2033.9240750721738,2036.6964748591731,2033.9240750721738,2036.1789524857802,459.0,25.0
2024-02-06 21:15:00,2036.1789524857802,2036.1789524857802,2033.189018129389,2033.189018129389,325.0,25.0
2024-02-06 21:30:00,2033.189018129389,2033.189018129389,2032.0654275530676,2033.1244348028497,54.0,25.0
2024-02-06 21:45:00,2033.1244348028497,2033.6969992052555,2031.6041949037474,2032.6719530145815,437.0,25.0
2024-02-06 22:00:00,2032.6719530145815,2034.7512976048702,2032.331390089739,2033.7048932645118,67.0,25.0
2024-02-06 22:15:00,2033.7048932645118,2037.2061927313775,2033.7048932645118,2035.2720585847355,499.0,25.0
2024-02-06 22:30:00,2035.2720585847355,2037.1481100869994,2034.817228304328,2034.817228304328,284.0,25.0
2024-02-06 22:45:00,2034.817228304328,2039.9276379624077,2034.817228304328,2039.0968757087749,218.0,25.0
2024-02-06 23:00:00,2039.0968757087749,2039.0968757087749,2034.9959058128125,2038.0865581699093,93.0,25.0
2024-02-06 23:15:00,2038.0865581699093,2039.3017889184216,2037.6710393528344,2038.3807473247386,305.0,25.0
2024-02-06 23:30:00,2038.3807473247386,2040.6893996768335,2037.4424858392924,2040.6893996768335,164.0,25.0
2024-02-06 23:45:00,2040.6893996768335,2042.3442832922021,2040.2159348491098,2041.489598458762,262.0,25.0
2024-02-07 00:00:00,2041.489598458762,2044.4956630506604,2041.489598458762,2044.4956630506604,215.0,25.0
2024-02-07 00:15:00,2044.4956630506604,2044.4956630506604,2040.277580214806,2040.277580214806,397.0,25.0
2024-02-07 00:30:00,2040.277580214806,2040.277580214806,2037.4708190667766,2039.7917178258454,107.0,25.0
2024-02-07 00:45:00,2039.7917178258454,2042.3395211743655,2039.7917178258454,2041.5208598303354,418.0,25.0
2024-02-07 01:00:00,2041.5208598303354,2044.4904492792296,2040.6598987450236,2044.4904492792296,314.0,25.0
2024-02-07 01:15:00,2044.4904492792296,2046.6460518123142,2043.6796908991937,2046.6460518123142,372.0,25.0
2024-02-07 01:30:00,2046.6460518123142,2046.6460518123142,2045.2447021199234,2046.3689436634133,436.0,25.0
2024-02-07 01:45:00,2046.3689436634133,2046.7185092336988,2045.4631821435871,2045.4631821435871,191.0,25.0
2024-02-07 02:00:00,2045.4631821435871,2047.2239204240807,2044.4701697867504,2046.0989377813428,131.0,25.0
2024-02-07 02:15:00,2046.0989377813428,2046.0989377813428,2044.4813531773652,2044.691292231343,145.0,25.0
2024-02-07 02:30:00,2044.691292231343,2046.5797875949918,2044.4429260665133,2046.5797875949918,214.0,25.0
2024-02-07 02:45:00,2046.5797875949918,2050.6880850611587,2046.2976353798128,2049.9561555696573,216.0,25.0
2024-02-07 03:00:00,2049.9561555696573,2053.169740706122,2049.896912250903,2052.9279310000866,220.0,25.0
2024-02-07 03:15:00,2052.9279310000866,2053.9126863463257,2052.2477148799303,2052.932152811671,376.0,25.0
2024-02-07 03:30:00,2052.932152811671,2054.6519121709653,2052.932152811671,2053.8949305025944,278.0,25.0
2024-02-07 03:45:00,2053.8949305025944,2057.0705969235496,2053.8949305025944,2054.541519953608,75.0,25.0
2024-02-07 04:00:00,2054.541519953608,2056.7812743908557,2054.2884990273915,2056.7812743908557,350.0,25.0
2024-02-07 04:15:00,2056.7812743908557,2058.343763588224,2056.586246003351,2057.44123226031,314.0,25.0
2024-02-07 04:30:00,2057.44123226031,2057.44123226031,2053.3394662028213,2053.3394662028213,378.0,25.0
2024-02-07 04:45:00,2053.3394662028213,2053.3394662028213,2051.5030586862017,2053.172046588293,228.0,25.0
2024-02-07 05:00:00,2053.172046588293,2054.6286209396944,2053.042210511372,2053.8117930269755,335.0,25.0
2024-02-07 05:15:00,2053.8117930269755,2054.8747092411313,2053.4064287713336,2054.8375995890183,75.0,25.0
2024-02-07 05:30:00,2054.8375995890183,2054.973420531599,2052.448423642122,2053.6739096601677,214.0,25.0
2024-02-07 05:45:00,2053.6739096601677,2053.8031401798253,2052.843465580465,2052.9217018443096,152.0,25.0
2024-02-07 06:00:00,2052.9217018443096,2052.9217018443096,2049.7676762707356,2052.2631815096547,437.0,25.0
2024-02-07 06:15:00,2052.2631815096547,2053.2981440146177,2050.4104457291037,2051.3602406915625,217.0,25.0
2024-02-07 06:30:00,2051.3602406915625,2055.103224949493,2051.3602406915625,2055.103224949493,382.0,25.0
2024-02-07 06:45:00,2055.103224949493,2055.371772120323,2052.5221870824917,2052.955649422131,346.0,25.0
2024-02-07 07:00:00,2052.955649422131,2053.108171065899,2051.1160703286373,2051.1160703286373,435.0,25.0
2024-02-07 07:15:00,2051.1160703286373,2051.1160703286373,2049.6192067093934,2050.220009327159,409.0,25.0
2024-02-07 07:30:00,2050.220009327159,2051.1491303661064,2048.5845347849736,2051.1491303661064,205.0,25.0
2024-02-07 07:45:00,2051.1491303661064,2054.341410166427,2051.1491303661064,2052.537904870214,253.0,25.0
2024-02-07 08:00:00,2052.537904870214,2052.537904870214,2050.8968529363347,2050.8968529363347,209.0,25.0
2024-02-07 08:15:00,2050.8968529363347,2052.0367141134566,2050.1346219979414,2050.1346219979414,148.0,25.0
2024-02-07 08:30:00,2050.1346219979414,2054.418134612259,2050.1346219979414,2052.8777518160414,141.0,25.0
2024-02-07 08:45:00,2052.8777518160414,2056.58459478636,2052.8777518160414,2056.58459478636,340.0,25.0
2024-02-07 09:00:00,2056.58459478636,2057.140755353941,2055.815208566517,2056.0227335568716,473.0,25.0
2024-02-07 09:15:00,2056.0227335568716,2057.8335928119727,2055.8116396103164,2056.9731414994885,124.0,25.0
2024-02-07 09:30:00,2056.9731414994885,2057.5033270232566,2056.505859171635,2057.3880097222586,398.0,25.0
2024-02-07 09:45:00,2057.3880097222586,2060.6621158916923,2057.3880097222586,2060.6621158916923,487.0,25.0
2024-02-07 10:00:00,2060.6621158916923,2066.373855945974,2060.6621158916923,2066.373855945974,105.0,25.0
2024-02-07 10:15:00,2066.373855945974,2067.3050609630895,2065.179476858241,2067.3050609630895,323.0,25.0
2024-02-07 10:30:00,2067.3050609630895,2070.234813566734,2066.800491585856,2070.234813566734,444.0,25.0
2024-02-07 10:45:00,2070.234813566734,2072.767150074521,2070.234813566734,2072.224697299575,228.0,25.0
2024-02-07 11:00:00,2072.224697299575,2075.245022435969,2072.224697299575,2075.245022435969,274.0,25.0
2024-02-07 11:15:00,2075.245022435969,2075.245022435969,2070.4807439603724,2071.4712623072987,142.0,25.0
2024-02-07 11:30:00,2071.4712623072987,2073.179813025546,2070.187782115817,2070.187782115817,237.0,25.0
2024-02-07 11:45:00,2070.187782115817,2072.488705982707,2069.5656209264525,2071.7483856256094,318.0,25.0
2024-02-07 12:00:00,2071.7483856256094,2071.7642488307774,2069.065951606879,2069.105123597657,475.0,25.0
2024-02-07 12:15:00,2069.105123597657,2070.1581624419578,2067.0491163766296,2067.0491163766296,218.0,25.0
2024-02-07 12:30:00,2067.0491163766296,2068.8450071281445,2066.162543121581,2068.8450071281445,437.0,25.0
2024-02-07 12:45:00,2068.8450071281445,2068.8450071281445,2064.645694261135,2064.645694261135,57.0,25.0
2024-02-07 13:00:00,2064.645694261135,2065.2878650663097,2064.1367625510966,2064.1367625510966,133.0,25.0
2024-02-07 13:15:00,2064.1367625510966,2064.1367625510966,2061.2981393561013,2062.039323545448,480.0,25.0
2024-02-07 13:30:00,2062.039323545448,2062.6937999638494,2059.6017959303745,2060.992702090227,167.0,25.0
2024-02-07 13:45:00,2060.992702090227,2060.992702090227,2056.941804611494,2057.5837171384946,226.0,25.0
2024-02-07 14:00:00,2057.5837171384946,2058.6861869250406,2057.4063179900145,2057.967742615711,195.0,25.0
2024-02-07 14:15:00,2057.967742615711,2061.645222655488,2057.6792903634796,2060.6805060110687,388.0,25.0
2024-02-07 14:30:00,2060.6805060110687,2062.1266660513534,2060.6094695549555,2061.6260198387417,373.0,25.0
2024-02-07 14:45:00,2061.6260198387417,2062.2447437521414,2060.8929304259555,2061.77204180391,441.0,25.0
2024-02-07 15:00:00,2061.77204180391,2062.8708262248956,2060.5981179076994,2062.8708262248956,285.0,25.0
2024-02-07 15:15:00,2062.8708262248956,2064.4395475945857,2061.929272151976,2064.3247658753144,351.0,25.0
2024-02-07 15:30:00,2064.3247658753144,2065.846626243681,2060.697798425695,2060.697798425695,417.0,25.0
2024-02-07 15:45:00,2060.697798425695,2061.2404440312816,2060.0074328829846,2060.191644253027,465.0,25.0
2024-02-07 16:00:00,2060.191644253027,2063.2242169874844,2059.992952776859,2061.8366076561147,264.0,25.0
2024-02-07 16:15:00,2061.8366076561147,2062.841171392552,2060.845265683022,2062.2211807683248,94.0,25.0
2024-02-07 16:30:00,2062.2211807683248,2064.2258015556745,2062.2211807683248,2062.418292375899,70.0,25.0
2024-02-07 16:45:00,2062.418292375899,2062.418292375899,2059.8867319267906,2059.8867319267906,362.0,25.0
2024-02-07 17:00:00,2059.8867319267906,2062.45095109432,2057.365753477428,2062.45095109432,259.0,25.0
2024-02-07 17:15:00,2062.45095109432,2063.4029808380888,2062.0877979630186,2063.2952811311566,423.0,25.0
2024-02-07 17:30:00,2063.2952811311566,2063.2952811311566,2059.91864330699,2059.91864330699,359.0,25.0
2024-02-07 17:45:00,2059.91864330699,2060.301188241911,2058.908409737243,2059.596012610817,184.0,25.0
2024-02-07 18:00:00,2059.596012610817,2060.1335782524534,2058.12919826347,2059.58994046357,88.0,25.0
2024-02-07 18:15:00,2059.58994046357,2059.58994046357,2056.634796409407,2056.634796409407,312.0,25.0
2024-02-07 18:30:00,2056.634796409407,2057.82460337028,2056.4492024745673,2056.4492024745673,386.0,25.0
2024-02-07 18:45:00,2056.4492024745673,2058.7820310702414,2056.4492024745673,2058.3715480888463,313.0,25.0
2024-02-07 19:00:00,2058.3715480888463,2059.2331685758895,2055.5716706293724,2055.5716706293724,359.0,25.0
2024-02-07 19:15:00,2055.5716706293724,2055.6677745842508,2053.3467548421236,2053.3467548421236,156.0,25.0
2024-02-07 19:30:00,2053.3467548421236,2053.3467548421236,2048.9824889016127,2050.9467717191505,420.0,25.0
2024-02-07 19:45:00,2050.9467717191505,2055.500309179891,2050.9467717191505,2054.2565047558483,232.0,25.0
2024-02-07 20:00:00,2054.2565047558483,2058.638009942188,2054.2565047558483,2058.1422746177,311.0,25.0
2024-02-07 20:15:00,2058.1422746177,2058.1422746177,2055.4538479559656,2055.4538479559656,320.0,25.0
2024-02-07 20:30:00,2055.4538479559656,2055.4538479559656,2053.5006146516394,2053.5006146516394,348.0,25.0
2024-02-07 20:45:00,2053.5006146516394,2055.23656235056,2052.6708122637633,2052.6708122637633,86.0,25.0
2024-02-07 21:00:00,2052.6708122637633,2055.3947967074096,2052.6708122637633,2053.9163872944664,408.0,25.0
2024-02-07 21:15:00,2053.9163872944664,2055.083146877804,2053.4502112604778,2053.4502112604778,207.0,25.0
2024-02-07 21:30:00,2053.4502112604778,2055.5403447312624,2052.916485515257,2052.916485515257,322.0,25.0
2024-02-07 21:45:00,2052.916485515257,2055.077304348094,2051.6620901334477,2054.016109619723,276.0,25.0
2024-02-07 22:00:00,2054.016109619723,2055.274839936062,2053.8004903222627,2053.8004903222627,445.0,25.0
2024-02-07 22:15:00,2053.8004903222627,2055.884729499986,2052.730287653325,2055.884729499986,230.0,25.0
2024-02-07 22:30:00,2055.884729499986,2055.967848793834,2052.114167130356,2052.114167130356,338.0,25.0
2024-02-07 22:45:00,2052.114167130356,2052.1219368929214,2048.896165479192,2049.2279604062355,140.0,25.0
2024-02-07 23:00:00,2049.2279604062355,2049.2279604062355,2046.738481502997,2048.880648120683,274.0,25.0
2024-02-07 23:15:00,2048.880648120683,2052.9156661300603,2048.880648120683,2052.9156661300603,302.0,25.0
2024-02-07 23:30:00,2052.9156661300603,2053.535955074806,2051.6406079314834,2053.5280289356433,96.0,25.0
2024-02-07 23:45:00,2053.5280289356433,2055.6355564229584,2053.525860682466,2055.6355564229584,271.0,25.0
2024-02-08 00:00:00,2055.6355564229584,2055.6355564229584,2054.028624007145,2054.2162133311167,376.0,25.0
2024-02-08 00:15:00,2054.2162133311167,2054.2162133311167,2049.955531878698,2050.3155093070677,171.0,25.0
2024-02-08 00:30:00,2050.3155093070677,2050.3155093070677,2046.3460868163781,2046.8496143424657,225.0,25.0
2024-02-08 00:45:00,2046.8496143424657,2048.7899883471405,2046.7055038028152,2047.284899235767,160.0,25.0
2024-02-08 01:00:00,2047.284899235767,2047.284899235767,2043.0017188125819,2045.2773032170364,198.0,25.0
2024-02-08 01:15:00,2045.2773032170364,2048.3946044013487,2044.9388248691425,2048.3946044013487,53.0,25.0
2024-02-08 01:30:00,2048.3946044013487,2050.505804467001,2048.1168324405303,2049.9400115302246,138.0,25.0
2024-02-08 01:45:00,2049.9400115302246,2052.126016938132,2048.8928422646172,2051.819721092088,173.0,25.0
2024-02-08 02:00:00,2051.819721092088,2053.7625421497128,2051.819721092088,2052.990958819815,380.0,25.0
2024-02-08 02:15:00,2052.990958819815,2052.990958819815,2050.222049930786,2050.222049930786,103.0,25.0
2024-02-08 02:30:00,2050.222049930786,2050.222049930786,2047.4691561297336,2048.040605801044,442.0,25.0
2024-02-08 02:45:00,2048.040605801044,2048.040605801044,2044.5109721578226,2044.5109721578226,77.0,25.0
2024-02-08 03:00:00,2044.5109721578226,2046.0031362325735,2044.2143036937528,2045.0721968772566,70.0,25.0
2024-02-08 03:15:00,2045.0721968772566,2045.585128192107,2044.3256846979536,2045.3826425149227,52.0,25.0
2024-02-08 03:30:00,2045.3826425149227,2046.2175007864237,2043.9817933068375,2045.7684724596193,117.0,25.0
2024-02-08 03:45:00,2045.7684724596193,2049.042969875782,2045.7684724596193,2047.8921742454588,298.0,25.0
2024-02-08 04:00:00,2047.8921742454588,2049.9457706891853,2047.379260371255,2048.176959512943,398.0,25.0
2024-02-08 04:15:00,2048.176959512943,2049.1259731655873,2046.942641524127,2046.942641524127,455.0,25.0
2024-02-08 04:30:00,2046.942641524127,2047.8656367950591,2046.3160036379566,2047.5529264670163,245.0,25.0
2024-02-08 04:45:00,2047.5529264670163,2050.774290353947,2047.3773967437266,2050.774290353947,193.0,25.0
2024-02-08 05:00:00,2050.774290353947,2051.1926598585683,2050.414974424035,2050.4269110141313,217.0,25.0
2024-02-08 05:15:00,2050.4269110141313,2052.5163519948815,2050.3371062737615,2052.5163519948815,183.0,25.0
2024-02-08 05:30:00,2052.5163519948815,2055.0871240211545,2052.5163519948815,2055.0871240211545,190.0,25.0
2024-02-08 05:45:00,2055.0871240211545,2056.413650792785,2054.445970689952,2056.413650792785,271.0,25.0
2024-02-08 06:00:00,2056.413650792785,2059.6506602324016,2055.815765897094,2059.6506602324016,344.0,25.0
2024-02-08 06:15:00,2059.6506602324016,2060.009664396139,2057.5771971121776,2059.0265490662164,312.0,25.0
2024-02-08 06:30:00,2059.0265490662164,2061.0792557305685,2059.0265490662164,2060.6759596418487,478.0,25.0
2024-02-08 06:45:00,2060.6759596418487,2060.9705260110113,2059.818455100665,2060.3375089919305,473.0,25.0
2024-02-08 07:00:00,2060.3375089919305,2060.356455826012,2058.358249101265,2058.358249101265,352.0,25.0
2024-02-08 07:15:00,2058.358249101265,2061.016717584523,2057.694486641771,2060.2605121021593,303.0,25.0
2024-02-08 07:30:00,2060.2605121021593,2063.293409393397,2060.1000355361257,2060.1000355361257,498.0,25.0
2024-02-08 07:45:00,2060.1000355361257,2063.024961429101,2059.925122320878,2062.709863874959,400.0,25.0
2024-02-08 08:00:00,2062.709863874959,2066.7696487663866,2062.709863874959,2066.7696487663866,70.0,25.0
2024-02-08 08:15:00,2066.7696487663866,2066.7696487663866,2064.670829548242,2065.3017577773144,186.0,25.0
2024-02-08 08:30:00,2065.3017577773144,2065.364224661327,2062.5799277903343,2062.5799277903343,61.0,25.0
2024-02-08 08:45:00,2062.5799277903343,2063.1971748520436,2061.0147161180857,2062.4186851776176,355.0,25.0
2024-02-08 09:00:00,2062.4186851776176,2065.8100777997447,2061.9752277356715,2065.8100777997447,489.0,25.0
2024-02-08 09:15:00,2065.8100777997447,2066.9604553020927,2065.460986686342,2066.9604553020927,496.0,25.0
2024-02-08 09:30:00,2066.9604553020927,2066.975087517643,2063.728845841261,2066.975087517643,89.0,25.0
2024-02-08 09:45:00,2066.975087517643,2067.419963362428,2066.113081720653,2066.113081720653,385.0,25.0
2024-02-08 10:00:00,2066.113081720653,2068.244677813048,2066.113081720653,2067.591751939328,428.0,25.0
2024-02-08 10:15:00,2067.591751939328,2068.3030153206278,2065.0591402039618,2065.397563589501,165.0,25.0
2024-02-08 10:30:00,2065.397563589501,2066.373464786231,2064.314531023948,2066.373464786231,488.0,25.0
2024-02-08 10:45:00,2066.373464786231,2068.5012277447795,2066.373464786231,2068.5012277447795,441.0,25.0
2024-02-08 11:00:00,2068.5012277447795,2068.5012277447795,2065.976526346194,2065.976526346194,374.0,25.0
2024-02-08 11:15:00,2065.976526346194,2066.293241983451,2064.6192972509434,2064.6192972509434,487.0,25.0
2024-02-08 11:30:00,2064.6192972509434,2066.236100455814,2064.4653530773094,2064.4653530773094,359.0,25.0
2024-02-08 11:45:00,2064.4653530773094,2064.5064127010737,2062.8615628322937,2063.306317022728,296.0,25.0
2024-02-08 12:00:00,2063.306317022728,2064.6957139651363,2061.946648983739,2063.78590500999,96.0,25.0
2024-02-08 12:15:00,2063.78590500999,2065.931385904251,2063.6618541200296,2065.931385904251,418.0,25.0
2024-02-08 12:30:00,2065.931385904251,2067.253816572485,2065.877863023446,2065.877863023446,383.0,25.0
2024-02-08 12:45:00,2065.877863023446,2068.1131316518317,2063.7900689355415,2063.7900689355415,419.0,25.0
2024-02-08 13:00:00,2063.7900689355415,2063.7900689355415,2060.8015719010687,2061.999799400422,217.0,25.0
2024-02-08 13:15:00,2061.999799400422,2067.9790019259717,2061.999799400422,2067.9790019259717,271.0,25.0
2024-02-08 13:30:00,2067.9790019259717,2067.9790019259717,2060.5968311192137,2060.5968311192137,452.0,25.0
2024-02-08 13:45:00,2060.5968311192137,2064.848080733141,2059.9665508448434,2064.848080733141,256.0,25.0
2024-02-08 14:00:00,2064.848080733141,2064.848080733141,2060.4036320867394,2060.4036320867394,67.0,25.0
2024-02-08 14:15:00,2060.4036320867394,2065.5474738217204,2060.4036320867394,2065.5474738217204,402.0,25.0
2024-02-08 14:30:00,2065.5474738217204,2067.185781323764,2065.5474738217204,2066.214023450965,394.0,25.0
2024-02-08 14:45:00,2066.214023450965,2068.184026056934,2065.4081670190744,2067.5835233956204,214.0,25.0
2024-02-08 15:00:00,2067.5835233956204,2070.4715448803004,2067.5835233956204,2070.4715448803004,432.0,25.0
2024-02-08 15:15:00,2070.4715448803004,2072.1644897239084,2070.4175114876725,2070.4175114876725,404.0,25.0
2024-02-08 15:30:00,2070.4175114876725,2072.6906801435953,2070.4175114876725,2072.6906801435953,273.0,25.0
2024-02-08 15:45:00,2072.6906801435953,2074.9509800931983,2072.6332798093117,2074.652016717254,458.0,25.0
2024-02-08 16:00:00,2074.652016717254,2075.3634666955604,2072.7762508912742,2072.7762508912742,315.0,25.0
2024-02-08 16:15:00,2072.7762508912742,2074.4220335377345,2072.070527880568,2072.4792882715556,175.0,25.0
2024-02-08 16:30:00,2072.4792882715556,2074.2145175464716,2072.4792882715556,2073.4264770947675,497.0,25.0
2024-02-08 16:45:00,2073.4264770947675,2074.855118860299,2072.813210681341,2072.819478861701,325.0,25.0
2024-02-08 17:00:00,2072.819478861701,2073.498312082635,2072.201130942359,2073.35093215929,107.0,25.0
2024-02-08 17:15:00,2073.35093215929,2073.35093215929,2070.159974625875,2070.8581273423465,175.0,25.0
2024-02-08 17:30:00,2070.8581273423465,2075.4651008032656,2070.757655560662,2075.4651008032656,311.0,25.0
2024-02-08 17:45:00,2075.4651008032656,2075.672750418911,2073.772755639656,2074.8365194895823,397.0,25.0
2024-02-08 18:00:00,2074.8365194895823,2076.6402628296587,2074.8365194895823,2075.9248690797176,381.0,25.0
2024-02-08 18:15:00,2075.9248690797176,2078.6956968568893,2075.9248690797176,2077.976166888983,128.0,25.0
2024-02-08 18:30:00,2077.976166888983,2077.976166888983,2076.749620749265,2076.858726466478,327.0,25.0
2024-02-08 18:45:00,2076.858726466478,2078.898154400362,2076.3670301800335,2078.642486236482,129.0,25.0
2024-02-08 19:00:00,2078.642486236482,2082.8387822639215,2078.6203835321926,2082.8387822639215,168.0,25.0
2024-02-08 19:15:00,2082.8387822639215,2083.123206242522,2080.5427625986636,2080.5427625986636,201.0,25.0
2024-02-08 19:30:00,2080.5427625986636,2081.631631605822,2078.021107538181,2081.1005116104675,447.0,25.0
2024-02-08 19:45:00,2081.1005116104675,2082.592009454244,2080.5188683721885,2082.592009454244,417.0,25.0
2024-02-08 20:00:00,2082.592009454244,2086.6085491861954,2082.592009454244,2086.6085491861954,364.0,25.0
2024-02-08 20:15:00,2086.6085491861954,2088.037558959977,2084.769876736278,2084.769876736278,191.0,25.0
2024-02-08 20:30:00,2084.769876736278,2085.5546885399963,2083.8196016427987,2083.8952244760217,257.0,25.0
2024-02-08 20:45:00,2083.8952244760217,2087.0445489046992,2083.8952244760217,2087.0445489046992,322.0,25.0
2024-02-08 21:00:00,2087.0445489046992,2089.079600371173,2086.96577354615,2089.079600371173,80.0,25.0
2024-02-08 21:15:00,2089.079600371173,2090.829292394883,2088.652221099378,2089.6880098716506,263.0,25.0
2024-02-08 21:30:00,2089.6880098716506,2090.6967209988793,2088.5962500868277,2088.5962500868277,466.0,25.0
2024-02-08 21:45:00,2088.5962500868277,2088.5962500868277,2086.877125917328,2088.006907521437,86.0,25.0
2024-02-08 22:00:00,2088.006907521437,2088.006907521437,2084.9331266159634,2084.9331266159634,88.0,25.0
2024-02-08 22:15:00,2084.9331266159634,2085.4223326219594,2083.8219150307045,2084.930626557249,100.0,25.0
2024-02-08 22:30:00,2084.930626557249,2084.930626557249,2083.306173293306,2084.737159497243,210.0,25.0
2024-02-08 22:45:00,2084.737159497243,2084.737159497243,2082.8153398414515,2083.460930315306,169.0,25.0
2024-02-08 23:00:00,2083.460930315306,2086.613466145229,2082.9416056867694,2086.613466145229,442.0,25.0
2024-02-08 23:15:00,2086.613466145229,2087.7231371688463,2085.235758259785,2085.471819677284,97.0,25.0
2024-02-08 23:30:00,2085.471819677284,2089.1789256661637,2085.471819677284,2089.1789256661637,400.0,25.0
2024-02-08 23:45:00,2089.1789256661637,2090.2856937857164,2088.9206193688915,2088.9206193688915,433.0,25.0
2024-02-09 00:00:00,2088.9206193688915,2090.1365314590466,2086.745144975413,2088.2755858443547,460.0,25.0
2024-02-09 00:15:00,2088.2755858443547,2088.2755858443547,2084.2690673815787,2085.563540407253,371.0,25.0
2024-02-09 00:30:00,2085.563540407253,2086.333558638708,2085.2587153413883,2085.618449954613,81.0,25.0
2024-02-09 00:45:00,2085.618449954613,2086.0366197613507,2084.4048804067797,2084.896114844522,338.0,25.0
2024-02-09 01:00:00,2084.896114844522,2084.896114844522,2081.71612784526,2081.71612784526,455.0,25.0
2024-02-09 01:15:00,2081.71612784526,2081.71612784526,2080.6857347868286,2081.256055866379,223.0,25.0
2024-02-09 01:30:00,2081.256055866379,2083.676422970463,2081.256055866379,2082.2418827196407,54.0,25.0
2024-02-09 01:45:00,2082.2418827196407,2083.216592412137,2081.2874315624144,2081.2874315624144,349.0,25.0
2024-02-09 02:00:00,2081.2874315624144,2081.681238614044,2079.1355919037787,2079.1355919037787,51.0,25.0
2024-02-09 02:15:00,2079.1355919037787,2081.382218600405,2079.1355919037787,2080.945447973381,50.0,25.0
2024-02-09 02:30:00,2080.945447973381,2081.3151703267854,2080.6298868788426,2081.3151703267854,359.0,25.0
2024-02-09 02:45:00,2081.3151703267854,2081.3151703267854,2078.8138030512705,2079.423277911323,383.0,25.0
2024-02-09 03:00:00,2079.423277911323,2081.593658226479,2078.9492805866794,2079.649676889976,316.0,25.0
2024-02-09 03:15:00,2079.649676889976,2080.939595621756,2078.7196232990113,2080.939595621756,338.0,25.0
2024-02-09 03:30:00,2080.939595621756,2080.939595621756,2078.296842206612,2078.45974625991,126.0,25.0
2024-02-09 03:45:00,2078.45974625991,2081.5055172170023,2077.875831517488,2081.5055172170023,248.0,25.0
2024-02-09 04:00:00,2081.5055172170023,2082.407585007691,2078.4187695987653,2078.4187695987653,125.0,25.0
2024-02-09 04:15:00,2078.4187695987653,2078.552804273743,2077.6507821052105,2077.6507821052105,53.0,25.0
2024-02-09 04:30:00,2077.6507821052105,2081.046619898003,2077.030640384909,2081.046619898003,435.0,25.0
2024-02-09 04:45:00,2081.046619898003,2081.046619898003,2080.0201652059036,2080.0201652059036,184.0,25.0
2024-02-09 05:00:00,2080.0201652059036,2080.0201652059036,2078.572019438951,2079.09621456013,388.0,25.0
2024-02-09 05:15:00,2079.09621456013,2081.8412832087206,2079.09621456013,2079.924785082194,87.0,25.0
2024-02-09 05:30:00,2079.924785082194,2081.7567393183604,2079.924785082194,2081.7567393183604,98.0,25.0
2024-02-09 05:45:00,2081.7567393183604,2081.7567393183604,2078.758937628525,2078.758937628525,203.0,25.0
2024-02-09 06:00:00,2078.758937628525,2079.938028555891,2077.846499770482,2079.2247850346052,361.0,25.0
2024-02-09 06:15:00,2079.2247850346052,2079.2247850346052,2077.077337947166,2077.077337947166,233.0,25.0
2024-02-09 06:30:00,2077.077337947166,2077.077337947166,2076.379003207441,2076.9978649000705,498.0,25.0
2024-02-09 06:45:00,2076.9978649000705,2077.054151513912,2074.9460696181054,2074.9460696181054,361.0,25.0
2024-02-09 07:00:00,2074.9460696181054,2075.65732067002,2073.918557671794,2075.65732067002,66.0,25.0
2024-02-09 07:15:00,2075.65732067002,2077.2395936279613,2075.2900756856643,2077.161592206066,482.0,25.0
2024-02-09 07:30:00,2077.161592206066,2078.234144754506,2076.889451540167,2078.234144754506,121.0,25.0
2024-02-09 07:45:00,2078.234144754506,2078.2871124502412,2077.496478809102,2077.618355791857,283.0,25.0
2024-02-09 08:00:00,2077.618355791857,2078.0669930992112,2076.4516978382744,2077.6534378121264,282.0,25.0
2024-02-09 08:15:00,2077.6534378121264,2079.367193675194,2076.0240041107795,2079.367193675194,359.0,25.0
2024-02-09 08:30:00,2079.367193675194,2079.367193675194,2075.609393042503,2075.609393042503,364.0,25.0
2024-02-09 08:45:00,2075.609393042503,2075.609393042503,2073.258794694035,2073.652149709955,64.0,25.0
2024-02-09 09:00:00,2073.652149709955,2077.089066894671,2073.1055992805163,2077.089066894671,277.0,25.0
2024-02-09 09:15:00,2077.089066894671,2077.089066894671,2072.806330084862,2072.806330084862,75.0,25.0
2024-02-09 09:30:00,2072.806330084862,2073.5817941660803,2072.2212002062993,2072.2212002062993,202.0,25.0
2024-02-09 09:45:00,2072.2212002062993,2073.3465980446385,2071.4318510852563,2072.7090225611437,281.0,25.0
2024-02-09 10:00:00,2072.7090225611437,2072.991248740231,2070.2350092842,2072.991248740231,367.0,25.0
2024-02-09 10:15:00,2072.991248740231,2072.991248740231,2071.4610672800013,2071.4610672800013,443.0,25.0
2024-02-09 10:30:00,2071.4610672800013,2071.5242020982246,2069.1513087149924,2069.765787177012,126.0,25.0
2024-02-09 10:45:00,2069.765787177012,2071.5009083493023,2068.113727880264,2068.113727880264,375.0,25.0
2024-02-09 11:00:00,2068.113727880264,2068.113727880264,2065.6392194504106,2066.218656853995,361.0,25.0
2024-02-09 11:15:00,2066.218656853995,2068.1271299041496,2065.163993160507,2068.1271299041496,90.0,25.0
2024-02-09 11:30:00,2068.1271299041496,2068.1271299041496,2062.677334498813,2062.677334498813,483.0,25.0
2024-02-09 11:45:00,2062.677334498813,2062.964872398954,2061.074155764768,2061.8147036562555,310.0,25.0
2024-02-09 12:00:00,2061.8147036562555,2061.9384625719763,2060.125183907638,2060.125183907638,339.0,25.0
2024-02-09 12:15:00,2060.125183907638,2060.3374341741896,2058.5738601712646,2058.716814664242,63.0,25.0
2024-02-09 12:30:00,2058.716814664242,2058.716814664242,2056.8105157944724,2057.556332034602,197.0,25.0
2024-02-09 12:45:00,2057.556332034602,2058.431751487598,2055.001561226019,2055.880012992452,314.0,25.0
2024-02-09 13:00:00,2055.880012992452,2055.880012992452,2052.4181158962097,2052.6955014001546,207.0,25.0
2024-02-09 13:15:00,2052.6955014001546,2054.087016864034,2051.2293083212758,2054.087016864034,281.0,25.0
2024-02-09 13:30:00,2054.087016864034,2054.1211178712465,2050.822915870711,2050.822915870711,465.0,25.0
2024-02-09 13:45:00,2050.822915870711,2053.8958100457016,2050.822915870711,2053.8958100457016,446.0,25.0
2024-02-09 14:00:00,2053.8958100457016,2053.8958100457016,2050.667381698641,2051.7891513627933,149.0,25.0
2024-02-09 14:15:00,2051.7891513627933,2055.044611253565,2051.7891513627933,2054.9634055401707,199.0,25.0
2024-02-09 14:30:00,2054.9634055401707,2056.452216432742,2054.0705350813123,2054.0705350813123,369.0,25.0
2024-02-09 14:45:00,2054.0705350813123,2057.5903452692883,2054.0705350813123,2057.5903452692883,365.0,25.0
2024-02-09 15:00:00,2057.5903452692883,2057.591579243057,2055.3684765157345,2055.3684765157345,351.0,25.0
2024-02-09 15:15:00,2055.3684765157345,2056.9695456507047,2055.3544442246753,2055.3544442246753,351.0,25.0
2024-02-09 15:30:00,2055.3544442246753,2055.6311998699157,2052.541886668026,2052.541886668026,229.0,25.0
2024-02-09 15:45:00,2052.541886668026,2053.514204671213,2051.944096829498,2053.3014911426294,308.0,25.0
2024-02-09 16:00:00,2053.3014911426294,2055.961705386327,2053.3014911426294,2054.1715691889162,366.0,25.0
2024-02-09 16:15:00,2054.1715691889162,2055.8533212506286,2053.3235077637364,2053.670536465189,493.0,25.0
2024-02-09 16:30:00,2053.670536465189,2053.670536465189,2051.3368941514677,2051.3368941514677,201.0,25.0
2024-02-09 16:45:00,2051.3368941514677,2053.037709134778,2050.7332835999855,2052.4429212995383,221.0,25.0
2024-02-09 17:00:00,2052.4429212995383,2053.449458349752,2052.0377341267636,2052.8087651416286,139.0,25.0
2024-02-09 17:15:00,2052.8087651416286,2055.3283022463816,2052.1085910593874,2055.0636645100935,76.0,25.0
2024-02-09 17:30:00,2055.0636645100935,2057.238369228626,2055.0636645100935,2056.3137531063726,103.0,25.0
2024-02-09 17:45:00,2056.3137531063726,2056.404168254953,2054.990343872962,2056.385678345249,146.0,25.0
2024-02-09 18:00:00,2056.385678345249,2056.955515140416,2052.635623978,2052.635623978,140.0,25.0
2024-02-09 18:15:00,2052.635623978,2054.9444465076426,2052.635623978,2054.556945692172,314.0,25.0
2024-02-09 18:30:00,2054.556945692172,2055.483851884567,2054.179833414105,2054.3564500204575,377.0,25.0
2024-02-09 18:45:00,2054.3564500204575,2056.9896160676017,2053.866186956439,2056.315045188914,176.0,25.0
2024-02-09 19:00:00,2056.315045188914,2057.7804787113046,2054.792363799654,2054.792363799654,198.0,25.0
2024-02-09 19:15:00,2054.792363799654,2059.9437560766264,2054.792363799654,2058.525213349406,393.0,25.0
2024-02-09 19:30:00,2058.525213349406,2061.851921408942,2057.8242628248954,2061.851921408942,486.0,25.0
2024-02-09 19:45:00,2061.851921408942,2063.625189289166,2061.851921408942,2062.915698656254,222.0,25.0
2024-02-09 20:00:00,2062.915698656254,2062.915698656254,2058.48542630696,2058.48542630696,95.0,25.0
2024-02-09 20:15:00,2058.48542630696,2060.157519351558,2057.7245816266563,2060.1292586377735,405.0,25.0
2024-02-09 20:30:00,2060.1292586377735,2061.5974800880635,2059.0430606539953,2061.5974800880635,178.0,25.0
2024-02-09 20:45:00,2061.5974800880635,2061.5974800880635,2058.8393144928314,2060.1538644752723,342.0,25.0
2024-02-09 21:00:00,2060.1538644752723,2064.1387152334514,2059.562666904656,2063.7784246467163,351.0,25.0
2024-02-09 21:15:00,2063.7784246467163,2066.3179030898987,2063.6317627438752,2065.7307143611906,450.0,25.0
2024-02-09 21:30:00,2065.7307143611906,2065.7307143611906,2063.3333585075443,2063.3333585075443,82.0,25.0
2024-02-09 21:45:00,2063.3333585075443,2065.580209304975,2063.3333585075443,2065.580209304975,468.0,25.0
2024-02-09 22:00:00,2065.580209304975,2065.580209304975,2063.2391677331934,2064.1707643912982,218.0,25.0
2024-02-09 22:15:00,2064.1707643912982,2064.1707643912982,2060.5619016204682,2061.0346215228506,408.0,25.0
2024-02-09 22:30:00,2061.0346215228506,2063.7792502917264,2060.748865560191,2063.7792502917264,494.0,25.0
2024-02-09 22:45:00,2063.7792502917264,2063.7792502917264,2060.812367899079,2061.2407093482593,132.0,25.0
2024-02-09 23:00:00,2061.2407093482593,2062.947039157946,2059.514933104685,2059.514933104685,471.0,25.0
2024-02-09 23:15:00,2059.514933104685,2060.3346552229386,2057.2941076497514,2058.4063908021603,175.0,25.0
2024-02-09 23:30:00,2058.4063908021603,2060.340874649815,2056.936756406783,2058.0510065037774,323.0,25.0
2024-02-09 23:45:00,2058.0510065037774,2062.136908510278,2057.2105816054996,2062.136908510278,315.0,25.0
2024-02-12 00:00:00,2062.136908510278,2062.6728221825397,2061.2863675859476,2062.066828590842,442.0,25.0
2024-02-12 00:15:00,2062.066828590842,2062.896511260942,2061.535881512021,2062.896511260942,387.0,25.0
2024-02-12 00:30:00,2062.896511260942,2065.0573798421715,2062.896511260942,2064.8013930523175,54.0,25.0
2024-02-12 00:45:00,2064.8013930523175,2064.8013930523175,2060.737744409182,2062.488419930244,241.0,25.0
2024-02-12 01:00:00,2062.488419930244,2062.488419930244,2059.5724551856106,2059.5724551856106,344.0,25.0
2024-02-12 01:15:00,2059.5724551856106,2061.260555480691,2059.2870338988846,2060.695218351937,146.0,25.0
2024-02-12 01:30:00,2060.695218351937,2061.8598604228114,2060.1385616226776,2061.8598604228114,217.0,25.0
2024-02-12 01:45:00,2061.8598604228114,2065.214710318068,2061.8598604228114,2064.701040556442,233.0,25.0
2024-02-12 02:00:00,2064.701040556442,2064.963513587989,2064.4947122685176,2064.5613931965513,339.0,25.0
2024-02-12 02:15:00,2064.5613931965513,2064.6428169743626,2061.763143520556,2062.6632525192626,188.0,25.0
2024-02-12 02:30:00,2062.6632525192626,2063.9679145965097,2062.6632525192626,2063.9679145965097,164.0,25.0
2024-02-12 02:45:00,2063.9679145965097,2064.994760197585,2062.5076115568645,2064.2173027309436,79.0,25.0
2024-02-12 03:00:00,2064.2173027309436,2065.758873333167,2064.2173027309436,2064.8780368096345,154.0,25.0
2024-02-12 03:15:00,2064.8780368096345,2064.947091794732,2062.057369379378,2062.423018954439,387.0,25.0
2024-02-12 03:30:00,2062.423018954439,2063.0526241826374,2061.036011936095,2061.036011936095,108.0,25.0
2024-02-12 03:45:00,2061.036011936095,2061.4821254697754,2060.0996824898016,2060.0996824898016,445.0,25.0
2024-02-12 04:00:00,2060.0996824898016,2064.573995206475,2060.0996824898016,2064.573995206475,73.0,25.0
2024-02-12 04:15:00,2064.573995206475,2066.2105761506546,2063.1411218734793,2064.6535343170312,316.0,25.0
2024-02-12 04:30:00,2064.6535343170312,2064.9143663949612,2063.222765505521,2064.9143663949612,474.0,25.0
2024-02-12 04:45:00,2064.9143663949612,2067.843691432439,2064.9143663949612,2067.843691432439,496.0,25.0
2024-02-12 05:00:00,2067.843691432439,2069.1674263319223,2066.8031407015483,2069.1674263319223,241.0,25.0
2024-02-12 05:15:00,2069.1674263319223,2073.292366246056,2068.397633856412,2073.292366246056,319.0,25.0
2024-02-12 05:30:00,2073.292366246056,2076.4141022832637,2072.621159208778,2076.4141022832637,272.0,25.0
2024-02-12 05:45:00,2076.4141022832637,2078.842252345614,2075.814099507907,2075.814099507907,480.0,25.0
2024-02-12 06:00:00,2075.814099507907,2077.1241727062725,2074.7861507425205,2076.836427314599,127.0,25.0
2024-02-12 06:15:00,2076.836427314599,2079.9102341086377,2076.836427314599,2079.594262157205,277.0,25.0
2024-02-12 06:30:00,2079.594262157205,2085.5966180233086,2079.594262157205,2085.5966180233086,333.0,25.0
2024-02-12 06:45:00,2085.5966180233086,2086.423575822918,2084.042267886687,2086.423575822918,424.0,25.0
2024-02-12 07:00:00,2086.423575822918,2087.505370138483,2084.744204258109,2084.744204258109,276.0,25.0
2024-02-12 07:15:00,2084.744204258109,2087.735332887146,2084.744204258109,2084.8379852983885,188.0,25.0
2024-02-12 07:30:00,2084.8379852983885,2085.9961691065905,2084.130487751361,2085.9961691065905,307.0,25.0
2024-02-12 07:45:00,2085.9961691065905,2085.9961691065905,2082.387736897345,2085.0430860163165,58.0,25.0
2024-02-12 08:00:00,2085.0430860163165,2087.516887595963,2085.0430860163165,2086.2877772965294,124.0,25.0
2024-02-12 08:15:00,2086.2877772965294,2088.853105921744,2086.2877772965294,2088.853105921744,139.0,25.0
2024-02-12 08:30:00,2088.853105921744,2088.853105921744,2085.135419054602,2085.135419054602,216.0,25.0
2024-02-12 08:45:00,2085.135419054602,2085.5777505120786,2083.8947095477006,2084.8823094469044,356.0,25.0
2024-02-12 09:00:00,2084.8823094469044,2088.178351000285,2084.8823094469044,2088.178351000285,383.0,25.0
2024-02-12 09:15:00,2088.178351000285,2090.245764806216,2088.178351000285,2089.881907584631,244.0,25.0
2024-02-12 09:30:00,2089.881907584631,2093.250038147975,2089.067411146886,2093.250038147975,431.0,25.0
2024-02-12 09:45:00,2093.250038147975,2095.636726564554,2093.1555606669117,2095.376129894758,472.0,25.0
2024-02-12 10:00:00,2095.376129894758,2095.9688607082953,2094.264192784691,2094.3654605288466,215.0,25.0
2024-02-12 10:15:00,2094.3654605288466,2094.8642318558923,2093.5597895113956,2094.8642318558923,385.0,25.0
2024-02-12 10:30:00,2094.8642318558923,2097.551928819077,2094.8642318558923,2095.1505575465826,379.0,25.0
2024-02-12 10:45:00,2095.1505575465826,2095.8497540885305,2094.142643908407,2095.58522321903,465.0,25.0
2024-02-12 11:00:00,2095.58522321903,2097.2583950550825,2095.5807128124407,2097.2583950550825,252.0,25.0
2024-02-12 11:15:00,2097.2583950550825,2097.2583950550825,2094.9001424780836,2095.2158793171866,323.0,25.0
2024-02-12 11:30:00,2095.2158793171866,2095.2158793171866,2092.9436596625983,2092.9436596625983,384.0,25.0
2024-02-12 11:45:00,2092.9436596625983,2093.3439682783387,2092.3591277075334,2092.8198860853486,411.0,25.0
2024-02-12 12:00:00,2092.8198860853486,2093.920466769866,2092.3521799872783,2093.920466769866,63.0,25.0
2024-02-12 12:15:00,2093.920466769866,2093.920466769866,2091.7735800307714,2091.7735800307714,430.0,25.0
2024-02-12 12:30:00,2091.7735800307714,2092.4704154104415,2089.7064616863963,2089.7064616863963,215.0,25.0
2024-02-12 12:45:00,2089.7064616863963,2090.5347254237013,2088.2649599388415,2090.336286343515,392.0,25.0
2024-02-12 13:00:00,2090.336286343515,2093.322050669936,2090.336286343515,2092.0141048435903,298.0,25.0
2024-02-12 13:15:00,2092.0141048435903,2093.7828145427034,2091.104636336289,2091.104636336289,239.0,25.0
2024-02-12 13:30:00,2091.104636336289,2094.8927314772172,2091.104636336289,2093.9486841679163,298.0,25.0
2024-02-12 13:45:00,2093.9486841679163,2093.9486841679163,2089.6520409281707,2089.760697643666,264.0,25.0
2024-02-12 14:00:00,2089.760697643666,2091.954656957057,2089.760697643666,2091.954656957057,456.0,25.0
2024-02-12 14:15:00,2091.954656957057,2098.827399074688,2091.683082052678,2098.409346388283,485.0,25.0
2024-02-12 14:30:00,2098.409346388283,2099.105773243654,2095.524790436357,2095.524790436357,127.0,25.0
2024-02-12 14:45:00,2095.524790436357,2095.524790436357,2092.529422388435,2093.7947970782147,428.0,25.0
2024-02-12 15:00:00,2093.7947970782147,2094.940852904094,2093.511284214276,2094.940852904094,165.0,25.0
2024-02-12 15:15:00,2094.940852904094,2097.4358385088635,2094.940852904094,2095.311967987077,330.0,25.0
2024-02-12 15:30:00,2095.311967987077,2098.8611863390947,2094.0218988640186,2098.8611863390947,483.0,25.0
2024-02-12 15:45:00,2098.8611863390947,2103.113685658579,2098.8611863390947,2102.0924451897818,457.0,25.0
2024-02-12 16:00:00,2102.0924451897818,2104.5882841256334,2102.0924451897818,2103.1448284483017,304.0,25.0
2024-02-12 16:15:00,2103.1448284483017,2106.252276748179,2102.2133920538517,2106.252276748179,366.0,25.0
2024-02-12 16:30:00,2106.252276748179,2111.8675433235253,2106.252276748179,2111.8675433235253,263.0,25.0
2024-02-12 16:45:00,2111.8675433235253,2111.8675433235253,2109.6533300739084,2110.1858918073895,364.0,25.0
2024-02-12 17:00:00,2110.1858918073895,2111.6426717412405,2110.1858918073895,2111.0135287742387,124.0,25.0
2024-02-12 17:15:00,2111.0135287742387,2111.279946280661,2109.124853447537,2110.7545099770628,178.0,25.0
2024-02-12 17:30:00,2110.7545099770628,2114.8375795887378,2110.7545099770628,2114.8375795887378,376.0,25.0
2024-02-12 17:45:00,2114.8375795887378,2114.8375795887378,2112.67449038637,2112.67449038637,453.0,25.0
2024-02-12 18:00:00,2112.67449038637,2115.3781676427143,2112.2458976471466,2112.2458976471466,500.0,25.0
2024-02-12 18:15:00,2112.2458976471466,2112.2458976471466,2108.051344229597,2110.7684659513834,188.0,25.0
2024-02-12 18:30:00,2110.7684659513834,2112.137947259781,2110.1344127614416,2110.1344127614416,275.0,25.0
2024-02-12 18:45:00,2110.1344127614416,2111.1659297208425,2107.79775471307,2107.79775471307,84.0,25.0
2024-02-12 19:00:00,2107.79775471307,2111.624312947243,2107.6901285284457,2111.624312947243,58.0,25.0
2024-02-12 19:15:00,2111.624312947243,2113.273268600607,2109.8189447892482,2109.8189447892482,312.0,25.0
2024-02-12 19:30:00,2109.8189447892482,2109.8189447892482,2108.208253336605,2108.208253336605,193.0,25.0
2024-02-12 19:45:00,2108.208253336605,2108.208253336605,2104.454697588822,2106.687457792837,51.0,25.0
2024-02-12 20:00:00,2106.687457792837,2110.3005673686994,2106.687457792837,2107.572901990968,345.0,25.0
2024-02-12 20:15:00,2107.572901990968,2107.572901990968,2103.487172487249,2105.0655934440424,91.0,25.0
2024-02-12 20:30:00,2105.0655934440424,2105.279639428584,2102.7894720291383,2104.0693334876996,202.0,25.0
2024-02-12 20:45:00,2104.0693334876996,2104.0693334876996,2102.103849761968,2102.103849761968,410.0,25.0
2024-02-12 21:00:00,2102.103849761968,2102.103849761968,2098.726446725357,2101.3585458586113,111.0,25.0
2024-02-12 21:15:00,2101.3585458586113,2105.197896502543,2101.3585458586113,2105.197896502543,106.0,25.0
2024-02-12 21:30:00,2105.197896502543,2105.197896502543,2101.351511372707,2104.3513690646596,89.0,25.0
2024-02-12 21:45:00,2104.3513690646596,2104.3513690646596,2102.5934286481984,2104.1233741497826,174.0,25.0
2024-02-12 22:00:00,2104.1233741497826,2104.1303186500186,2100.9428600749143,2100.9428600749143,211.0,25.0
2024-02-12 22:15:00,2100.9428600749143,2100.9428600749143,2097.8037663527984,2097.8037663527984,198.0,25.0
2024-02-12 22:30:00,2097.8037663527984,2097.883379460009,2093.464420438063,2093.464420438063,450.0,25.0
2024-02-12 22:45:00,2093.464420438063,2096.525302742492,2093.464420438063,2096.525302742492,241.0,25.0
2024-02-12 23:00:00,2096.525302742492,2096.5396337430434,2094.451213590704,2095.7412166084405,496.0,25.0
2024-02-12 23:15:00,2095.7412166084405,2098.521855986791,2095.7412166084405,2098.5133793349883,189.0,25.0
2024-02-12 23:30:00,2098.5133793349883,2099.576412224545,2097.093227139509,2097.093227139509,493.0,25.0
2024-02-12 23:45:00,2097.093227139509,2098.989222087784,2097.093227139509,2098.989222087784,124.0,25.0
2024-02-13 00:00:00,2098.989222087784,2100.3643641579292,2098.887523267714,2099.9500502720357,51.0,25.0
2024-02-13 00:15:00,2099.9500502720357,2103.227205430417,2099.8400611050324,2103.227205430417,114.0,25.0
2024-02-13 00:30:00,2103.227205430417,2104.9854505177227,2103.2056434122187,2103.2056434122187,330.0,25.0
2024-02-13 00:45:00,2103.2056434122187,2104.0693906728247,2102.207075112574,2102.207075112574,52.0,25.0
2024-02-13 01:00:00,2102.207075112574,2102.8123823310616,2101.645651001655,2102.090188809954,174.0,25.0
2024-02-13 01:15:00,2102.090188809954,2102.090188809954,2099.4383580588415,2099.4383580588415,348.0,25.0
2024-02-13 01:30:00,2099.4383580588415,2099.503225034647,2097.039501339083,2097.9948551332045,325.0,25.0
2024-02-13 01:45:00,2097.9948551332045,2098.5055072895566,2097.085955948123,2097.085955948123,317.0,25.0
2024-02-13 02:00:00,2097.085955948123,2098.415186051593,2096.879104563555,2096.879104563555,295.0,25.0
2024-02-13 02:15:00,2096.879104563555,2096.879104563555,2094.7602509732887,2096.293443694871,390.0,25.0
2024-02-13 02:30:00,2096.293443694871,2099.5907728717666,2096.293443694871,2099.5907728717666,173.0,25.0
2024-02-13 02:45:00,2099.5907728717666,2099.5907728717666,2097.612088993578,2097.612088993578,137.0,25.0
2024-02-13 03:00:00,2097.612088993578,2098.3779456839407,2094.259823499782,2094.259823499782,487.0,25.0
2024-02-13 03:15:00,2094.259823499782,2095.5822246684393,2093.685975436596,2093.685975436596,197.0,25.0
2024-02-13 03:30:00,2093.685975436596,2097.6208225961645,2093.626371666054,2097.6208225961645,383.0,25.0
2024-02-13 03:45:00,2097.6208225961645,2097.6208225961645,2095.366627129981,2095.467517022713,367.0,25.0
2024-02-13 04:00:00,2095.467517022713,2098.6504462187363,2095.467517022713,2097.3402363151713,173.0,25.0
2024-02-13 04:15:00,2097.3402363151713,2097.5149951326102,2095.3173630971155,2097.5149951326102,387.0,25.0
2024-02-13 04:30:00,2097.5149951326102,2101.695594659755,2095.9351775345194,2101.695594659755,248.0,25.0
2024-02-13 04:45:00,2101.695594659755,2103.0212913869536,2101.374045165505,2102.253712461274,405.0,25.0
2024-02-13 05:00:00,2102.253712461274,2102.253712461274,2100.1620326202324,2100.658114080869,469.0,25.0
2024-02-13 05:15:00,2100.658114080869,2102.081249741834,2100.658114080869,2101.3781129984054,498.0,25.0
2024-02-13 05:30:00,2101.3781129984054,2102.972785582481,2100.8400162861835,2102.972785582481,70.0,25.0
2024-02-13 05:45:00,2102.972785582481,2103.922500480567,2101.568562280498,2103.810551031323,190.0,25.0
2024-02-13 06:00:00,2103.810551031323,2108.23784004174,2103.810551031323,2107.6753845887824,128.0,25.0
2024-02-13 06:15:00,2107.6753845887824,2108.4650706813813,2106.1068313507535,2108.4650706813813,180.0,25.0
2024-02-13 06:30:00,2108.4650706813813,2108.4650706813813,2105.6983211331444,2105.6983211331444,463.0,25.0
2024-02-13 06:45:00,2105.6983211331444,2106.3605059871365,2103.6305492779957,2105.2688704202624,456.0,25.0
2024-02-13 07:00:00,2105.2688704202624,2106.6280372527754,2104.0801087518485,2104.0801087518485,84.0,25.0
2024-02-13 07:15:00,2104.0801087518485,2104.5473055480647,2102.219023639349,2102.219023639349,393.0,25.0
2024-02-13 07:30:00,2102.219023639349,2103.129482547467,2102.018673169493,2102.018673169493,468.0,25.0
2024-02-13 07:45:00,2102.018673169493,2103.687059607562,2101.7307987520935,2103.202502938734,334.0,25.0
2024-02-13 08:00:00,2103.202502938734,2104.581089682573,2102.949533415109,2103.9416576984936,482.0,25.0
2024-02-13 08:15:00,2103.9416576984936,2104.7323190923335,2101.9884551067844,2101.9884551067844,296.0,25.0
2024-02-13 08:30:00,2101.9884551067844,2104.0507002233753,2101.9884551067844,2103.75499415253,367.0,25.0
2024-02-13 08:45:00,2103.75499415253,2106.7822280458236,2103.432705647717,2106.7822280458236,295.0,25.0
2024-02-13 09:00:00,2106.7822280458236,2106.7822280458236,2104.8377823715823,2104.8377823715823,205.0,25.0
2024-02-13 09:15:00,2104.8377823715823,2107.206483932692,2104.8377823715823,2106.7831196992447,467.0,25.0
2024-02-13 09:30:00,2106.7831196992447,2111.153277932515,2106.7831196992447,2111.153277932515,170.0,25.0
2024-02-13 09:45:00,2111.153277932515,2113.105801747938,2110.2482723430485,2110.2482723430485,71.0,25.0
2024-02-13 10:00:00,2110.2482723430485,2111.6359212193943,2110.0965237264018,2110.9473354322613,386.0,25.0
2024-02-13 10:15:00,2110.9473354322613,2111.1781297951434,2109.2035250834138,2109.2035250834138,88.0,25.0
2024-02-13 10:30:00,2109.2035250834138,2109.8062681549477,2108.2636334679023,2108.714003935903,119.0,25.0
2024-02-13 10:45:00,2108.714003935903,2108.714003935903,2106.9802522315167,2107.58953537996,318.0,25.0
2024-02-13 11:00:00,2107.58953537996,2110.880109765322,2107.485958383041,2110.880109765322,105.0,25.0
2024-02-13 11:15:00,2110.880109765322,2114.836323702227,2110.0530756065627,2113.500227615235,169.0,25.0
2024-02-13 11:30:00,2113.500227615235,2118.264070186196,2113.500227615235,2118.264070186196,90.0,25.0
2024-02-13 11:45:00,2118.264070186196,2122.1941231269093,2118.264070186196,2122.1941231269093,157.0,25.0
2024-02-13 12:00:00,2122.1941231269093,2122.3469523245817,2121.445741785734,2121.5018614066444,88.0,25.0
2024-02-13 12:15:00,2121.5018614066444,2121.5018614066444,2119.2285358475124,2120.0258991436863,211.0,25.0
2024-02-13 12:30:00,2120.0258991436863,2120.5389798295696,2118.1762668643323,2120.5389798295696,230.0,25.0
2024-02-13 12:45:00,2120.5389798295696,2120.5389798295696,2116.6393072606907,2116.6393072606907,157.0,25.0
2024-02-13 13:00:00,2116.6393072606907,2116.6393072606907,2115.296480884125,2115.7898668955177,417.0,25.0
2024-02-13 13:15:00,2115.7898668955177,2116.9861905551206,2114.405717690187,2114.6018156640453,456.0,25.0
2024-02-13 13:30:00,2114.6018156640453,2115.380346059381,2112.3495931255898,2112.626627857551,288.0,25.0
2024-02-13 13:45:00,2112.626627857551,2113.170648835624,2107.481417838512,2107.481417838512,426.0,25.0
2024-02-13 14:00:00,2107.481417838512,2107.481417838512,2106.1631547664715,2107.481273771083,145.0,25.0
2024-02-13 14:15:00,2107.481273771083,2108.5163991669942,2105.190284995405,2105.5059096061145,89.0,25.0
2024-02-13 14:30:00,2105.5059096061145,2106.3184465837953,2104.5248025258293,2105.0000057483558,290.0,25.0
2024-02-13 14:45:00,2105.0000057483558,2107.3602391097056,2105.0000057483558,2107.3602391097056,242.0,25.0
2024-02-13 15:00:00,2107.3602391097056,2110.8575394474915,2107.3602391097056,2109.9648978324467,209.0,25.0
2024-02-13 15:15:00,2109.9648978324467,2110.565688915531,2107.67243374679,2107.9719445483565,229.0,25.0
2024-02-13 15:30:00,2107.9719445483565,2107.9719445483565,2103.7423916368716,2105.457827867404,244.0,25.0
2024-02-13 15:45:00,2105.457827867404,2105.9096488852265,2103.9169919391034,2104.067973655858,93.0,25.0
2024-02-13 16:00:00,2104.067973655858,2104.067973655858,2103.167030649535,2103.3658170331178,280.0,25.0
2024-02-13 16:15:00,2103.3658170331178,2103.9267630286695,2101.9932043953295,2103.6327756963133,304.0,25.0
2024-02-13 16:30:00,2103.6327756963133,2103.6327756963133,2099.3631159206884,2101.1898945010726,237.0,25.0
2024-02-13 16:45:00,2101.1898945010726,2101.4771577301417,2099.705884466958,2101.1558877829907,124.0,25.0
2024-02-13 17:00:00,2101.1558877829907,2101.228858322159,2099.6970346573685,2099.6970346573685,433.0,25.0
2024-02-13 17:15:00,2099.6970346573685,2099.6970346573685,2098.7497192227142,2099.2165652922654,161.0,25.0
2024-02-13 17:30:00,2099.2165652922654,2099.2165652922654,2096.749349753743,2098.0925586811827,500.0,25.0
2024-02-13 17:45:00,2098.0925586811827,2099.810564224578,2097.140743154045,2097.630986782593,303.0,25.0
2024-02-13 18:00:00,2097.630986782593,2097.630986782593,2094.430326380959,2094.430326380959,161.0,25.0
2024-02-13 18:15:00,2094.430326380959,2094.430326380959,2090.082259117955,2090.2866146165184,279.0,25.0
2024-02-13 18:30:00,2090.2866146165184,2094.4632320225332,2090.2866146165184,2094.041607444569,177.0,25.0
2024-02-13 18:45:00,2094.041607444569,2094.4647276389237,2093.159548490411,2093.8518128338183,138.0,25.0
2024-02-13 19:00:00,2093.8518128338183,2096.0747309644084,2093.657806787676,2096.0747309644084,162.0,25.0
2024-02-13 19:15:00,2096.0747309644084,2100.2423047665334,2096.0747309644084,2099.9164308407426,121.0,25.0
2024-02-13 19:30:00,2099.9164308407426,2100.8071660167498,2099.237972416547,2100.6871149261915,327.0,25.0
2024-02-13 19:45:00,2100.6871149261915,2107.440153020331,2100.6871149261915,2106.7926727673535,474.0,25.0
2024-02-13 20:00:00,2106.7926727673535,2107.45717445733,2106.0678487193163,2106.381524590608,119.0,25.0
2024-02-13 20:15:00,2106.381524590608,2106.381524590608,2105.398033770647,2105.7159514740692,231.0,25.0
2024-02-13 20:30:00,2105.7159514740692,2106.384860913871,2104.7284660594964,2105.400142276848,153.0,25.0
2024-02-13 20:45:00,2105.400142276848,2106.486824570353,2103.61708162289,2103.61708162289,95.0,25.0
2024-02-13 21:00:00,2103.61708162289,2103.61708162289,2098.679524348473,2098.679524348473,424.0,25.0
2024-02-13 21:15:00,2098.679524348473,2099.659807521155,2097.829022688437,2098.2575461283172,171.0,25.0
2024-02-13 21:30:00,2098.2575461283172,2098.6487535755527,2097.358000122395,2098.6487535755527,104.0,25.0
2024-02-13 21:45:00,2098.6487535755527,2099.6123145107317,2097.54339633515,2097.7556032438556,238.0,25.0
2024-02-13 22:00:00,2097.7556032438556,2100.5515356132955,2097.7556032438556,2100.2829002163217,211.0,25.0
2024-02-13 22:15:00,2100.2829002163217,2101.638411187126,2099.808956530151,2101.592918871149,95.0,25.0
2024-02-13 22:30:00,2101.592918871149,2102.489000873741,2099.9393831011744,2099.969694977113,97.0,25.0
2024-02-13 22:45:00,2099.969694977113,2099.969694977113,2098.0812831004696,2098.0812831004696,316.0,25.0
2024-02-13 23:00:00,2098.0812831004696,2098.2219677493476,2096.7299808490975,2096.8759578844815,171.0,25.0
2024-02-13 23:15:00,2096.8759578844815,2098.1240742286923,2095.7035439151723,2097.93895287563,267.0,25.0
2024-02-13 23:30:00,2097.93895287563,2100.610590978289,2096.8445723620066,2098.8953471856876,174.0,25.0
2024-02-13 23:45:00,2098.8953471856876,2100.233843860704,2098.2105477854207,2098.2105477854207,203.0,25.0
2024-02-14 00:00:00,2098.2105477854207,2098.7804870212517,2098.1660262117193,2098.3895361886557,485.0,25.0
2024-02-14 00:15:00,2098.3895361886557,2099.038437722276,2097.6115037138193,2097.6115037138193,399.0,25.0
2024-02-14 00:30:00,2097.6115037138193,2098.3722330847622,2096.307562374523,2096.8333585700652,195.0,25.0
2024-02-14 00:45:00,2096.8333585700652,2098.544933736013,2095.073708071883,2096.3079208551258,366.0,25.0
2024-02-14 01:00:00,2096.3079208551258,2096.7503131364056,2095.707167767976,2096.1862476656283,285.0,25.0
2024-02-14 01:15:00,2096.1862476656283,2096.5053293102715,2094.990841245043,2095.299860188892,346.0,25.0
2024-02-14 01:30:00,2095.299860188892,2097.180606543081,2094.7414100545884,2097.1528361294954,242.0,25.0
2024-02-14 01:45:00,2097.1528361294954,2099.8329861188213,2097.1528361294954,2099.0454253113703,234.0,25.0
2024-02-14 02:00:00,2099.0454253113703,2103.5445283917406,2099.0454253113703,2101.26584132101,195.0,25.0
2024-02-14 02:15:00,2101.26584132101,2105.8944957141707,2101.26584132101,2104.3292555412168,72.0,25.0
2024-02-14 02:30:00,2104.3292555412168,2105.141549960902,2103.1253411273915,2104.2907708224084,424.0,25.0
2024-02-14 02:45:00,2104.2907708224084,2104.4083212081537,2102.978338322994,2103.6841204523075,122.0,25.0
2024-02-14 03:00:00,2103.6841204523075,2104.8366081530035,2100.603842910001,2100.9749017137106,366.0,25.0
2024-02-14 03:15:00,2100.9749017137106,2105.1364361088513,2100.9749017137106,2104.3845246915967,272.0,25.0
2024-02-14 03:30:00,2104.3845246915967,2104.3845246915967,2102.2662777754363,2102.3808792905807,291.0,25.0
2024-02-14 03:45:00,2102.3808792905807,2102.68623307233,2101.1417781035484,2101.1417781035484,267.0,25.0
2024-02-14 04:00:00,2101.1417781035484,2101.2306870532793,2098.878551887305,2100.244973699732,256.0,25.0
2024-02-14 04:15:00,2100.244973699732,2101.0833874643035,2099.4647405511614,2101.0833874643035,143.0,25.0
2024-02-14 04:30:00,2101.0833874643035,2101.0833874643035,2099.8324112838454,2100.7818963133823,148.0,25.0
2024-02-14 04:45:00,2100.7818963133823,2100.7818963133823,2098.409591321445,2099.013965888389,402.0,25.0
2024-02-14 05:00:00,2099.013965888389,2099.013965888389,2095.3686275925793,2095.960525036396,320.0,25.0
2024-02-14 05:15:00,2095.960525036396,2096.7661376483343,2093.904200271333,2093.904200271333,130.0,25.0
2024-02-14 05:30:00,2093.904200271333,2093.9296901111093,2091.893237829961,2091.893237829961,365.0,25.0
2024-02-14 05:45:00,2091.893237829961,2093.6930035538658,2091.893237829961,2092.741830577041,497.0,25.0
2024-02-14 06:00:00,2092.741830577041,2092.7582689851015,2090.061652485847,2090.061652485847,307.0,25.0
2024-02-14 06:15:00,2090.061652485847,2092.777873513866,2089.8320543616665,2092.777873513866,121.0,25.0
2024-02-14 06:30:00,2092.777873513866,2092.777873513866,2088.5395916047014,2088.5395916047014,216.0,25.0
2024-02-14 06:45:00,2088.5395916047014,2088.57212072804,2084.6215300785516,2084.6215300785516,186.0,25.0
2024-02-14 07:00:00,2084.6215300785516,2087.1525434778455,2084.1433074058223,2086.83505848352,474.0,25.0
2024-02-14 07:15:00,2086.83505848352,2088.481913351991,2086.2719448284242,2088.481913351991,145.0,25.0
2024-02-14 07:30:00,2088.481913351991,2089.053306793849,2087.650769180619,2088.0019352853137,407.0,25.0
2024-02-14 07:45:00,2088.0019352853137,2089.0761383610557,2086.333472463782,2087.988408728865,269.0,25.0
2024-02-14 08:00:00,2087.988408728865,2088.670785380506,2087.631529061033,2088.564468125742,182.0,25.0
2024-02-14 08:15:00,2088.564468125742,2090.134240083505,2087.9479204741224,2090.134240083505,431.0,25.0
2024-02-14 08:30:00,2090.134240083505,2091.7969575539746,2088.8124504626503,2088.8124504626503,167.0,25.0
2024-02-14 08:45:00,2088.8124504626503,2090.05813841978,2087.6085152452292,2088.9585159464687,154.0,25.0
2024-02-14 09:00:00,2088.9585159464687,2089.9733984841096,2088.8074858673795,2088.8074858673795,145.0,25.0
2024-02-14 09:15:00,2088.8074858673795,2090.144308982864,2088.8074858673795,2088.93159251445,224.0,25.0
2024-02-14 09:30:00,2088.93159251445,2092.3478969143744,2088.93159251445,2092.3478969143744,162.0,25.0
2024-02-14 09:45:00,2092.3478969143744,2093.8937332833007,2092.3478969143744,2093.8937332833007,308.0,25.0
2024-02-14 10:00:00,2093.8937332833007,2099.3830844962445,2093.8937332833007,2099.3830844962445,301.0,25.0
2024-02-14 10:15:00,2099.3830844962445,2101.582630481937,2099.3830844962445,2101.582630481937,178.0,25.0
2024-02-14 10:30:00,2101.582630481937,2103.501746439561,2101.2128112840032,2102.1155692190964,355.0,25.0
2024-02-14 10:45:00,2102.1155692190964,2103.9335558470775,2101.6499360277408,2102.281505465324,128.0,25.0
2024-02-14 11:00:00,2102.281505465324,2102.8227244776176,2101.5708485508585,2101.9203833280817,155.0,25.0
2024-02-14 11:15:00,2101.9203833280817,2102.082287102884,2101.1670946560416,2101.2357250820983,109.0,25.0
2024-02-14 11:30:00,2101.2357250820983,2104.821940075399,2101.2357250820983,2104.821940075399,323.0,25.0
2024-02-14 11:45:00,2104.821940075399,2107.376756251305,2104.743881752946,2107.376756251305,466.0,25.0
2024-02-14 12:00:00,2107.376756251305,2107.992463913769,2105.9128269609882,2105.9128269609882,371.0,25.0
2024-02-14 12:15:00,2105.9128269609882,2107.2116521157272,2105.023251636401,2105.023251636401,409.0,25.0
2024-02-14 12:30:00,2105.023251636401,2105.319840792811,2103.4113139584547,2105.319840792811,467.0,25.0
2024-02-14 12:45:00,2105.319840792811,2105.319840792811,2102.7860024763972,2104.1705354065807,330.0,25.0
2024-02-14 13:00:00,2104.1705354065807,2104.1705354065807,2099.3477253964234,2099.3477253964234,238.0,25.0
2024-02-14 13:15:00,2099.3477253964234,2099.508486080344,2097.465303655799,2097.465303655799,220.0,25.0
2024-02-14 13:30:00,2097.465303655799,2097.7893004236107,2095.5195080744493,2095.5195080744493,207.0,25.0
2024-02-14 13:45:00,2095.5195080744493,2095.5195080744493,2093.048512662632,2093.5664560855575,288.0,25.0
2024-02-14 14:00:00,2093.5664560855575,2094.5859957150014,2092.813485639157,2094.5859957150014,346.0,25.0
2024-02-14 14:15:00,2094.5859957150014,2098.053030321241,2094.5859957150014,2097.750337497943,451.0,25.0
2024-02-14 14:30:00,2097.750337497943,2100.6289244069244,2097.750337497943,2100.6289244069244,104.0,25.0
2024-02-14 14:45:00,2100.6289244069244,2102.036998558284,2100.6289244069244,2101.1314086719394,74.0,25.0
2024-02-14 15:00:00,2101.1314086719394,2104.9416087272184,2100.7891964371884,2104.9416087272184,68.0,25.0
2024-02-14 15:15:00,2104.9416087272184,2104.9416087272184,2101.6950575549236,2101.9808944911624,266.0,25.0
2024-02-14 15:30:00,2101.9808944911624,2101.9808944911624,2100.078716660239,2100.078716660239,324.0,25.0
2024-02-14 15:45:00,2100.078716660239,2102.82912171225,2099.0306062159084,2102.82912171225,272.0,25.0
2024-02-14 16:00:00,2102.82912171225,2103.6713486464582,2101.2497486808697,2103.6713486464582,380.0,25.0
2024-02-14 16:15:00,2103.6713486464582,2103.6713486464582,2099.705019335726,2100.54325192649,464.0,25.0
2024-02-14 16:30:00,2100.54325192649,2100.54325192649,2098.9848939394237,2099.231176217937,337.0,25.0
2024-02-14 16:45:00,2099.231176217937,2102.274855566428,2099.231176217937,2102.274855566428,477.0,25.0
2024-02-14 17:00:00,2102.274855566428,2106.025959097406,2102.052968167475,2106.025959097406,152.0,25.0
2024-02-14 17:15:00,2106.025959097406,2107.490358283509,2105.6255274522923,2107.3797353071272,323.0,25.0
2024-02-14 17:30:00,2107.3797353071272,2108.3111890914633,2107.112127663576,2107.315230280327,497.0,25.0
2024-02-14 17:45:00,2107.315230280327,2107.351534294717,2104.5342665217518,2104.5342665217518,159.0,25.0
2024-02-14 18:00:00,2104.5342665217518,2105.7951852632345,2103.867562595484,2105.0293739383715,405.0,25.0
2024-02-14 18:15:00,2105.0293739383715,2105.774003251095,2102.98898714936,2102.98898714936,223.0,25.0
2024-02-14 18:30:00,2102.98898714936,2103.196641109973,2102.0986783224193,2103.0623410812254,136.0,25.0
2024-02-14 18:45:00,2103.0623410812254,2103.651064484998,2100.055272559577,2100.9668391741957,169.0,25.0
2024-02-14 19:00:00,2100.9668391741957,2100.9668391741957,2097.758269339382,2098.4782940606638,242.0,25.0
2024-02-14 19:15:00,2098.4782940606638,2099.5987786591345,2097.5796470828673,2097.5796470828673,261.0,25.0
2024-02-14 19:30:00,2097.5796470828673,2100.0610110364596,2097.5796470828673,2098.812459403761,80.0,25.0
2024-02-14 19:45:00,2098.812459403761,2098.855335065652,2096.242630764387,2096.9516530730916,355.0,25.0
2024-02-14 20:00:00,2096.9516530730916,2099.3072276659686,2096.9516530730916,2097.6887406833207,315.0,25.0
2024-02-14 20:15:00,2097.6887406833207,2099.2939338831707,2096.7867254691596,2096.7867254691596,139.0,25.0
2024-02-14 20:30:00,2096.7867254691596,2096.7867254691596,2094.4869668532333,2094.4869668532333,195.0,25.0
2024-02-14 20:45:00,2094.4869668532333,2096.5098670670995,2094.4869668532333,2094.818536878634,225.0,25.0
2024-02-14 21:00:00,2094.818536878634,2096.4642714550987,2094.818536878634,2096.4642714550987,218.0,25.0
2024-02-14 21:15:00,2096.4642714550987,2096.8906425872515,2095.493140364942,2096.127283714253,452.0,25.0
2024-02-14 21:30:00,2096.127283714253,2096.2601662301163,2094.285854427588,2094.285854427588,263.0,25.0
2024-02-14 21:45:00,2094.285854427588,2095.440262674782,2094.1002490248657,2094.600085556523,104.0,25.0
2024-02-14 22:00:00,2094.600085556523,2095.6982647613245,2093.024117448517,2093.024117448517,211.0,25.0
2024-02-14 22:15:00,2093.024117448517,2093.5164793101894,2091.9417394089273,2092.8436952316047,488.0,25.0
2024-02-14 22:30:00,2092.8436952316047,2093.497519745647,2091.4000192936687,2091.4000192936687,422.0,25.0
2024-02-14 22:45:00,2091.4000192936687,2092.992108115814,2089.7162788269466,2092.992108115814,89.0,25.0
2024-02-14 23:00:00,2092.992108115814,2094.760309558133,2092.902502272268,2093.8889683289667,498.0,25.0
2024-02-14 23:15:00,2093.8889683289667,2095.5800213982034,2093.8889683289667,2095.5800213982034,268.0,25.0
2024-02-14 23:30:00,2095.5800213982034,2098.908543640697,2095.5800213982034,2096.6394395368743,71.0,25.0
2024-02-14 23:45:00,2096.6394395368743,2098.255207537817,2096.09134487832,2098.1020966151823,156.0,25.0
2024-02-15 00:00:00,2098.1020966151823,2098.1020966151823,2094.9477100314593,2095.3324511787905,169.0,25.0
2024-02-15 00:15:00,2095.3324511787905,2096.7213561176,2094.7841245994714,2096.071697957865,128.0,25.0
2024-02-15 00:30:00,2096.071697957865,2096.071697957865,2093.4302805487428,2093.4302805487428,288.0,25.0
2024-02-15 00:45:00,2093.4302805487428,2094.2004444801264,2092.2624586945485,2093.352463940085,149.0,25.0
2024-02-15 01:00:00,2093.352463940085,2094.9528099009126,2091.1132545925993,2092.8950968288395,355.0,25.0
2024-02-15 01:15:00,2092.8950968288395,2093.545069380127,2090.8591324448207,2091.7759983908077,445.0,25.0
2024-02-15 01:30:00,2091.7759983908077,2094.493405887957,2091.7759983908077,2094.493405887957,273.0,25.0
2024-02-15 01:45:00,2094.493405887957,2094.493405887957,2091.9243505682944,2091.9243505682944,273.0,25.0
2024-02-15 02:00:00,2091.9243505682944,2093.3383693025157,2091.8727801022546,2091.8727801022546,54.0,25.0
2024-02-15 02:15:00,2091.8727801022546,2092.783531906294,2091.8727801022546,2092.783531906294,136.0,25.0
2024-02-15 02:30:00,2092.783531906294,2092.783531906294,2091.1726535505686,2092.669034231013,53.0,25.0
2024-02-15 02:45:00,2092.669034231013,2092.669034231013,2087.823550329581,2087.823550329581,128.0,25.0
2024-02-15 03:00:00,2087.823550329581,2089.181875572008,2087.5842205459776,2088.3677602464927,350.0,25.0
2024-02-15 03:15:00,2088.3677602464927,2090.4554898347237,2088.3677602464927,2090.4554898347237,223.0,25.0
2024-02-15 03:30:00,2090.4554898347237,2090.977823301634,2088.50038253669,2090.8699799907577,500.0,25.0
2024-02-15 03:45:00,2090.8699799907577,2095.6457507225323,2090.8699799907577,2095.146961926246,447.0,25.0
2024-02-15 04:00:00,2095.146961926246,2095.9670955812603,2093.194590832869,2093.194590832869,85.0,25.0
2024-02-15 04:15:00,2093.194590832869,2093.9932576351225,2092.8742895511277,2093.9932576351225,442.0,25.0
2024-02-15 04:30:00,2093.9932576351225,2095.5764618698404,2092.7170743078905,2093.1448348601984,333.0,25.0
2024-02-15 04:45:00,2093.1448348601984,2094.031970752843,2090.929721010706,2090.929721010706,112.0,25.0
2024-02-15 05:00:00,2090.929721010706,2090.929721010706,2089.534365419862,2089.7322525034756,205.0,25.0
2024-02-15 05:15:00,2089.7322525034756,2089.7322525034756,2087.5911765732244,2087.5911765732244,416.0,25.0
2024-02-15 05:30:00,2087.5911765732244,2088.901553879733,2087.564651868998,2087.564651868998,360.0,25.0
2024-02-15 05:45:00,2087.564651868998,2091.152705657022,2086.815844352867,2090.19618570419,311.0,25.0
2024-02-15 06:00:00,2090.19618570419,2090.19618570419,2085.184347630509,2085.184347630509,435.0,25.0
2024-02-15 06:15:00,2085.184347630509,2085.459230023788,2083.4952537079175,2085.459230023788,175.0,25.0
2024-02-15 06:30:00,2085.459230023788,2086.8106876186757,2084.376317057871,2085.4944688779074,246.0,25.0
2024-02-15 06:45:00,2085.4944688779074,2087.9918334335985,2085.4944688779074,2087.388589694536,448.0,25.0
2024-02-15 07:00:00,2087.388589694536,2088.2074458138018,2086.8621149105743,2088.2074458138018,191.0,25.0
2024-02-15 07:15:00,2088.2074458138018,2089.3348232527487,2087.6559335084676,2089.3348232527487,304.0,25.0
2024-02-15 07:30:00,2089.3348232527487,2090.3412456422893,2087.9472102210166,2089.3365093988455,318.0,25.0
2024-02-15 07:45:00,2089.3365093988455,2090.4791791440293,2089.148922192413,2090.4791791440293,346.0,25.0
2024-02-15 08:00:00,2090.4791791440293,2092.798148666426,2090.4791791440293,2091.9674016067456,235.0,25.0
2024-02-15 08:15:00,2091.9674016067456,2091.970152573759,2090.927106090058,2090.927106090058,471.0,25.0
2024-02-15 08:30:00,2090.927106090058,2095.9606032123343,2090.8908143704234,2095.9606032123343,151.0,25.0
2024-02-15 08:45:00,2095.9606032123343,2097.763483768013,2095.293542075642,2097.763483768013,474.0,25.0
2024-02-15 09:00:00,2097.763483768013,2097.763483768013,2093.9532831576685,2094.3660562746354,445.0,25.0
2024-02-15 09:15:00,2094.3660562746354,2094.3660562746354,2091.837850096805,2091.837850096805,255.0,25.0
2024-02-15 09:30:00,2091.837850096805,2091.837850096805,2086.564671043198,2086.564671043198,246.0,25.0
2024-02-15 09:45:00,2086.564671043198,2088.1071294924222,2086.564671043198,2087.077017062503,81.0,25.0
2024-02-15 10:00:00,2087.077017062503,2087.4765265922456,2084.9077504194665,2087.4765265922456,95.0,25.0
2024-02-15 10:15:00,2087.4765265922456,2088.194049904355,2084.6846197713658,2085.614835538781,370.0,25.0
2024-02-15 10:30:00,2085.614835538781,2085.614835538781,2082.237099319886,2082.237099319886,478.0,25.0
2024-02-15 10:45:00,2082.237099319886,2082.237099319886,2078.5401138208294,2080.0759391694055,112.0,25.0
2024-02-15 11:00:00,2080.0759391694055,2082.0972629978555,2080.0759391694055,2080.894458444448,79.0,25.0
2024-02-15 11:15:00,2080.894458444448,2081.185229437896,2079.4930520576117,2080.516960859414,104.0,25.0
2024-02-15 11:30:00,2080.516960859414,2082.969136555755,2079.7667015687625,2080.280597563135,443.0,25.0
2024-02-15 11:45:00,2080.280597563135,2082.361955536245,2078.4178681470185,2082.361955536245,136.0,25.0
2024-02-15 12:00:00,2082.361955536245,2083.6586774101374,2081.5330588678776,2083.6586774101374,154.0,25.0
2024-02-15 12:15:00,2083.6586774101374,2083.6586774101374,2078.291997246491,2078.291997246491,232.0,25.0
2024-02-15 12:30:00,2078.291997246491,2078.291997246491,2074.87915404583,2075.8385605301573,413.0,25.0
2024-02-15 12:45:00,2075.8385605301573,2078.6546192255737,2075.8385605301573,2078.6546192255737,196.0,25.0
2024-02-15 13:00:00,2078.6546192255737,2078.6546192255737,2074.6948316483763,2074.6948316483763,332.0,25.0
2024-02-15 13:15:00,2074.6948316483763,2074.7457171442693,2073.7888544449975,2074.2846220860088,207.0,25.0
2024-02-15 13:30:00,2074.2846220860088,2075.4591751264725,2072.104448845406,2072.5500258795073,172.0,25.0
2024-02-15 13:45:00,2072.5500258795073,2072.5500258795073,2069.4803546402895,2069.4803546402895,115.0,25.0
2024-02-15 14:00:00,2069.4803546402895,2069.4803546402895,2066.530197238863,2067.036888132384,260.0,25.0
2024-02-15 14:15:00,2067.036888132384,2069.1456403278357,2067.036888132384,2068.1340207561993,367.0,25.0
2024-02-15 14:30:00,2068.1340207561993,2071.56109397595,2068.1340207561993,2071.56109397595,224.0,25.0
2024-02-15 14:45:00,2071.56109397595,2071.6421481106004,2069.136112203784,2071.6421481106004,64.0,25.0
2024-02-15 15:00:00,2071.6421481106004,2072.120250947472,2066.237420530591,2066.3224742850452,358.0,25.0
2024-02-15 15:15:00,2066.3224742850452,2068.151984235761,2065.0874519119075,2065.7807050249353,149.0,25.0
2024-02-15 15:30:00,2065.7807050249353,2068.499952661589,2064.821529178318,2067.3307660776495,188.0,25.0
2024-02-15 15:45:00,2067.3307660776495,2069.1783133814,2065.377552571047,2065.731920889792,288.0,25.0
2024-02-15 16:00:00,2065.731920889792,2068.1310516379635,2065.64220676043,2068.1310516379635,167.0,25.0
2024-02-15 16:15:00,2068.1310516379635,2069.745112157221,2067.5348540781984,2069.0602338425724,194.0,25.0
2024-02-15 16:30:00,2069.0602338425724,2069.0602338425724,2066.1892268537117,2068.138448311759,91.0,25.0
2024-02-15 16:45:00,2068.138448311759,2068.4345697732956,2066.261242244978,2066.5947831852964,134.0,25.0
2024-02-15 17:00:00,2066.5947831852964,2066.633033013008,2064.830405160235,2065.6629027532167,241.0,25.0
2024-02-15 17:15:00,2065.6629027532167,2066.1815761503963,2065.2989636200095,2066.1815761503963,377.0,25.0
2024-02-15 17:30:00,2066.1815761503963,2069.1120716158975,2066.1815761503963,2069.1120716158975,146.0,25.0
2024-02-15 17:45:00,2069.1120716158975,2070.4317320575287,2068.3524202173994,2068.782091256053,456.0,25.0
2024-02-15 18:00:00,2068.782091256053,2068.782091256053,2065.8163060410543,2065.8163060410543,473.0,25.0
2024-02-15 18:15:00,2065.8163060410543,2068.4288603586256,2065.4882260584905,2068.4288603586256,289.0,25.0
2024-02-15 18:30:00,2068.4288603586256,2069.473880669453,2067.9824467989592,2067.9824467989592,53.0,25.0
2024-02-15 18:45:00,2067.9824467989592,2068.704861902169,2064.566352961558,2064.566352961558,451.0,25.0
2024-02-15 19:00:00,2064.566352961558,2064.566352961558,2061.5466319462043,2061.91949529141,304.0,25.0
2024-02-15 19:15:00,2061.91949529141,2062.247459636684,2059.067035337722,2059.067035337722,450.0,25.0
2024-02-15 19:30:00,2059.067035337722,2059.6136936532544,2057.872689242768,2058.3966843414887,289.0,25.0
2024-02-15 19:45:00,2058.3966843414887,2059.614593498813,2057.683740425139,2059.614593498813,63.0,25.0
2024-02-15 20:00:00,2059.614593498813,2060.206760806702,2058.240126581108,2058.240126581108,493.0,25.0
2024-02-15 20:15:00,2058.240126581108,2058.240126581108,2055.921121159413,2055.9841669696357,439.0,25.0
2024-02-15 20:30:00,2055.9841669696357,2056.929408640713,2055.9841669696357,2056.1179209572306,476.0,25.0
2024-02-15 20:45:00,2056.1179209572306,2056.292612697841,2055.21832315014,2055.8949560633628,200.0,25.0
2024-02-15 21:00:00,2055.8949560633628,2056.7602462432983,2055.204878536381,2056.1627608990852,265.0,25.0
2024-02-15 21:15:00,2056.1627608990852,2056.1627608990852,2054.610921139444,2055.4786883811726,130.0,25.0
2024-02-15 21:30:00,2055.4786883811726,2056.3610515616856,2054.8100752373803,2055.952767291584,104.0,25.0
2024-02-15 21:45:00,2055.952767291584,2057.267996062344,2054.2565909283076,2057.0539830203425,439.0,25.0
2024-02-15 22:00:00,2057.0539830203425,2057.5670306469788,2055.3263694834477,2057.5670306469788,109.0,25.0
2024-02-15 22:15:00,2057.5670306469788,2058.2069647855046,2055.719358603876,2058.0555348127295,277.0,25.0
2024-02-15 22:30:00,2058.0555348127295,2058.9783325997296,2055.7655366750114,2055.7655366750114,481.0,25.0
2024-02-15 22:45:00,2055.7655366750114,2056.439270756718,2053.0261159643806,2053.0261159643806,464.0,25.0
2024-02-15 23:00:00,2053.0261159643806,2053.9158228202623,2052.166123499365,2053.0501257730275,439.0,25.0
2024-02-15 23:15:00,2053.0501257730275,2053.6193548374235,2052.1537175682556,2052.7924879891925,450.0,25.0
2024-02-15 23:30:00,2052.7924879891925,2056.1706482092636,2052.7924879891925,2056.1706482092636,153.0,25.0
2024-02-15 23:45:00,2056.1706482092636,2058.588512367729,2056.1706482092636,2058.588512367729,469.0,25.0
2024-02-16 00:00:00,2058.588512367729,2058.588512367729,2056.892146501186,2057.7181860638298,477.0,25.0
2024-02-16 00:15:00,2057.7181860638298,2060.8937318870235,2057.7181860638298,2060.8937318870235,456.0,25.0
2024-02-16 00:30:00,2060.8937318870235,2060.9316487401447,2059.756837308274,2060.1888169407816,201.0,25.0
2024-02-16 00:45:00,2060.1888169407816,2062.508470433413,2059.4881905844272,2062.508470433413,485.0,25.0
2024-02-16 01:00:00,2062.508470433413,2063.5599743787643,2061.17126021015,2062.822718905107,69.0,25.0
2024-02-16 01:15:00,2062.822718905107,2062.8994112835335,2061.391912781811,2061.391912781811,129.0,25.0
2024-02-16 01:30:00,2061.391912781811,2061.391912781811,2058.5231888510716,2060.293902898646,422.0,25.0
2024-02-16 01:45:00,2060.293902898646,2060.7266440020967,2058.209101606678,2058.209101606678,231.0,25.0
2024-02-16 02:00:00,2058.209101606678,2058.209101606678,2056.4857751744257,2058.12812678131,264.0,25.0
2024-02-16 02:15:00,2058.12812678131,2058.12812678131,2057.30137868125,2057.742640224374,387.0,25.0
2024-02-16 02:30:00,2057.742640224374,2057.896526983417,2055.491087335713,2055.491087335713,393.0,25.0
2024-02-16 02:45:00,2055.491087335713,2055.491087335713,2051.704616373992,2051.704616373992,379.0,25.0
2024-02-16 03:00:00,2051.704616373992,2052.3259127652123,2051.4091512400346,2051.4091512400346,396.0,25.0
2024-02-16 03:15:00,2051.4091512400346,2052.6649700300345,2048.412681883687,2049.010883381865,117.0,25.0
2024-02-16 03:30:00,2049.010883381865,2049.5940710312907,2048.258298764635,2048.676393840331,129.0,25.0
2024-02-16 03:45:00,2048.676393840331,2051.839449990968,2048.432869439965,2051.839449990968,115.0,25.0
2024-02-16 04:00:00,2051.839449990968,2051.839449990968,2045.2550630155552,2045.5079306667105,414.0,25.0
2024-02-16 04:15:00,2045.5079306667105,2046.490497183235,2042.0336401769505,2043.58717970022,130.0,25.0
2024-02-16 04:30:00,2043.58717970022,2045.997508657153,2043.58717970022,2045.5208967714423,380.0,25.0
2024-02-16 04:45:00,2045.5208967714423,2046.9744516852857,2045.1898076812718,2046.9744516852857,120.0,25.0
2024-02-16 05:00:00,2046.9744516852857,2048.8192259025586,2046.5775474385268,2048.8192259025586,81.0,25.0
2024-02-16 05:15:00,2048.8192259025586,2048.8192259025586,2047.1065050208688,2047.821552250801,84.0,25.0
2024-02-16 05:30:00,2047.821552250801,2047.821552250801,2044.2044954912371,2044.836811018994,230.0,25.0
2024-02-16 05:45:00,2044.836811018994,2046.3616571480902,2044.2141794334266,2044.2141794334266,214.0,25.0
2024-02-16 06:00:00,2044.2141794334266,2045.516304276467,2043.2977673089777,2043.5887707963464,264.0,25.0
2024-02-16 06:15:00,2043.5887707963464,2043.6548409954205,2042.364610599306,2043.3241057630244,93.0,25.0
2024-02-16 06:30:00,2043.3241057630244,2044.1730276562698,2043.0547441285034,2043.388909287005,357.0,25.0
2024-02-16 06:45:00,2043.388909287005,2044.4552077584726,2042.0510814516772,2044.4552077584726,475.0,25.0
2024-02-16 07:00:00,2044.4552077584726,2046.4054262566272,2044.4552077584726,2044.8209369317312,407.0,25.0
2024-02-16 07:15:00,2044.8209369317312,2046.1845193149354,2044.5633399130936,2045.0495482631852,117.0,25.0
2024-02-16 07:30:00,2045.0495482631852,2047.3997158319837,2044.5908604264125,2047.3997158319837,103.0,25.0
2024-02-16 07:45:00,2047.3997158319837,2047.817696289798,2046.7283987162891,2047.7503985944293,371.0,25.0
2024-02-16 08:00:00,2047.7503985944293,2048.8817410650095,2046.5070007702177,2048.4733645037595,451.0,25.0
2024-02-16 08:15:00,2048.4733645037595,2052.058388757382,2048.363166955303,2052.058388757382,358.0,25.0
2024-02-16 08:30:00,2052.058388757382,2052.925669491049,2051.3348196460065,2051.9674624882928,204.0,25.0
2024-02-16 08:45:00,2051.9674624882928,2051.9674624882928,2047.2342569491077,2047.2342569491077,261.0,25.0
2024-02-16 09:00:00,2047.2342569491077,2047.2342569491077,2044.0060071440896,2044.0060071440896,277.0,25.0
2024-02-16 09:15:00,2044.0060071440896,2044.5515975496103,2041.706242801844,2041.706242801844,174.0,25.0
2024-02-16 09:30:00,2041.706242801844,2043.9673300617226,2041.706242801844,2043.9673300617226,463.0,25.0
2024-02-16 09:45:00,2043.9673300617226,2043.9673300617226,2040.0511482006386,2040.6133881100886,355.0,25.0
2024-02-16 10:00:00,2040.6133881100886,2042.2496042644323,2040.0800936053752,2042.2496042644323,294.0,25.0
2024-02-16 10:15:00,2042.2496042644323,2042.2496042644323,2040.1193957106057,2040.1193957106057,462.0,25.0
2024-02-16 10:30:00,2040.1193957106057,2040.8019606517068,2039.04894120667,2039.04894120667,55.0,25.0
2024-02-16 10:45:00,2039.04894120667,2040.1059056968413,2036.4730210401626,2036.4730210401626,150.0,25.0
2024-02-16 11:00:00,2036.4730210401626,2036.4730210401626,2034.1980596396777,2034.5003478628598,453.0,25.0
2024-02-16 11:15:00,2034.5003478628598,2034.5177803991778,2029.8843926977788,2029.9134812083519,374.0,25.0
2024-02-16 11:30:00,2029.9134812083519,2029.9134812083519,2028.0640810401,2029.5662410521586,433.0,25.0
2024-02-16 11:45:00,2029.5662410521586,2031.525027569652,2029.5662410521586,2030.3770537032426,457.0,25.0
2024-02-16 12:00:00,2030.3770537032426,2031.3039421689891,2030.3770537032426,2030.6741538163133,407.0,25.0
2024-02-16 12:15:00,2030.6741538163133,2033.9186111934785,2030.6741538163133,2032.5149593786218,344.0,25.0
2024-02-16 12:30:00,2032.5149593786218,2034.0487718685383,2031.3272409411063,2034.0487718685383,202.0,25.0
2024-02-16 12:45:00,2034.0487718685383,2035.9446315693215,2033.6139030408533,2035.1213511220312,342.0,25.0
2024-02-16 13:00:00,2035.1213511220312,2035.1213511220312,2033.8824235607158,2034.8466500820052,418.0,25.0
2024-02-16 13:15:00,2034.8466500820052,2037.2217575829497,2034.8466500820052,2035.8640597104759,375.0,25.0
2024-02-16 13:30:00,2035.8640597104759,2040.4077043555378,2035.8640597104759,2040.4077043555378,271.0,25.0
2024-02-16 13:45:00,2040.4077043555378,2040.4077043555378,2037.4602768443497,2038.936138204633,372.0,25.0
2024-02-16 14:00:00,2038.936138204633,2041.2124000089007,2038.822780951938,2039.3956330954202,56.0,25.0
2024-02-16 14:15:00,2039.3956330954202,2040.0838597333695,2038.2388945700059,2039.0950102037393,440.0,25.0
2024-02-16 14:30:00,2039.0950102037393,2039.0950102037393,2036.3028645599518,2036.3028645599518,69.0,25.0
2024-02-16 14:45:00,2036.3028645599518,2037.667295426733,2035.3845120807036,2036.417490551621,369.0,25.0
2024-02-16 15:00:00,2036.417490551621,2039.53512465378,2036.417490551621,2037.185621009668,92.0,25.0
2024-02-16 15:15:00,2037.185621009668,2038.089661962825,2036.7674417769917,2036.7674417769917,183.0,25.0
2024-02-16 15:30:00,2036.7674417769917,2038.953026931091,2035.7549610474807,2038.953026931091,93.0,25.0
2024-02-16 15:45:00,2038.953026931091,2038.9729353237356,2034.7609974973452,2036.7538946611278,291.0,25.0
2024-02-16 16:00:00,2036.7538946611278,2040.428961527198,2036.7538946611278,2038.9672702389964,134.0,25.0
2024-02-16 16:15:00,2038.9672702389964,2038.9672702389964,2037.7352668344743,2037.7964450388195,140.0,25.0
2024-02-16 16:30:00,2037.7964450388195,2038.6613448124358,2037.24893766901,2038.1269262964925,71.0,25.0
2024-02-16 16:45:00,2038.1269262964925,2039.2743751432165,2038.0937095574095,2038.6669192603176,368.0,25.0
2024-02-16 17:00:00,2038.6669192603176,2039.8509527999786,2037.2553584866066,2037.3970350557402,234.0,25.0
2024-02-16 17:15:00,2037.3970350557402,2039.4345003635717,2037.3704589421322,2038.2964738578899,335.0,25.0
2024-02-16 17:30:00,2038.2964738578899,2040.2444247785807,2037.8126758988653,2039.4033701077776,75.0,25.0
2024-02-16 17:45:00,2039.4033701077776,2039.4745785908733,2035.8120920547738,2035.8120920547738,102.0,25.0
2024-02-16 18:00:00,2035.8120920547738,2035.8120920547738,2033.1472086981923,2033.719911938487,181.0,25.0
2024-02-16 18:15:00,2033.719911938487,2035.2915031484235,2033.719911938487,2035.0100154080776,249.0,25.0
2024-02-16 18:30:00,2035.0100154080776,2036.9305539815139,2034.7987846458786,2036.0406016766838,475.0,25.0
2024-02-16 18:45:00,2036.0406016766838,2038.0908964455757,2035.5365545966579,2037.106486996617,481.0,25.0
2024-02-16 19:00:00,2037.106486996617,2037.106486996617,2035.1721489735262,2036.5198898190338,367.0,25.0
2024-02-16 19:15:00,2036.5198898190338,2036.5198898190338,2032.7027269497462,2032.7027269497462,256.0,25.0
2024-02-16 19:30:00,2032.7027269497462,2032.7027269497462,2030.5990667278556,2030.5990667278556,463.0,25.0
2024-02-16 19:45:00,2030.5990667278556,2030.5990667278556,2028.2071406678326,2029.0074931383447,448.0,25.0
2024-02-16 20:00:00,2029.0074931383447,2031.9204006319926,2029.0074931383447,2031.9204006319926,390.0,25.0
2024-02-16 20:15:00,2031.9204006319926,2031.9204006319926,2027.4872723071421,2028.1729519056976,272.0,25.0
2024-02-16 20:30:00,2028.1729519056976,2029.5056059016079,2027.2061318061685,2029.5056059016079,235.0,25.0
2024-02-16 20:45:00,2029.5056059016079,2032.9116154649519,2029.2574704284816,2032.9116154649519,316.0,25.0
2024-02-16 21:00:00,2032.9116154649519,2032.9116154649519,2030.759370922293,2032.4662580009972,241.0,25.0
2024-02-16 21:15:00,2032.4662580009972,2032.8706489489286,2031.27519062199,2032.263556406724,66.0,25.0
2024-02-16 21:30:00,2032.263556406724,2034.000971008793,2031.9718446604668,2033.1796112571653,363.0,25.0
2024-02-16 21:45:00,2033.1796112571653,2037.2042842657108,2033.1796112571653,2036.9020281414682,482.0,25.0
2024-02-16 22:00:00,2036.9020281414682,2036.9020281414682,2035.2860440514144,2035.2860440514144,188.0,25.0
2024-02-16 22:15:00,2035.2860440514144,2035.6967848935092,2034.2461235127994,2035.3917374664984,400.0,25.0
2024-02-16 22:30:00,2035.3917374664984,2035.6696653067206,2034.176983840367,2035.422176220825,241.0,25.0
2024-02-16 22:45:00,2035.422176220825,2036.4751266251383,2034.4761610533383,2036.4751266251383,241.0,25.0
2024-02-16 23:00:00,2036.4751266251383,2038.2228962091997,2036.4751266251383,2037.8957476796288,172.0,25.0
2024-02-16 23:15:00,2037.8957476796288,2038.639458320271,2036.147898982572,2037.7887499933277,387.0,25.0
2024-02-16 23:30:00,2037.7887499933277,2040.9925448695933,2037.6622371202839,2040.4614105440185,113.0,25.0
2024-02-16 23:45:00,2040.4614105440185,2040.4897865873852,2038.1903892639898,2038.1903892639898,304.0,25.0
2024-02-19 00:00:00,2038.1903892639898,2038.5296767476368,2035.2678874677051,2036.6156113496568,375.0,25.0
2024-02-19 00:15:00,2036.6156113496568,2036.6156113496568,2034.0353981274027,2034.191248489468,231.0,25.0
2024-02-19 00:30:00,2034.191248489468,2034.39266910506,2032.5315051597063,2032.601152097169,245.0,25.0
2024-02-19 00:45:00,2032.601152097169,2033.7448194805709,2032.3386416169205,2033.2482636866946,99.0,25.0
2024-02-19 01:00:00,2033.2482636866946,2034.653145689265,2031.785096789555,2034.653145689265,174.0,25.0
2024-02-19 01:15:00,2034.653145689265,2034.653145689265,2030.7223352650226,2030.8951032677987,489.0,25.0
2024-02-19 01:30:00,2030.8951032677987,2030.8951032677987,2028.6377250481494,2030.5100833614476,198.0,25.0
2024-02-19 01:45:00,2030.5100833614476,2031.065977220434,2027.003716672486,2027.576710760364,404.0,25.0
2024-02-19 02:00:00,2027.576710760364,2029.2692874063275,2026.5779797605128,2027.7195737635639,451.0,25.0
2024-02-19 02:15:00,2027.7195737635639,2028.8841492365843,2027.3839280231202,2028.6941111424019,361.0,25.0
2024-02-19 02:30:00,2028.6941111424019,2028.6941111424019,2023.6988077244332,2023.6988077244332,388.0,25.0
2024-02-19 02:45:00,2023.6988077244332,2025.5538889561728,2023.4632829096815,2025.5538889561728,133.0,25.0
2024-02-19 03:00:00,2025.5538889561728,2025.818436325871,2024.2784194932076,2025.4054786004415,139.0,25.0
2024-02-19 03:15:00,2025.4054786004415,2029.2089927727993,2025.3719858036777,2028.362613374018,214.0,25.0
2024-02-19 03:30:00,2028.362613374018,2028.362613374018,2025.7128381388459,2025.7128381388459,153.0,25.0
2024-02-19 03:45:00,2025.7128381388459,2026.3324043901375,2023.4166695719096,2023.4166695719096,490.0,25.0
2024-02-19 04:00:00,2023.4166695719096,2023.4166695719096,2021.5239024803464,2021.9939744940432,88.0,25.0
2024-02-19 04:15:00,2021.9939744940432,2026.6195076078543,2021.9939744940432,2026.5998966743161,89.0,25.0
2024-02-19 04:30:00,2026.5998966743161,2027.106660014155,2022.7463714973292,2023.5111874088027,259.0,25.0
2024-02-19 04:45:00,2023.5111874088027,2026.4804076680266,2023.5111874088027,2026.4804076680266,109.0,25.0
2024-02-19 05:00:00,2026.4804076680266,2027.468928987471,2026.4804076680266,2026.9066733515783,71.0,25.0
2024-02-19 05:15:00,2026.9066733515783,2029.5446328692713,2026.9066733515783,2028.9678530394365,89.0,25.0
2024-02-19 05:30:00,2028.9678530394365,2029.7201075729106,2026.528237225421,2026.528237225421,483.0,25.0
2024-02-19 05:45:00,2026.528237225421,2028.018084711599,2026.3533682194773,2026.4942102025043,148.0,25.0
2024-02-19 06:00:00,2026.4942102025043,2027.3240445321787,2025.8702674182036,2027.2494814252102,127.0,25.0
2024-02-19 06:15:00,2027.2494814252102,2028.0528354663759,2024.5385248718578,2024.5385248718578,113.0,25.0
2024-02-19 06:30:00,2024.5385248718578,2024.8750737212247,2023.231798981499,2023.231798981499,143.0,25.0
2024-02-19 06:45:00,2023.231798981499,2024.6105448402552,2021.4579993368511,2022.0157910880366,409.0,25.0
2024-02-19 07:00:00,2022.0157910880366,2022.4652176103298,2020.0436882947374,2021.58388029204,325.0,25.0
2024-02-19 07:15:00,2021.58388029204,2024.5665551547106,2021.58388029204,2024.0414369291227,399.0,25.0
2024-02-19 07:30:00,2024.0414369291227,2026.8193227091826,2024.0414369291227,2026.8193227091826,376.0,25.0
2024-02-19 07:45:00,2026.8193227091826,2027.4583293311032,2024.7265991627412,2027.4054739613123,72.0,25.0
2024-02-19 08:00:00,2027.4054739613123,2027.4054739613123,2025.1495914715538,2025.7254651353144,477.0,25.0
2024-02-19 08:15:00,2025.7254651353144,2028.5949405937763,2025.7254651353144,2028.5949405937763,253.0,25.0
2024-02-19 08:30:00,2028.5949405937763,2029.064873413154,2026.3354825269034,2029.064873413154,235.0,25.0
2024-02-19 08:45:00,2029.064873413154,2030.2169228403934,2028.1247450544283,2030.2169228403934,225.0,25.0
2024-02-19 09:00:00,2030.2169228403934,2030.2169228403934,2025.7517107708795,2026.091032126379,397.0,25.0
2024-02-19 09:15:00,2026.091032126379,2028.2036415951127,2026.091032126379,2028.071639025047,73.0,25.0
2024-02-19 09:30:00,2028.071639025047,2028.4719295602763,2027.3249910895684,2027.3781645157644,359.0,25.0
2024-02-19 09:45:00,2027.3781645157644,2027.8925698696025,2026.12034585166,2027.8925698696025,449.0,25.0
2024-02-19 10:00:00,2027.8925698696025,2028.261740308527,2025.877554549153,2028.261740308527,220.0,25.0
2024-02-19 10:15:00,2028.261740308527,2028.5854014344923,2027.7910940622644,2028.371647414429,217.0,25.0
2024-02-19 10:30:00,2028.371647414429,2029.289951001442,2027.2577104905833,2028.7286021375373,300.0,25.0
2024-02-19 10:45:00,2028.7286021375373,2029.769595714909,2028.4565374854722,2029.3105652228985,477.0,25.0
2024-02-19 11:00:00,2029.3105652228985,2031.2535665325981,2028.3300802158117,2030.3969566333092,336.0,25.0
2024-02-19 11:15:00,2030.3969566333092,2031.2314062620742,2030.089595741383,2030.8055598984397,120.0,25.0
2024-02-19 11:30:00,2030.8055598984397,2030.8055598984397,2027.7424624629878,2028.6176447763419,243.0,25.0
2024-02-19 11:45:00,2028.6176447763419,2029.2905203122318,2024.9972450255761,2024.9972450255761,488.0,25.0
2024-02-19 12:00:00,2024.9972450255761,2026.6624301184752,2024.7136697264268,2024.7136697264268,106.0,25.0
2024-02-19 12:15:00,2024.7136697264268,2025.2325037880714,2023.8322317400568,2025.2325037880714,123.0,25.0
2024-02-19 12:30:00,2025.2325037880714,2030.3324163095574,2023.318554051203,2030.3324163095574,473.0,25.0
2024-02-19 12:45:00,2030.3324163095574,2031.7902902402154,2030.0114778240554,2030.329521809601,336.0,25.0
2024-02-19 13:00:00,2030.329521809601,2030.329521809601,2027.6939555915842,2028.6435624890041,206.0,25.0
2024-02-19 13:15:00,2028.6435624890041,2030.5919471352158,2026.799623204262,2027.7255911872178,274.0,25.0
2024-02-19 13:30:00,2027.7255911872178,2028.3618741449914,2027.113909114192,2027.822945793584,435.0,25.0
2024-02-19 13:45:00,2027.822945793584,2029.4693107443147,2027.822945793584,2028.194570517055,325.0,25.0
2024-02-19 14:00:00,2028.194570517055,2028.6970545500862,2026.5330763044994,2026.5330763044994,323.0,25.0
2024-02-19 14:15:00,2026.5330763044994,2027.8480553377658,2025.1398877554118,2027.8480553377658,340.0,25.0
2024-02-19 14:30:00,2027.8480553377658,2027.963754659076,2025.2739069480053,2026.6965831208672,465.0,25.0
2024-02-19 14:45:00,2026.6965831208672,2028.9818669148865,2026.3694221166604,2027.372560904167,220.0,25.0
2024-02-19 15:00:00,2027.372560904167,2027.372560904167,2025.4765186910015,2026.3238762182675,466.0,25.0
2024-02-19 15:15:00,2026.3238762182675,2027.9506518062908,2025.812477382835,2027.9506518062908,51.0,25.0
2024-02-19 15:30:00,2027.9506518062908,2027.9506518062908,2026.0721634571237,2026.3741505867952,486.0,25.0
2024-02-19 15:45:00,2026.3741505867952,2026.6490767692924,2025.6588599152785,2026.6490767692924,103.0,25.0
2024-02-19 16:00:00,2026.6490767692924,2027.3957701328438,2024.336591389254,2024.336591389254,469.0,25.0
2024-02-19 16:15:00,2024.336591389254,2026.7868299915476,2024.336591389254,2026.7868299915476,356.0,25.0
2024-02-19 16:30:00,2026.7868299915476,2028.5160143284297,2026.777208805943,2026.777208805943,474.0,25.0
2024-02-19 16:45:00,2026.777208805943,2028.4688554971385,2026.3958968727018,2026.5093730727917,185.0,25.0
2024-02-19 17:00:00,2026.5093730727917,2027.435481393135,2025.167809236762,2027.198437314444,156.0,25.0
2024-02-19 17:15:00,2027.198437314444,2028.2286418563592,2026.8564837625977,2028.2286418563592,115.0,25.0
2024-02-19 17:30:00,2028.2286418563592,2029.0807266723564,2027.881881093206,2027.9277683190926,390.0,25.0
2024-02-19 17:45:00,2027.9277683190926,2028.0021246222561,2026.892777980646,2028.0021246222561,122.0,25.0
2024-02-19 18:00:00,2028.0021246222561,2028.0021246222561,2025.1397129824013,2025.1397129824013,260.0,25.0
2024-02-19 18:15:00,2025.1397129824013,2026.3339100154044,2023.8797151762344,2023.8797151762344,346.0,25.0
2024-02-19 18:30:00,2023.8797151762344,2024.9730875885678,2022.9984800709494,2022.9984800709494,61.0,25.0
2024-02-19 18:45:00,2022.9984800709494,2024.1553121507725,2021.5414845886057,2024.1553121507725,187.0,25.0
2024-02-19 19:00:00,2024.1553121507725,2025.4193535078614,2023.4236127005227,2024.5904199094655,257.0,25.0
2024-02-19 19:15:00,2024.5904199094655,2026.732000168592,2024.243661308638,2026.732000168592,466.0,25.0
2024-02-19 19:30:00,2026.732000168592,2029.4405995675852,2026.732000168592,2029.1464283426315,427.0,25.0
2024-02-19 19:45:00,2029.1464283426315,2029.67987094114,2028.386259344517,2029.6351815804774,69.0,25.0
2024-02-19 20:00:00,2029.6351815804774,2032.1911878446076,2028.4297454909968,2031.7609711361224,338.0,25.0
2024-02-19 20:15:00,2031.7609711361224,2031.9860454062596,2030.8086070177465,2031.465594330775,295.0,25.0
2024-02-19 20:30:00,2031.465594330775,2031.465594330775,2028.1023868067794,2028.1023868067794,337.0,25.0
2024-02-19 20:45:00,2028.1023868067794,2029.1935291130756,2025.2802270491063,2025.2802270491063,162.0,25.0
2024-02-19 21:00:00,2025.2802270491063,2025.2802270491063,2021.8698929927475,2021.8698929927475,128.0,25.0
2024-02-19 21:15:00,2021.8698929927475,2022.1515895957923,2020.909672687464,2021.769644275055,152.0,25.0
2024-02-19 21:30:00,2021.769644275055,2023.5994580696702,2021.5111468066846,2022.6263012787047,187.0,25.0
2024-02-19 21:45:00,2022.6263012787047,2023.7804615945429,2021.2855730813656,2021.522496511533,337.0,25.0
2024-02-19 22:00:00,2021.522496511533,2023.8511122057632,2021.522496511533,2023.3205827590782,60.0,25.0
2024-02-19 22:15:00,2023.3205827590782,2023.8734105504682,2022.3151361007206,2023.1623968784563,71.0,25.0
2024-02-19 22:30:00,2023.1623968784563,2029.214583440684,2023.1623968784563,2028.5654806295215,444.0,25.0
2024-02-19 22:45:00,2028.5654806295215,2028.5654806295215,2024.593463831008,2025.8035273463875,69.0,25.0
2024-02-19 23:00:00,2025.8035273463875,2026.891472484662,2025.8035273463875,2026.0063793756551,331.0,25.0
2024-02-19 23:15:00,2026.0063793756551,2027.0061433213411,2024.740065640055,2024.740065640055,334.0,25.0
2024-02-19 23:30:00,2024.740065640055,2025.2274862607653,2022.4693134375805,2023.4275737828536,434.0,25.0
2024-02-19 23:45:00,2023.4275737828536,2023.4275737828536,2018.9568408619646,2019.354574272175,334.0,25.0
2024-02-20 00:00:00,2019.354574272175,2020.0885182720235,2017.7969557628753,2020.0885182720235,445.0,25.0
2024-02-20 00:15:00,2020.0885182720235,2020.7142056163643,2019.2896544059763,2019.2896544059763,320.0,25.0
2024-02-20 00:30:00,2019.2896544059763,2019.9307853558619,2017.4049984477276,2017.4049984477276,134.0,25.0
2024-02-20 00:45:00,2017.4049984477276,2017.9367536576444,2014.0629088877906,2014.0629088877906,390.0,25.0
2024-02-20 01:00:00,2014.0629088877906,2014.0629088877906,2011.7052040011804,2012.1521630547375,176.0,25.0
2024-02-20 01:15:00,2012.1521630547375,2014.1950881933672,2012.1521630547375,2014.1950881933672,395.0,25.0
2024-02-20 01:30:00,2014.1950881933672,2015.2365260526387,2013.7022789976825,2014.5577343103146,117.0,25.0
2024-02-20 01:45:00,2014.5577343103146,2014.8089718519343,2012.7262935093877,2013.19439037875,475.0,25.0
2024-02-20 02:00:00,2013.19439037875,2014.6610767327124,2012.0795077315552,2012.0795077315552,66.0,25.0
2024-02-20 02:15:00,2012.0795077315552,2013.7664751940613,2012.0795077315552,2013.7664751940613,427.0,25.0
2024-02-20 02:30:00,2013.7664751940613,2015.500104152586,2013.516507521865,2014.3809867881896,103.0,25.0
2024-02-20 02:45:00,2014.3809867881896,2014.3809867881896,2013.182403660687,2013.182403660687,197.0,25.0
2024-02-20 03:00:00,2013.182403660687,2015.7879102327481,2012.9927673266936,2015.7879102327481,167.0,25.0
2024-02-20 03:15:00,2015.7879102327481,2016.3177907721192,2013.721085428426,2016.3177907721192,304.0,25.0
2024-02-20 03:30:00,2016.3177907721192,2016.3177907721192,2014.3711807999755,2015.7524026646286,488.0,25.0
2024-02-20 03:45:00,2015.7524026646286,2017.3450210402232,2015.5158032129739,2015.6384570609396,159.0,25.0
2024-02-20 04:00:00,2015.6384570609396,2015.642818644202,2014.4233426382395,2015.3418426850812,66.0,25.0
2024-02-20 04:15:00,2015.3418426850812,2015.3418426850812,2013.6163863565641,2013.6163863565641,292.0,25.0
2024-02-20 04:30:00,2013.6163863565641,2014.0754525073392,2010.080320841232,2010.080320841232,86.0,25.0
2024-02-20 04:45:00,2010.080320841232,2012.1399353168126,2010.080320841232,2012.1399353168126,102.0,25.0
2024-02-20 05:00:00,2012.1399353168126,2013.5437395514175,2012.1399353168126,2012.5943851452134,109.0,25.0
2024-02-20 05:15:00,2012.5943851452134,2014.5216437526522,2012.5943851452134,2014.5216437526522,75.0,25.0
2024-02-20 05:30:00,2014.5216437526522,2015.5918265087728,2014.0922598021566,2015.5918265087728,457.0,25.0
2024-02-20 05:45:00,2015.5918265087728,2016.473577023601,2015.4832261781426,2016.2181538702748,407.0,25.0
2024-02-20 06:00:00,2016.2181538702748,2017.0523144392898,2014.1025904666699,2017.0523144392898,379.0,25.0
2024-02-20 06:15:00,2017.0523144392898,2017.350881057541,2013.3738391786935,2014.0982261650136,65.0,25.0
2024-02-20 06:30:00,2014.0982261650136,2014.4186402217558,2013.151415013088,2013.151415013088,474.0,25.0
2024-02-20 06:45:00,2013.151415013088,2013.151415013088,2009.6636172973958,2010.1264792821528,406.0,25.0
2024-02-20 07:00:00,2010.1264792821528,2012.47865381783,2010.1264792821528,2012.47865381783,190.0,25.0
2024-02-20 07:15:00,2012.47865381783,2012.47865381783,2010.0566786809002,2010.2886702859128,260.0,25.0
2024-02-20 07:30:00,2010.2886702859128,2010.2886702859128,2007.4363503565075,2007.9117334683797,329.0,25.0
2024-02-20 07:45:00,2007.9117334683797,2008.3540600776184,2006.8526595538628,2006.8526595538628,149.0,25.0
2024-02-20 08:00:00,2006.8526595538628,2010.5980247018217,2006.8526595538628,2010.408494965232,272.0,25.0
2024-02-20 08:15:00,2010.408494965232,2011.2240968873155,2009.4075887236465,2011.2240968873155,185.0,25.0
2024-02-20 08:30:00,2011.2240968873155,2011.2240968873155,2007.8074725061888,2007.8074725061888,434.0,25.0
2024-02-20 08:45:00,2007.8074725061888,2007.8074725061888,2006.5196177934577,2007.6519772450727,110.0,25.0
2024-02-20 09:00:00,2007.6519772450727,2007.6519772450727,2005.4929874721556,2006.1277116185088,411.0,25.0
2024-02-20 09:15:00,2006.1277116185088,2007.769901158218,2006.05605274348,2007.522151731055,275.0,25.0
2024-02-20 09:30:00,2007.522151731055,2008.0563314981582,2006.3581121149298,2006.3581121149298,201.0,25.0
2024-02-20 09:45:00,2006.3581121149298,2007.3221909642232,2005.4031342842056,2006.4170127057823,81.0,25.0
2024-02-20 10:00:00,2006.4170127057823,2008.8641937441237,2006.4170127057823,2008.2477694084735,372.0,25.0
2024-02-20 10:15:00,2008.2477694084735,2008.4461623834866,2006.9434755870966,2007.6245938434067,344.0,25.0
2024-02-20 10:30:00,2007.6245938434067,2008.1202521731072,2006.2184059582903,2008.1202521731072,265.0,25.0
2024-02-20 10:45:00,2008.1202521731072,2008.3804541908955,2006.1657258779735,2006.1657258779735,141.0,25.0
2024-02-20 11:00:00,2006.1657258779735,2007.0126324372782,2005.7097335427766,2007.0126324372782,66.0,25.0
2024-02-20 11:15:00,2007.0126324372782,2007.4235908612566,2006.0442868105754,2006.2639444658632,347.0,25.0
2024-02-20 11:30:00,2006.2639444658632,2007.5059426363202,2005.008499099186,2007.0627313471537,331.0,25.0
2024-02-20 11:45:00,2007.0627313471537,2007.1584237225493,2004.532461393604,2004.532461393604,123.0,25.0
2024-02-20 12:00:00,2004.532461393604,2005.7164276273702,2003.5263319480332,2005.7164276273702,254.0,25.0
2024-02-20 12:15:00,2005.7164276273702,2007.5947390167314,2005.6315236334892,2007.051888560544,112.0,25.0
2024-02-20 12:30:00,2007.051888560544,2007.8306844526633,2004.7548744553865,2005.1630299460198,66.0,25.0
2024-02-20 12:45:00,2005.1630299460198,2007.2317566484226,2005.1630299460198,2006.8053969160958,275.0,25.0
2024-02-20 13:00:00,2006.8053969160958,2006.8053969160958,2001.2384859287313,2001.2384859287313,477.0,25.0
2024-02-20 13:15:00,2001.2384859287313,2001.2384859287313,1999.3466840194021,1999.9608583833917,309.0,25.0
2024-02-20 13:30:00,1999.9608583833917,2001.5665087989114,1999.4691385469791,2001.5665087989114,51.0,25.0
2024-02-20 13:45:00,2001.5665087989114,2003.2861106390135,2000.600664929735,2000.600664929735,309.0,25.0
2024-02-20 14:00:00,2000.600664929735,2000.600664929735,1998.6129540099414,1998.6129540099414,426.0,25.0
2024-02-20 14:15:00,1998.6129540099414,2001.199483122903,1997.6544069378772,2001.199483122903,360.0,25.0
2024-02-20 14:30:00,2001.199483122903,2003.792257689965,2001.199483122903,2001.4352206211404,499.0,25.0
2024-02-20 14:45:00,2001.4352206211404,2001.4352206211404,1998.7450325856043,2000.504454603523,139.0,25.0
2024-02-20 15:00:00,2000.504454603523,2001.0854504711947,1999.3591575406922,2000.8113648332146,424.0,25.0
2024-02-20 15:15:00,2000.8113648332146,2001.2111028822835,1999.9916899899304,2001.2111028822835,329.0,25.0
2024-02-20 15:30:00,2001.2111028822835,2002.5400389537815,2000.7509650461682,2002.5400389537815,113.0,25.0
2024-02-20 15:45:00,2002.5400389537815,2007.425104858599,2002.5400389537815,2007.425104858599,180.0,25.0
2024-02-20 16:00:00,2007.425104858599,2009.7688627786645,2007.425104858599,2009.6260640629978,68.0,25.0
2024-02-20 16:15:00,2009.6260640629978,2011.8511855123588,2009.6260640629978,2011.8511855123588,449.0,25.0
2024-02-20 16:30:00,2011.8511855123588,2011.8511855123588,2010.5419134324534,2010.6680914790566,330.0,25.0
2024-02-20 16:45:00,2010.6680914790566,2013.87914131598,2010.6680914790566,2013.7977590550217,416.0,25.0
2024-02-20 17:00:00,2013.7977590550217,2015.2672726056287,2012.8246105423432,2015.174604118571,271.0,25.0
2024-02-20 17:15:00,2015.174604118571,2017.9703938299183,2015.174604118571,2017.9703938299183,274.0,25.0
2024-02-20 17:30:00,2017.9703938299183,2020.0341939930684,2017.9703938299183,2018.2030875223684,226.0,25.0
2024-02-20 17:45:00,2018.2030875223684,2020.944064465828,2018.2030875223684,2020.944064465828,235.0,25.0
2024-02-20 18:00:00,2020.944064465828,2023.8161185181639,2020.944064465828,2022.551906977048,299.0,25.0
2024-02-20 18:15:00,2022.551906977048,2022.6866436868638,2020.394104134922,2021.263578484134,50.0,25.0
2024-02-20 18:30:00,2021.263578484134,2025.4217586084055,2021.263578484134,2025.2755879598087,374.0,25.0
2024-02-20 18:45:00,2025.2755879598087,2028.378721368256,2025.2755879598087,2027.6778013870087,396.0,25.0
2024-02-20 19:00:00,2027.6778013870087,2031.4187291232931,2027.6778013870087,2030.9668548975103,62.0,25.0
2024-02-20 19:15:00,2030.9668548975103,2034.9001470663486,2030.9668548975103,2034.2485874458555,374.0,25.0
2024-02-20 19:30:00,2034.2485874458555,2034.7003130345802,2032.0962089179657,2032.0962089179657,305.0,25.0
2024-02-20 19:45:00,2032.0962089179657,2032.5687354632687,2029.9496953107741,2029.9496953107741,96.0,25.0
2024-02-20 20:00:00,2029.9496953107741,2031.2151139443904,2028.3058386435548,2029.8266495180708,406.0,25.0
2024-02-20 20:15:00,2029.8266495180708,2031.8553909424204,2028.4917809372037,2028.4917809372037,210.0,25.0
2024-02-20 20:30:00,2028.4917809372037,2028.595166508108,2025.896349229615,2027.411746776255,288.0,25.0
2024-02-20 20:45:00,2027.411746776255,2027.411746776255,2023.744379324381,2023.744379324381,322.0,25.0
2024-02-20 21:00:00,2023.744379324381,2024.7277486787896,2022.3341862683533,2022.3341862683533,130.0,25.0
2024-02-20 21:15:00,2022.3341862683533,2024.5182798669298,2022.2392241764385,2023.6852868049014,144.0,25.0
2024-02-20 21:30:00,2023.6852868049014,2024.4929181116854,2018.1669633439349,2018.1669633439349,467.0,25.0
2024-02-20 21:45:00,2018.1669633439349,2020.9926526304496,2018.1669633439349,2020.6557643813933,136.0,25.0
2024-02-20 22:00:00,2020.6557643813933,2024.2490453628272,2020.3331655441639,2024.2490453628272,437.0,25.0
2024-02-20 22:15:00,2024.2490453628272,2025.6983803927558,2024.2490453628272,2024.6926589883924,99.0,25.0
2024-02-20 22:30:00,2024.6926589883924,2024.6926589883924,2021.5342031879588,2023.5826354420744,480.0,25.0
2024-02-20 22:45:00,2023.5826354420744,2025.232923264153,2022.0049850006817,2022.904959353846,60.0,25.0
2024-02-20 23:00:00,2022.904959353846,2023.4631082375302,2021.4191428248694,2021.877962001235,293.0,25.0
2024-02-20 23:15:00,2021.877962001235,2025.0283660601558,2021.877962001235,2025.0283660601558,281.0,25.0
2024-02-20 23:30:00,2025.0283660601558,2025.161831339617,2023.566805284853,2025.060419688758,496.0,25.0
2024-02-20 23:45:00,2025.060419688758,2028.002920321562,2024.923453647832,2028.002920321562,340.0,25.0
2024-02-21 00:00:00,2028.002920321562,2029.567355862633,2026.6469384084885,2029.567355862633,400.0,25.0
2024-02-21 00:15:00,2029.567355862633,2031.4410680134122,2029.567355862633,2030.7441385906939,75.0,25.0
2024-02-21 00:30:00,2030.7441385906939,2031.0942789517887,2027.5838134259484,2027.5838134259484,495.0,25.0
2024-02-21 00:45:00,2027.5838134259484,2027.5838134259484,2023.02110657349,2023.02110657349,491.0,25.0
2024-02-21 01:00:00,2023.02110657349,2023.153374589619,2020.9424215237577,2022.0968010023566,360.0,25.0
2024-02-21 01:15:00,2022.0968010023566,2022.605530958579,2020.7524054967205,2022.5523161420829,497.0,25.0
2024-02-21 01:30:00,2022.5523161420829,2022.5523161420829,2020.9696881328425,2022.4678363934609,380.0,25.0
2024-02-21 01:45:00,2022.4678363934609,2023.5861019722784,2022.069597359747,2023.5861019722784,471.0,25.0
2024-02-21 02:00:00,2023.5861019722784,2024.9424818097164,2022.3642767797019,2024.9424818097164,260.0,25.0
2024-02-21 02:15:00,2024.9424818097164,2025.0846262902096,2023.2361609042384,2023.5574881031566,493.0,25.0
2024-02-21 02:30:00,2023.5574881031566,2023.5574881031566,2021.2744623353685,2022.2044474730965,65.0,25.0
2024-02-21 02:45:00,2022.2044474730965,2024.2903156370364,2020.9959042300518,2020.9959042300518,492.0,25.0
2024-02-21 03:00:00,2020.9959042300518,2024.3459908016832,2020.9959042300518,2024.3459908016832,296.0,25.0
2024-02-21 03:15:00,2024.3459908016832,2027.0052625800208,2023.7091334334473,2027.0052625800208,316.0,25.0
2024-02-21 03:30:00,2027.0052625800208,2028.9471983557066,2026.0774349794258,2028.9471983557066,109.0,25.0
2024-02-21 03:45:00,2028.9471983557066,2028.9471983557066,2027.5320009416985,2028.0342340170528,194.0,25.0
2024-02-21 04:00:00,2028.0342340170528,2029.4564423617267,2026.8096217474108,2026.8096217474108,241.0,25.0
2024-02-21 04:15:00,2026.8096217474108,2026.8096217474108,2024.575809125517,2024.575809125517,77.0,25.0
2024-02-21 04:30:00,2024.575809125517,2025.007741704547,2023.501095995933,2023.501095995933,481.0,25.0
2024-02-21 04:45:00,2023.501095995933,2026.9784232992042,2023.501095995933,2025.0638693911217,290.0,25.0
2024-02-21 05:00:00,2025.0638693911217,2026.9057276705064,2024.5913043935827,2024.5913043935827,444.0,25.0
2024-02-21 05:15:00,2024.5913043935827,2024.5913043935827,2019.4442855788411,2019.4442855788411,105.0,25.0
2024-02-21 05:30:00,2019.4442855788411,2022.7555166116174,2019.4442855788411,2021.0322152660788,186.0,25.0
2024-02-21 05:45:00,2021.0322152660788,2022.2307171710518,2021.0322152660788,2022.2307171710518,314.0,25.0
2024-02-21 06:00:00,2022.2307171710518,2022.27057057851,2019.4317456678612,2020.1280327208906,468.0,25.0
2024-02-21 06:15:00,2020.1280327208906,2022.8057361495958,2020.1280327208906,2021.1778551769253,272.0,25.0
2024-02-21 06:30:00,2021.1778551769253,2023.2829069157708,2021.1603921269143,2023.2829069157708,364.0,25.0
2024-02-21 06:45:00,2023.2829069157708,2023.6336479941274,2020.4826675707418,2020.586796886669,126.0,25.0
2024-02-21 07:00:00,2020.586796886669,2021.268753208119,2019.4990258646596,2021.268753208119,207.0,25.0
2024-02-21 07:15:00,2021.268753208119,2021.9991220277025,2019.1149765089704,2021.9991220277025,177.0,25.0
2024-02-21 07:30:00,2021.9991220277025,2021.9991220277025,2018.7456710265599,2018.7456710265599,311.0,25.0
2024-02-21 07:45:00,2018.7456710265599,2018.7456710265599,2016.4355852834535,2017.5669530287314,310.0,25.0
2024-02-21 08:00:00,2017.5669530287314,2018.5586255355286,2016.0153010880397,2016.0153010880397,266.0,25.0
2024-02-21 08:15:00,2016.0153010880397,2017.4478844722626,2015.6436397663117,2016.3715100083907,322.0,25.0
2024-02-21 08:30:00,2016.3715100083907,2016.817008803482,2015.2302248756712,2016.817008803482,340.0,25.0
2024-02-21 08:45:00,2016.817008803482,2017.5802698426073,2015.4023509545345,2015.4023509545345,358.0,25.0
2024-02-21 09:00:00,2015.4023509545345,2016.6410196878776,2015.2741346380863,2016.6410196878776,444.0,25.0
2024-02-21 09:15:00,2016.6410196878776,2018.0606451620984,2016.0160612168204,2016.9894714856364,494.0,25.0
2024-02-21 09:30:00,2016.9894714856364,2018.5501318453069,2016.9894714856364,2017.257111230382,384.0,25.0
2024-02-21 09:45:00,2017.257111230382,2017.3278496695557,2015.9887225624138,2016.2732633909015,110.0,25.0
2024-02-21 10:00:00,2016.2732633909015,2016.2732633909015,2012.5862116496994,2013.7229921925857,107.0,25.0
2024-02-21 10:15:00,2013.7229921925857,2015.3438067987388,2013.7229921925857,2015.3438067987388,57.0,25.0
2024-02-21 10:30:00,2015.3438067987388,2018.3941277243227,2015.3294463565064,2018.3941277243227,99.0,25.0
2024-02-21 10:45:00,2018.3941277243227,2018.3941277243227,2016.3408103643274,2018.323167335987,222.0,25.0
2024-02-21 11:00:00,2018.323167335987,2018.323167335987,2013.4425615521939,2013.4425615521939,408.0,25.0
2024-02-21 11:15:00,2013.4425615521939,2013.4425615521939,2010.0493827568048,2010.0493827568048,318.0,25.0
2024-02-21 11:30:00,2010.0493827568048,2010.1382480229058,2009.4657931511047,2009.4657931511047,297.0,25.0
2024-02-21 11:45:00,2009.4657931511047,2013.4554098078368,2009.4657931511047,2013.2555647739791,434.0,25.0
2024-02-21 12:00:00,2013.2555647739791,2013.9780407835003,2013.0567313571978,2013.4414139501766,464.0,25.0
2024-02-21 12:15:00,2013.4414139501766,2014.0703638992663,2013.1923107366406,2013.252146179965,67.0,25.0
2024-02-21 12:30:00,2013.252146179965,2016.4247232279833,2013.252146179965,2016.2919576696086,96.0,25.0
2024-02-21 12:45:00,2016.2919576696086,2018.2199146617968,2016.2628158864966,2017.5478165388731,86.0,25.0
2024-02-21 13:00:00,2017.5478165388731,2019.9461945000078,2017.5478165388731,2017.757697372345,287.0,25.0
2024-02-21 13:15:00,2017.757697372345,2017.8289378836328,2015.728620106229,2017.8289378836328,380.0,25.0
2024-02-21 13:30:00,2017.8289378836328,2018.245102360152,2014.9632699671188,2014.9632699671188,348.0,25.0
2024-02-21 13:45:00,2014.9632699671188,2016.8467194727505,2014.9632699671188,2015.4152692522998,348.0,25.0
2024-02-21 14:00:00,2015.4152692522998,2015.4152692522998,2013.2100905067637,2015.028398567897,172.0,25.0
2024-02-21 14:15:00,2015.028398567897,2015.1726305490506,2011.7024947240632,2015.1726305490506,399.0,25.0
2024-02-21 14:30:00,2015.1726305490506,2015.3557286320693,2012.6920559362147,2012.6920559362147,297.0,25.0
2024-02-21 14:45:00,2012.6920559362147,2014.6182813378937,2011.890261189707,2012.7872450772086,311.0,25.0
2024-02-21 15:00:00,2012.7872450772086,2014.3228843677502,2012.7872450772086,2013.403832958206,228.0,25.0
2024-02-21 15:15:00,2013.403832958206,2014.5376670676694,2013.1703455515167,2014.027576403502,416.0,25.0
2024-02-21 15:30:00,2014.027576403502,2014.238766116658,2010.54753031182,2010.7570894726425,78.0,25.0
2024-02-21 15:45:00,2010.7570894726425,2012.9643922539276,2010.7570894726425,2012.9643922539276,325.0,25.0
2024-02-21 16:00:00,2012.9643922539276,2012.9643922539276,2010.360425859822,2010.360425859822,485.0,25.0
2024-02-21 16:15:00,2010.360425859822,2010.360425859822,2009.0355234010299,2010.0519139869525,166.0,25.0
2024-02-21 16:30:00,2010.0519139869525,2012.309965532684,2010.0519139869525,2011.4634943926121,476.0,25.0
2024-02-21 16:45:00,2011.4634943926121,2011.5512889206013,2009.7527060652974,2010.401181158107,161.0,25.0
2024-02-21 17:00:00,2010.401181158107,2010.401181158107,2008.926599207007,2008.926599207007,424.0,25.0
2024-02-21 17:15:00,2008.926599207007,2009.8407301871098,2007.0371186938091,2007.0371186938091,287.0,25.0
2024-02-21 17:30:00,2007.0371186938091,2010.924656382479,2005.3592479301687,2010.924656382479,347.0,25.0
2024-02-21 17:45:00,2010.924656382479,2013.1708550514293,2010.924656382479,2013.1486066493815,286.0,25.0
2024-02-21 18:00:00,2013.1486066493815,2016.1001484571834,2013.1486066493815,2016.1001484571834,429.0,25.0
2024-02-21 18:15:00,2016.1001484571834,2016.4320532681402,2015.6538534008182,2016.124592501491,386.0,25.0
2024-02-21 18:30:00,2016.124592501491,2016.5661294461777,2015.30529263378,2015.3465059133666,479.0,25.0
2024-02-21 18:45:00,2015.3465059133666,2015.3465059133666,2011.164399251777,2011.164399251777,445.0,25.0
2024-02-21 19:00:00,2011.164399251777,2012.0280271214879,2010.1687084737355,2011.6377760187852,53.0,25.0
2024-02-21 19:15:00,2011.6377760187852,2012.0024482492863,2010.7175687416172,2011.1582434747108,236.0,25.0
2024-02-21 19:30:00,2011.1582434747108,2011.1582434747108,2008.947927622797,2010.242567066941,456.0,25.0
2024-02-21 19:45:00,2010.242567066941,2012.1608453598906,2008.7302992206373,2012.1608453598906,398.0,25.0
2024-02-21 20:00:00,2012.1608453598906,2012.1608453598906,2010.7389229908893,2012.0384046871782,342.0,25.0
2024-02-21 20:15:00,2012.0384046871782,2015.1121401114337,2012.0384046871782,2013.764619000326,345.0,25.0
2024-02-21 20:30:00,2013.764619000326,2013.764619000326,2010.278861824756,2011.8413522387098,310.0,25.0
2024-02-21 20:45:00,2011.8413522387098,2011.8413522387098,2009.1430383186753,2011.3526740838827,449.0,25.0
2024-02-21 21:00:00,2011.3526740838827,2012.4043938358338,2010.4666556519967,2011.9406704938488,418.0,25.0
2024-02-21 21:15:00,2011.9406704938488,2011.9406704938488,2007.7933490509213,2011.0133857090714,440.0,25.0
2024-02-21 21:30:00,2011.0133857090714,2011.5180097053474,2008.7646575299136,2011.5180097053474,447.0,25.0
2024-02-21 21:45:00,2011.5180097053474,2014.5597923602602,2011.5180097053474,2013.3680939960389,407.0,25.0
2024-02-21 22:00:00,2013.3680939960389,2015.05697541213,2012.126993769143,2013.1995461476513,88.0,25.0
2024-02-21 22:15:00,2013.1995461476513,2013.1995461476513,2009.7816109527785,2009.8058755983914,270.0,25.0
2024-02-21 22:30:00,2009.8058755983914,2010.6881282955678,2009.8058755983914,2010.6881282955678,437.0,25.0
2024-02-21 22:45:00,2010.6881282955678,2010.6881282955678,2005.2737734786433,2006.194166724414,304.0,25.0
2024-02-21 23:00:00,2006.194166724414,2007.5278695825255,2006.1364092390847,2007.4810943292189,306.0,25.0
2024-02-21 23:15:00,2007.4810943292189,2010.0916515121285,2007.4810943292189,2010.0916515121285,64.0,25.0
2024-02-21 23:30:00,2010.0916515121285,2010.0916515121285,2008.022398348379,2008.1313813908043,133.0,25.0
2024-02-21 23:45:00,2008.1313813908043,2010.493005104208,2008.1313813908043,2009.4764970821805,263.0,25.0
2024-02-22 00:00:00,2009.4764970821805,2010.5726650072077,2008.624705505485,2010.4393389931852,257.0,25.0
2024-02-22 00:15:00,2010.4393389931852,2010.6455893489212,2008.3059273310118,2010.6455893489212,401.0,25.0
2024-02-22 00:30:00,2010.6455893489212,2011.720705328584,2010.3898246826254,2011.720705328584,217.0,25.0
2024-02-22 00:45:00,2011.720705328584,2014.22513208363,2011.720705328584,2012.3206132675996,357.0,25.0
2024-02-22 01:00:00,2012.3206132675996,2013.2598617034969,2010.9999769818285,2010.9999769818285,76.0,25.0
2024-02-22 01:15:00,2010.9999769818285,2011.224084535086,2010.077225451243,2010.8587437369429,314.0,25.0
2024-02-22 01:30:00,2010.8587437369429,2011.2914699370108,2009.1797229366266,2010.623169252821,188.0,25.0
2024-02-22 01:45:00,2010.623169252821,2011.5419464983768,2010.6186280257052,2010.7939358163921,154.0,25.0
2024-02-22 02:00:00,2010.7939358163921,2013.0428883244604,2010.7939358163921,2012.9580772599124,455.0,25.0
2024-02-22 02:15:00,2012.9580772599124,2013.3261641614322,2011.8017692981787,2013.3261641614322,322.0,25.0
2024-02-22 02:30:00,2013.3261641614322,2015.5874156912141,2013.3261641614322,2015.5874156912141,257.0,25.0
2024-02-22 02:45:00,2015.5874156912141,2015.5874156912141,2011.930765866251,2011.930765866251,496.0,25.0
2024-02-22 03:00:00,2011.930765866251,2012.5997927867181,2011.8941165835265,2011.912734215781,191.0,25.0
2024-02-22 03:15:00,2011.912734215781,2015.825054775846,2011.912734215781,2015.825054775846,201.0,25.0
2024-02-22 03:30:00,2015.825054775846,2021.4327471133329,2015.825054775846,2021.4327471133329,303.0,25.0
2024-02-22 03:45:00,2021.4327471133329,2022.0790318028119,2021.0952002582096,2022.0790318028119,299.0,25.0
2024-02-22 04:00:00,2022.0790318028119,2025.687401470666,2022.0790318028119,2024.925373069022,289.0,25.0
2024-02-22 04:15:00,2024.925373069022,2026.6528069826943,2024.925373069022,2025.348990448,476.0,25.0
2024-02-22 04:30:00,2025.348990448,2026.0232157711355,2024.688547069079,2025.1736730177865,119.0,25.0
2024-02-22 04:45:00,2025.1736730177865,2028.959768904546,2025.1736730177865,2028.959768904546,414.0,25.0
2024-02-22 05:00:00,2028.959768904546,2029.562441660947,2027.9304029451343,2029.562441660947,121.0,25.0
2024-02-22 05:15:00,2029.562441660947,2030.1808833029418,2027.934828159973,2027.934828159973,198.0,25.0
2024-02-22 05:30:00,2027.934828159973,2027.934828159973,2026.1177480855206,2026.1177480855206,122.0,25.0
2024-02-22 05:45:00,2026.1177480855206,2027.0126092561306,2025.8695331584897,2026.715620845455,423.0,25.0
2024-02-22 06:00:00,2026.715620845455,2027.7067919976823,2026.6300948467892,2027.5900245222333,400.0,25.0
2024-02-22 06:15:00,2027.5900245222333,2030.1968963288016,2027.5900245222333,2029.0271103382868,374.0,25.0
2024-02-22 06:30:00,2029.0271103382868,2032.7504547727438,2029.0271103382868,2032.1135554851112,269.0,25.0
2024-02-22 06:45:00,2032.1135554851112,2033.1369720956084,2030.3353307594657,2030.3353307594657,349.0,25.0
2024-02-22 07:00:00,2030.3353307594657,2032.0012197700944,2029.9746356496153,2029.9746356496153,240.0,25.0
2024-02-22 07:15:00,2029.9746356496153,2029.9746356496153,2026.528258202536,2027.342987362352,80.0,25.0
2024-02-22 07:30:00,2027.342987362352,2028.7733356689625,2023.8043287186424,2023.8043287186424,366.0,25.0
2024-02-22 07:45:00,2023.8043287186424,2024.059479702989,2022.3650529032568,2023.4318051427288,389.0,25.0
2024-02-22 08:00:00,2023.4318051427288,2024.1075451981128,2021.364375786982,2022.792519486745,470.0,25.0
2024-02-22 08:15:00,2022.792519486745,2025.8857055712956,2022.792519486745,2024.3875804464167,464.0,25.0
2024-02-22 08:30:00,2024.3875804464167,2025.4888972955891,2024.3875804464167,2025.4888972955891,456.0,25.0
2024-02-22 08:45:00,2025.4888972955891,2025.4888972955891,2022.6468291291865,2025.0940229486944,162.0,25.0
2024-02-22 09:00:00,2025.0940229486944,2027.7994204637894,2025.0940229486944,2027.7994204637894,114.0,25.0
2024-02-22 09:15:00,2027.7994204637894,2029.4846114058903,2027.110489586475,2029.4846114058903,231.0,25.0
2024-02-22 09:30:00,2029.4846114058903,2031.252368292676,2029.379932921308,2031.252368292676,181.0,25.0
2024-02-22 09:45:00,2031.252368292676,2033.7471727715326,2031.252368292676,2033.59782625676,339.0,25.0
2024-02-22 10:00:00,2033.59782625676,2034.9757754374357,2032.491966734096,2033.1913308635847,414.0,25.0
2024-02-22 10:15:00,2033.1913308635847,2033.1913308635847,2031.4090666163443,2032.3890567654212,300.0,25.0
2024-02-22 10:30:00,2032.3890567654212,2032.3890567654212,2029.977060560679,2030.6738749398098,226.0,25.0
2024-02-22 10:45:00,2030.6738749398098,2031.0239755489815,2028.7082487021826,2028.7082487021826,236.0,25.0
2024-02-22 11:00:00,2028.7082487021826,2030.810823742859,2027.493731943972,2030.810823742859,159.0,25.0
2024-02-22 11:15:00,2030.810823742859,2032.6247831354606,2030.810823742859,2031.5533342961994,201.0,25.0
2024-02-22 11:30:00,2031.5533342961994,2036.801025849118,2031.5533342961994,2036.801025849118,204.0,25.0
2024-02-22 11:45:00,2036.801025849118,2036.801025849118,2034.9592873516815,2035.8786240943361,457.0,25.0
2024-02-22 12:00:00,2035.8786240943361,2037.4834634030271,2035.839698754499,2035.839698754499,488.0,25.0
2024-02-22 12:15:00,2035.839698754499,2035.839698754499,2033.15026880725,2033.4332590014603,209.0,25.0
2024-02-22 12:30:00,2033.4332590014603,2038.4358352971121,2032.756230321394,2038.4358352971121,155.0,25.0
2024-02-22 12:45:00,2038.4358352971121,2038.4358352971121,2034.5919772238205,2034.5919772238205,150.0,25.0
2024-02-22 13:00:00,2034.5919772238205,2035.4819708920027,2033.8782089343765,2034.213270516006,160.0,25.0
2024-02-22 13:15:00,2034.213270516006,2034.6428715553504,2032.7694924276282,2034.6428715553504,212.0,25.0
2024-02-22 13:30:00,2034.6428715553504,2034.6428715553504,2032.352602667177,2034.0116913921022,390.0,25.0
2024-02-22 13:45:00,2034.0116913921022,2034.0116913921022,2031.580914427389,2032.6150088791896,225.0,25.0
2024-02-22 14:00:00,2032.6150088791896,2036.0311919392293,2032.6150088791896,2035.9623058231598,143.0,25.0
2024-02-22 14:15:00,2035.9623058231598,2036.2215105015105,2033.6846022512657,2034.5761970399644,322.0,25.0
2024-02-22 14:30:00,2034.5761970399644,2035.9645735134075,2034.5761970399644,2035.1561538201602,377.0,25.0
2024-02-22 14:45:00,2035.1561538201602,2037.2214883213867,2035.1561538201602,2037.2214883213867,238.0,25.0
2024-02-22 15:00:00,2037.2214883213867,2037.2301007494175,2035.7071754026274,2035.7071754026274,351.0,25.0
2024-02-22 15:15:00,2035.7071754026274,2035.7071754026274,2029.6056932830159,2029.6056932830159,426.0,25.0
2024-02-22 15:30:00,2029.6056932830159,2029.6056932830159,2027.1011350288352,2027.1011350288352,338.0,25.0
2024-02-22 15:45:00,2027.1011350288352,2028.212184688282,2026.3868829363948,2026.3868829363948,188.0,25.0
2024-02-22 16:00:00,2026.3868829363948,2027.444438386124,2023.3844579801337,2025.25868877856,447.0,25.0
2024-02-22 16:15:00,2025.25868877856,2025.25868877856,2023.4927316258922,2025.1228598769706,159.0,25.0
2024-02-22 16:30:00,2025.1228598769706,2027.2186794753884,2025.1228598769706,2027.2186794753884,431.0,25.0
2024-02-22 16:45:00,2027.2186794753884,2028.308144393737,2026.899665649005,2026.899665649005,500.0,25.0
2024-02-22 17:00:00,2026.899665649005,2027.773161156632,2025.3360620210447,2027.773161156632,441.0,25.0
2024-02-22 17:15:00,2027.773161156632,2029.4451976880991,2027.773161156632,2028.22700495051,212.0,25.0
2024-02-22 17:30:00,2028.22700495051,2030.4084120119733,2027.7447863944344,2030.4084120119733,293.0,25.0
2024-02-22 17:45:00,2030.4084120119733,2036.6119774926606,2030.4084120119733,2036.6119774926606,362.0,25.0
2024-02-22 18:00:00,2036.6119774926606,2038.1818744500174,2034.7903523339576,2034.7903523339576,327.0,25.0
2024-02-22 18:15:00,2034.7903523339576,2036.0571484311383,2034.5473852561672,2036.0571484311383,146.0,25.0
2024-02-22 18:30:00,2036.0571484311383,2036.2806028199839,2034.5203992819452,2035.0416439404619,337.0,25.0
2024-02-22 18:45:00,2035.0416439404619,2036.0371619219918,2033.3933265038086,2035.528096682589,195.0,25.0
2024-02-22 19:00:00,2035.528096682589,2038.7439226685085,2035.528096682589,2038.1097378543045,256.0,25.0
2024-02-22 19:15:00,2038.1097378543045,2040.8278624999878,2038.1097378543045,2040.8278624999878,435.0,25.0
2024-02-22 19:30:00,2040.8278624999878,2041.127860276269,2039.070269684201,2041.127860276269,434.0,25.0
2024-02-22 19:45:00,2041.127860276269,2041.127860276269,2035.791745166122,2035.791745166122,465.0,25.0
2024-02-22 20:00:00,2035.791745166122,2037.675533943334,2035.6883397914905,2037.675533943334,278.0,25.0
2024-02-22 20:15:00,2037.675533943334,2037.9320913051126,2037.080733641948,2037.9320913051126,95.0,25.0
2024-02-22 20:30:00,2037.9320913051126,2037.9320913051126,2033.0228614726875,2035.3755486711577,264.0,25.0
2024-02-22 20:45:00,2035.3755486711577,2037.0780532890851,2034.584759327691,2034.584759327691,237.0,25.0
2024-02-22 21:00:00,2034.584759327691,2035.2384202136984,2032.7392097174659,2034.2965361057445,296.0,25.0
2024-02-22 21:15:00,2034.2965361057445,2035.669868576162,2034.2110729172107,2034.8988811579402,117.0,25.0
2024-02-22 21:30:00,2034.8988811579402,2034.8988811579402,2032.3288096927395,2033.4019583546954,390.0,25.0
2024-02-22 21:45:00,2033.4019583546954,2033.8170349253526,2030.9069843411505,2031.5897658998856,354.0,25.0
2024-02-22 22:00:00,2031.5897658998856,2035.8910919321286,2031.5897658998856,2035.8910919321286,143.0,25.0
2024-02-22 22:15:00,2035.8910919321286,2036.3429614352647,2034.8145347282516,2036.3429614352647,77.0,25.0
2024-02-22 22:30:00,2036.3429614352647,2039.5445665587438,2036.3429614352647,2037.6069533438754,114.0,25.0
2024-02-22 22:45:00,2037.6069533438754,2038.5516549390668,2034.5020615409517,2034.5020615409517,163.0,25.0
2024-02-22 23:00:00,2034.5020615409517,2035.4227144765066,2032.9925982562079,2034.9166601475954,172.0,25.0
2024-02-22 23:15:00,2034.9166601475954,2034.9166601475954,2032.0169284250005,2033.4359962325495,348.0,25.0
2024-02-22 23:30:00,2033.4359962325495,2033.4359962325495,2030.8828045737343,2031.3140989497267,462.0,25.0
2024-02-22 23:45:00,2031.3140989497267,2034.5915257690299,2031.3140989497267,2032.8846558474568,463.0,25.0
2024-02-23 00:00:00,2032.8846558474568,2034.0598810484657,2032.0961135766645,2033.824271145928,438.0,25.0
2024-02-23 00:15:00,2033.824271145928,2035.5414658960865,2031.9983894192658,2035.5414658960865,165.0,25.0
2024-02-23 00:30:00,2035.5414658960865,2036.6183620176728,2035.5414658960865,2036.5619775241619,311.0,25.0
2024-02-23 00:45:00,2036.5619775241619,2038.4041683569922,2036.5619775241619,2038.4041683569922,136.0,25.0
2024-02-23 01:00:00,2038.4041683569922,2038.5319447959312,2036.8838942926434,2036.8838942926434,260.0,25.0
2024-02-23 01:15:00,2036.8838942926434,2038.250949193167,2036.219785146661,2036.7786791508754,170.0,25.0
2024-02-23 01:30:00,2036.7786791508754,2038.8421263084183,2036.5465199306107,2036.8212506559748,83.0,25.0
2024-02-23 01:45:00,2036.8212506559748,2037.2386523584814,2035.6958408987402,2037.2386523584814,133.0,25.0
2024-02-23 02:00:00,2037.2386523584814,2040.44012076602,2037.1626094627516,2040.0374445570278,243.0,25.0
2024-02-23 02:15:00,2040.0374445570278,2041.3479048987085,2039.943350001665,2041.3479048987085,335.0,25.0
2024-02-23 02:30:00,2041.3479048987085,2042.9543886220947,2040.9329180664258,2041.2228236728363,139.0,25.0
2024-02-23 02:45:00,2041.2228236728363,2041.2228236728363,2038.1628293771682,2038.1628293771682,370.0,25.0
2024-02-23 03:00:00,2038.1628293771682,2038.171692985369,2036.4412227185705,2036.4412227185705,167.0,25.0
2024-02-23 03:15:00,2036.4412227185705,2037.0210507215663,2036.3749540396273,2036.9519419599997,187.0,25.0
2024-02-23 03:30:00,2036.9519419599997,2036.9519419599997,2035.1429425564131,2035.9351929036104,398.0,25.0
2024-02-23 03:45:00,2035.9351929036104,2036.8263810514713,2035.9351929036104,2036.3551825288987,70.0,25.0
2024-02-23 04:00:00,2036.3551825288987,2036.3551825288987,2032.844747393257,2032.844747393257,96.0,25.0
2024-02-23 04:15:00,2032.844747393257,2033.0563540158398,2031.1178042624078,2031.1178042624078,160.0,25.0
2024-02-23 04:30:00,2031.1178042624078,2031.3004337469906,2028.415978215786,2028.415978215786,343.0,25.0
2024-02-23 04:45:00,2028.415978215786,2031.3155759739423,2027.692645436494,2030.6300860423182,282.0,25.0
2024-02-23 05:00:00,2030.6300860423182,2030.6300860423182,2029.3898728037516,2030.342669784503,471.0,25.0
2024-02-23 05:15:00,2030.342669784503,2030.342669784503,2026.2478489562147,2026.2478489562147,67.0,25.0
2024-02-23 05:30:00,2026.2478489562147,2026.2478489562147,2022.267349246142,2022.267349246142,405.0,25.0
2024-02-23 05:45:00,2022.267349246142,2024.1755634809274,2022.0276700008862,2024.1587132765746,92.0,25.0
2024-02-23 06:00:00,2024.1587132765746,2026.9371989003366,2024.1587132765746,2026.0570175544092,490.0,25.0
2024-02-23 06:15:00,2026.0570175544092,2027.919081731755,2025.228252429639,2025.228252429639,342.0,25.0
2024-02-23 06:30:00,2025.228252429639,2026.794995844859,2022.7784702584988,2022.7784702584988,144.0,25.0
2024-02-23 06:45:00,2022.7784702584988,2025.3929036721388,2022.7784702584988,2024.4398861075615,241.0,25.0
2024-02-23 07:00:00,2024.4398861075615,2024.4398861075615,2021.9860862151388,2022.628381125294,223.0,25.0
2024-02-23 07:15:00,2022.628381125294,2022.8572886136176,2018.3058322065415,2018.3058322065415,304.0,25.0
2024-02-23 07:30:00,2018.3058322065415,2020.7585421473443,2018.3058322065415,2019.5264276304742,175.0,25.0
2024-02-23 07:45:00,2019.5264276304742,2019.6557099081351,2017.137707133565,2018.2112358362447,186.0,25.0
2024-02-23 08:00:00,2018.2112358362447,2018.7578032317804,2016.184335236189,2016.184335236189,285.0,25.0
2024-02-23 08:15:00,2016.184335236189,2016.2790048050567,2014.032302795552,2014.2608657678759,475.0,25.0
2024-02-23 08:30:00,2014.2608657678759,2016.152534876404,2014.2608657678759,2015.2875278812567,349.0,25.0
2024-02-23 08:45:00,2015.2875278812567,2015.9003824232307,2013.5518895386654,2015.703857363649,203.0,25.0
2024-02-23 09:00:00,2015.703857363649,2017.7827284595585,2015.0943315227034,2015.188173225627,62.0,25.0
2024-02-23 09:15:00,2015.188173225627,2016.4058279236606,2014.6976928022902,2015.1862975686724,372.0,25.0
2024-02-23 09:30:00,2015.1862975686724,2015.1862975686724,2013.6696751984564,2013.8865527593628,320.0,25.0
2024-02-23 09:45:00,2013.8865527593628,2014.9202779383586,2013.0073773637441,2014.5889766807863,328.0,25.0
2024-02-23 10:00:00,2014.5889766807863,2017.0076244282868,2014.1440177869913,2015.8288998088265,130.0,25.0
2024-02-23 10:15:00,2015.8288998088265,2016.9608948949262,2015.373744596896,2016.6397856808064,485.0,25.0
2024-02-23 10:30:00,2016.6397856808064,2016.7272247851986,2015.0056007424903,2015.963391504663,374.0,25.0
2024-02-23 10:45:00,2015.963391504663,2015.963391504663,2012.5806332118248,2015.6886444113388,386.0,25.0
2024-02-23 11:00:00,2015.6886444113388,2015.6886444113388,2013.7078587800224,2015.5429149151257,130.0,25.0
2024-02-23 11:15:00,2015.5429149151257,2015.5429149151257,2014.6726816576493,2014.7857301412525,113.0,25.0
2024-02-23 11:30:00,2014.7857301412525,2015.4849236112266,2013.9071803946865,2015.4849236112266,458.0,25.0
2024-02-23 11:45:00,2015.4849236112266,2017.7176265209132,2015.253445901133,2017.7176265209132,460.0,25.0
2024-02-23 12:00:00,2017.7176265209132,2020.9943122033608,2017.7176265209132,2019.3142118873304,124.0,25.0
2024-02-23 12:15:00,2019.3142118873304,2021.7822487910291,2019.3142118873304,2020.4941192101398,114.0,25.0
2024-02-23 12:30:00,2020.4941192101398,2022.7145336039612,2020.4941192101398,2022.7145336039612,172.0,25.0
2024-02-23 12:45:00,2022.7145336039612,2023.8743613643883,2022.0639315460276,2022.2767401483507,126.0,25.0
2024-02-23 13:00:00,2022.2767401483507,2022.2767401483507,2020.6804169875438,2021.3758973016124,468.0,25.0
2024-02-23 13:15:00,2021.3758973016124,2022.0590187636715,2020.0595048898763,2020.1073080842957,291.0,25.0
2024-02-23 13:30:00,2020.1073080842957,2022.509739023724,2020.1073080842957,2022.509739023724,289.0,25.0
2024-02-23 13:45:00,2022.509739023724,2024.0248953611058,2022.509739023724,2022.8323849729886,283.0,25.0
2024-02-23 14:00:00,2022.8323849729886,2022.8323849729886,2020.8207944924318,2020.9126112682939,182.0,25.0
2024-02-23 14:15:00,2020.9126112682939,2021.0091424105005,2018.9263302544468,2019.191358379657,200.0,25.0
2024-02-23 14:30:00,2019.191358379657,2020.9262117139897,2019.191358379657,2020.1684732081503,202.0,25.0
2024-02-23 14:45:00,2020.1684732081503,2020.1684732081503,2017.8594492664272,2019.1341679737336,438.0,25.0
2024-02-23 15:00:00,2019.1341679737336,2020.8441112998082,2018.2763536291866,2018.4544504085445,132.0,25.0
2024-02-23 15:15:00,2018.4544504085445,2020.4138819881769,2018.4544504085445,2020.4138819881769,322.0,25.0
2024-02-23 15:30:00,2020.4138819881769,2021.8715922978251,2019.82299586103,2021.8715922978251,138.0,25.0
2024-02-23 15:45:00,2021.8715922978251,2022.8636755685957,2021.2354557764438,2022.8636755685957,171.0,25.0
2024-02-23 16:00:00,2022.8636755685957,2023.5822101788297,2016.7945354233361,2016.7945354233361,448.0,25.0
2024-02-23 16:15:00,2016.7945354233361,2019.0950858625733,2016.7945354233361,2017.028638355644,238.0,25.0
2024-02-23 16:30:00,2017.028638355644,2018.3362818210965,2016.2813333681822,2018.3362818210965,97.0,25.0
2024-02-23 16:45:00,2018.3362818210965,2018.9333746692519,2016.6095960935797,2018.8881453277265,285.0,25.0
2024-02-23 17:00:00,2018.8881453277265,2018.8881453277265,2016.1658281962366,2016.1658281962366,155.0,25.0
2024-02-23 17:15:00,2016.1658281962366,2016.448094267328,2014.46650939817,2016.448094267328,470.0,25.0
2024-02-23 17:30:00,2016.448094267328,2021.9286149924078,2016.448094267328,2021.9286149924078,303.0,25.0
2024-02-23 17:45:00,2021.9286149924078,2021.9286149924078,2017.8828227599615,2017.8828227599615,211.0,25.0
2024-02-23 18:00:00,2017.8828227599615,2018.624828129891,2016.473671632155,2016.6767928653644,437.0,25.0
2024-02-23 18:15:00,2016.6767928653644,2017.0625209473628,2015.8133432713466,2017.0625209473628,404.0,25.0
2024-02-23 18:30:00,2017.0625209473628,2017.820456117018,2015.563616777825,2015.563616777825,258.0,25.0
2024-02-23 18:45:00,2015.563616777825,2018.8232383878037,2015.4723274883959,2018.8232383878037,422.0,25.0
2024-02-23 19:00:00,2018.8232383878037,2020.2405137003238,2017.9999773905788,2019.6035724513806,100.0,25.0
2024-02-23 19:15:00,2019.6035724513806,2021.7537501876197,2019.4332781969933,2021.4427181857045,493.0,25.0
2024-02-23 19:30:00,2021.4427181857045,2021.4427181857045,2018.6510015369834,2019.2618726475619,475.0,25.0
2024-02-23 19:45:00,2019.2618726475619,2019.2618726475619,2013.6898206345065,2013.6898206345065,230.0,25.0
2024-02-23 20:00:00,2013.6898206345065,2013.6898206345065,2011.2295070819039,2012.0105711106291,235.0,25.0
2024-02-23 20:15:00,2012.0105711106291,2012.0105711106291,2008.4260654790723,2008.7352506691645,180.0,25.0
2024-02-23 20:30:00,2008.7352506691645,2013.6768913464955,2008.7352506691645,2013.6768913464955,120.0,25.0
2024-02-23 20:45:00,2013.6768913464955,2014.297098650881,2013.5745382518212,2014.1466465426365,323.0,25.0
2024-02-23 21:00:00,2014.1466465426365,2014.1863253654021,2013.2371461228165,2013.598225003263,151.0,25.0
2024-02-23 21:15:00,2013.598225003263,2013.7827701668061,2011.8676924050044,2011.8676924050044,161.0,25.0
2024-02-23 21:30:00,2011.8676924050044,2011.8676924050044,2009.3556369132077,2010.722946540374,382.0,25.0
2024-02-23 21:45:00,2010.722946540374,2015.4629718481692,2010.722946540374,2013.6057530633427,182.0,25.0
2024-02-23 22:00:00,2013.6057530633427,2019.7316097254925,2013.6057530633427,2016.874951254066,59.0,25.0
2024-02-23 22:15:00,2016.874951254066,2017.3340726218735,2015.4467854114087,2015.5346169846448,98.0,25.0
2024-02-23 22:30:00,2015.5346169846448,2015.934087914434,2013.4459274223907,2015.934087914434,202.0,25.0
2024-02-23 22:45:00,2015.934087914434,2016.044487584411,2014.1139732405268,2014.6102281744668,178.0,25.0
2024-02-23 23:00:00,2014.6102281744668,2016.0093974993977,2013.3041972934623,2016.0093974993977,245.0,25.0
2024-02-23 23:15:00,2016.0093974993977,2017.0061869021192,2015.34301603369,2015.5036624497657,158.0,25.0
2024-02-23 23:30:00,2015.5036624497657,2016.1790247508966,2014.9282712871125,2015.48088000623,480.0,25.0
2024-02-23 23:45:00,2015.48088000623,2021.638196750016,2015.48088000623,2021.638196750016,194.0,25.0
2024-02-26 00:00:00,2021.638196750016,2021.638196750016,2019.1959577234575,2019.4818610555612,385.0,25.0
2024-02-26 00:15:00,2019.4818610555612,2019.6290660346847,2017.755772499563,2017.755772499563,94.0,25.0
2024-02-26 00:30:00,2017.755772499563,2021.2127811139371,2017.755772499563,2021.2127811139371,500.0,25.0
2024-02-26 00:45:00,2021.2127811139371,2021.2127811139371,2018.9156251698316,2018.9156251698316,74.0,25.0
2024-02-26 01:00:00,2018.9156251698316,2018.9516235010149,2016.2789687433133,2016.2789687433133,78.0,25.0
2024-02-26 01:15:00,2016.2789687433133,2018.352354164584,2016.2789687433133,2017.878281404914,459.0,25.0
2024-02-26 01:30:00,2017.878281404914,2021.0975158554322,2017.8100670619585,2021.0975158554322,304.0,25.0
2024-02-26 01:45:00,2021.0975158554322,2021.0975158554322,2018.3813469188387,2018.7658699828307,352.0,25.0
2024-02-26 02:00:00,2018.7658699828307,2022.5296431027919,2018.7658699828307,2021.8978459761586,56.0,25.0
2024-02-26 02:15:00,2021.8978459761586,2022.7070445754364,2021.0235560465733,2022.7070445754364,396.0,25.0
2024-02-26 02:30:00,2022.7070445754364,2023.5393997358497,2022.7070445754364,2022.7417586903844,412.0,25.0
2024-02-26 02:45:00,2022.7417586903844,2022.7417586903844,2019.8566195945189,2020.3517980535141,319.0,25.0
2024-02-26 03:00:00,2020.3517980535141,2021.0964942057103,2019.7902865285837,2019.7902865285837,318.0,25.0
2024-02-26 03:15:00,2019.7902865285837,2021.9763932019923,2019.768322370465,2020.2468125247628,473.0,25.0
2024-02-26 03:30:00,2020.2468125247628,2022.4826937826558,2019.0451184173592,2019.0451184173592,237.0,25.0
2024-02-26 03:45:00,2019.0451184173592,2021.1062443964254,2016.537295995653,2016.537295995653,290.0,25.0
2024-02-26 04:00:00,2016.537295995653,2016.537295995653,2013.1073668141432,2014.0803921955908,85.0,25.0
2024-02-26 04:15:00,2014.0803921955908,2014.0803921955908,2009.9020134738596,2009.9020134738596,138.0,25.0
2024-02-26 04:30:00,2009.9020134738596,2009.9020134738596,2008.0123942186253,2008.819468950414,382.0,25.0
2024-02-26 04:45:00,2008.819468950414,2010.75470210868,2008.1804200815843,2009.8094268596303,277.0,25.0
2024-02-26 05:00:00,2009.8094268596303,2009.8094268596303,2007.5328881668004,2008.5031929622887,154.0,25.0
2024-02-26 05:15:00,2008.5031929622887,2009.315013116196,2008.207391286526,2008.207391286526,294.0,25.0
2024-02-26 05:30:00,2008.207391286526,2010.1490749661643,2008.207391286526,2010.1490749661643,258.0,25.0
2024-02-26 05:45:00,2010.1490749661643,2010.2633699877927,2007.121878206033,2007.3144940202703,340.0,25.0
2024-02-26 06:00:00,2007.3144940202703,2007.4527239713818,2005.167542350181,2005.167542350181,106.0,25.0
2024-02-26 06:15:00,2005.167542350181,2005.167542350181,2003.4307315166277,2003.6932590509346,423.0,25.0
2024-02-26 06:30:00,2003.6932590509346,2005.109760134897,2003.6142612055123,2004.35831498006,135.0,25.0
2024-02-26 06:45:00,2004.35831498006,2004.35831498006,2002.2999684863787,2002.2999684863787,231.0,25.0
2024-02-26 07:00:00,2002.2999684863787,2004.8397757617734,2001.6087067103858,2004.0481676769325,169.0,25.0
2024-02-26 07:15:00,2004.0481676769325,2005.1772933396844,2003.7171619750266,2003.7529443933563,156.0,25.0
2024-02-26 07:30:00,2003.7529443933563,2003.7529443933563,2002.0142371281172,2002.8228185636488,130.0,25.0
2024-02-26 07:45:00,2002.8228185636488,2002.8228185636488,1999.2439895756906,1999.707547176552,117.0,25.0
2024-02-26 08:00:00,1999.707547176552,2004.6876000979726,1999.707547176552,2004.6876000979726,125.0,25.0
2024-02-26 08:15:00,2004.6876000979726,2005.258149130099,2003.9833463716081,2003.9833463716081,260.0,25.0
2024-02-26 08:30:00,2003.9833463716081,2005.2734383415002,2002.8531391492684,2005.2734383415002,455.0,25.0
2024-02-26 08:45:00,2005.2734383415002,2005.6800005493885,2002.0624853171948,2002.0624853171948,320.0,25.0
2024-02-26 09:00:00,2002.0624853171948,2005.912464564476,2002.0624853171948,2005.912464564476,356.0,25.0
2024-02-26 09:15:00,2005.912464564476,2005.912464564476,2002.8734202862984,2002.8734202862984,108.0,25.0
2024-02-26 09:30:00,2002.8734202862984,2003.3243781946192,2001.8955309935673,2002.9782308622443,250.0,25.0
2024-02-26 09:45:00,2002.9782308622443,2005.364829045353,2002.5753870034707,2004.7083861547662,386.0,25.0
2024-02-26 10:00:00,2004.7083861547662,2005.8799442104537,2004.7083861547662,2005.8799442104537,459.0,25.0
2024-02-26 10:15:00,2005.8799442104537,2006.1199013048426,2004.6623673998972,2005.2289089153205,186.0,25.0
2024-02-26 10:30:00,2005.2289089153205,2006.2152655934624,2004.592056799364,2006.103673217254,151.0,25.0
2024-02-26 10:45:00,2006.103673217254,2008.9429374598465,2005.1748291219133,2008.9429374598465,147.0,25.0
2024-02-26 11:00:00,2008.9429374598465,2009.781724160999,2007.7574796536594,2009.781724160999,374.0,25.0
2024-02-26 11:15:00,2009.781724160999,2012.5131442901811,2009.781724160999,2011.8861859274264,165.0,25.0
2024-02-26 11:30:00,2011.8861859274264,2012.6083329259318,2011.3743289217548,2011.3743289217548,399.0,25.0
2024-02-26 11:45:00,2011.3743289217548,2014.1813064313383,2011.3743289217548,2014.1813064313383,59.0,25.0
2024-02-26 12:00:00,2014.1813064313383,2014.3545650045812,2011.9810005577476,2011.9810005577476,286.0,25.0
2024-02-26 12:15:00,2011.9810005577476,2014.6455277559871,2011.8800367348554,2014.6455277559871,261.0,25.0
2024-02-26 12:30:00,2014.6455277559871,2015.5235147191318,2013.809375549176,2015.5235147191318,456.0,25.0
2024-02-26 12:45:00,2015.5235147191318,2015.5505343443747,2014.6328593357368,2015.2109683464014,297.0,25.0
2024-02-26 13:00:00,2015.2109683464014,2015.4565524684415,2013.8595043482014,2013.8595043482014,312.0,25.0
2024-02-26 13:15:00,2013.8595043482014,2014.646899105959,2013.610933703991,2014.0398291873312,74.0,25.0
2024-02-26 13:30:00,2014.0398291873312,2017.4128516435374,2014.0398291873312,2017.4128516435374,322.0,25.0
2024-02-26 13:45:00,2017.4128516435374,2019.8916345326509,2017.2492070055548,2017.2492070055548,220.0,25.0
2024-02-26 14:00:00,2017.2492070055548,2017.8817899829673,2017.114783994238,2017.2484170795778,129.0,25.0
2024-02-26 14:15:00,2017.2484170795778,2017.8409217640742,2016.6709757747738,2017.8409217640742,229.0,25.0
2024-02-26 14:30:00,2017.8409217640742,2019.3971551314805,2016.4012041281117,2019.3971551314805,225.0,25.0
2024-02-26 14:45:00,2019.3971551314805,2021.7417611139547,2018.8034335470538,2018.8034335470538,137.0,25.0
2024-02-26 15:00:00,2018.8034335470538,2020.551427411654,2018.2926572373794,2020.551427411654,254.0,25.0
2024-02-26 15:15:00,2020.551427411654,2021.242786131994,2019.2186676229373,2021.242786131994,304.0,25.0
2024-02-26 15:30:00,2021.242786131994,2023.9797011000674,2020.8841724434888,2023.1813522476727,274.0,25.0
2024-02-26 15:45:00,2023.1813522476727,2024.0980757420912,2022.5032762726776,2023.463898442388,498.0,25.0
2024-02-26 16:00:00,2023.463898442388,2024.2009576182843,2021.0938886293527,2021.0938886293527,112.0,25.0
2024-02-26 16:15:00,2021.0938886293527,2022.0328280337956,2020.4399877995074,2020.7615685496633,362.0,25.0
2024-02-26 16:30:00,2020.7615685496633,2022.5611139968048,2019.705135425476,2021.6169719859342,423.0,25.0
2024-02-26 16:45:00,2021.6169719859342,2022.1601193428905,2021.362589877282,2022.1601193428905,412.0,25.0
2024-02-26 17:00:00,2022.1601193428905,2022.9118223054838,2020.5129222511453,2020.5129222511453,305.0,25.0
2024-02-26 17:15:00,2020.5129222511453,2020.7956416388224,2018.6364508641213,2018.6364508641213,281.0,25.0
2024-02-26 17:30:00,2018.6364508641213,2021.1662594565933,2018.6364508641213,2021.1588221330114,328.0,25.0
2024-02-26 17:45:00,2021.1588221330114,2021.8303229847306,2019.9830761746944,2019.9830761746944,220.0,25.0
2024-02-26 18:00:00,2019.9830761746944,2020.547056069153,2016.0963453468328,2016.0963453468328,185.0,25.0
2024-02-26 18:15:00,2016.0963453468328,2017.6420984183694,2016.0963453468328,2017.5807717595642,449.0,25.0
2024-02-26 18:30:00,2017.5807717595642,2018.3806031786332,2016.7361780820513,2018.3806031786332,70.0,25.0
2024-02-26 18:45:00,2018.3806031786332,2019.387317346229,2017.801645836937,2018.671586725039,134.0,25.0
2024-02-26 19:00:00,2018.671586725039,2020.655621783261,2018.2916053735994,2018.2916053735994,337.0,25.0
2024-02-26 19:15:00,2018.2916053735994,2021.911420681064,2018.2300767424465,2021.8065787314472,295.0,25.0
2024-02-26 19:30:00,2021.8065787314472,2022.7335863107241,2020.4511188591496,2022.7335863107241,171.0,25.0
2024-02-26 19:45:00,2022.7335863107241,2023.1923051079434,2020.6825998467514,2023.1522023617665,210.0,25.0
2024-02-26 20:00:00,2023.1522023617665,2024.4996091458806,2022.5626988434049,2024.4996091458806,449.0,25.0
2024-02-26 20:15:00,2024.4996091458806,2025.2526403275972,2023.5280484557463,2023.7619257671784,280.0,25.0
2024-02-26 20:30:00,2023.7619257671784,2024.1686101466096,2022.1930117665763,2022.5324364423245,201.0,25.0
2024-02-26 20:45:00,2022.5324364423245,2024.5114657359684,2021.747913741388,2023.525524792753,395.0,25.0
2024-02-26 21:00:00,2023.525524792753,2026.3388731548416,2022.3360988535344,2026.3388731548416,329.0,25.0
2024-02-26 21:15:00,2026.3388731548416,2026.3388731548416,2020.5820306161477,2020.5820306161477,195.0,25.0
2024-02-26 21:30:00,2020.5820306161477,2020.7105124318766,2018.0188379574229,2018.0188379574229,310.0,25.0
2024-02-26 21:45:00,2018.0188379574229,2018.7642389198868,2017.5406230521023,2017.9261534825762,55.0,25.0
2024-02-26 22:00:00,2017.9261534825762,2019.0761363547097,2016.9743565742044,2017.3558697791705,228.0,25.0
2024-02-26 22:15:00,2017.3558697791705,2018.3842011081597,2016.019211176466,2016.5596857672645,291.0,25.0
2024-02-26 22:30:00,2016.5596857672645,2016.6115430325126,2014.8692908616624,2016.6115430325126,363.0,25.0
2024-02-26 22:45:00,2016.6115430325126,2016.7650914057945,2014.3011700225622,2016.7650914057945,253.0,25.0
2024-02-26 23:00:00,2016.7650914057945,2020.5558522968558,2016.7650914057945,2020.5558522968558,383.0,25.0
2024-02-26 23:15:00,2020.5558522968558,2020.9313031373501,2019.639328462293,2019.8682432641556,353.0,25.0
2024-02-26 23:30:00,2019.8682432641556,2024.1785902078823,2019.8682432641556,2022.8695538693746,225.0,25.0
2024-02-26 23:45:00,2022.8695538693746,2025.0145854789505,2022.8695538693746,2025.0145854789505,483.0,25.0
2024-02-27 00:00:00,2025.0145854789505,2025.45984920208,2023.8224562272817,2025.2864122393378,119.0,25.0
2024-02-27 00:15:00,2025.2864122393378,2026.6116808285808,2024.907039731964,2025.2900125492272,275.0,25.0
2024-02-27 00:30:00,2025.2900125492272,2029.667919831833,2025.2900125492272,2028.3724351694727,74.0,25.0
2024-02-27 00:45:00,2028.3724351694727,2028.7724675925526,2026.6185218324092,2028.7724675925526,126.0,25.0
2024-02-27 01:00:00,2028.7724675925526,2031.1651568704121,2028.5875284370318,2031.1651568704121,412.0,25.0
2024-02-27 01:15:00,2031.1651568704121,2031.5442330976507,2029.1778493255597,2030.4376374291935,496.0,25.0
2024-02-27 01:30:00,2030.4376374291935,2031.4460263067597,2029.4439135523762,2029.86377066583,357.0,25.0
2024-02-27 01:45:00,2029.86377066583,2030.6627090278073,2028.7833327151461,2030.5637490078104,229.0,25.0
2024-02-27 02:00:00,2030.5637490078104,2030.5637490078104,2027.9890138239805,2028.4418877940966,270.0,25.0
2024-02-27 02:15:00,2028.4418877940966,2029.6272496357983,2028.2818649660778,2028.5798673135682,428.0,25.0
2024-02-27 02:30:00,2028.5798673135682,2029.344083953912,2026.8711909305432,2026.8711909305432,294.0,25.0
2024-02-27 02:45:00,2026.8711909305432,2026.8711909305432,2023.449139207679,2025.0735053510152,303.0,25.0
2024-02-27 03:00:00,2025.0735053510152,2025.0735053510152,2023.8144136693725,2023.9672267977348,112.0,25.0
2024-02-27 03:15:00,2023.9672267977348,2023.9672267977348,2020.7754027181834,2021.676503610839,463.0,25.0
2024-02-27 03:30:00,2021.676503610839,2021.676503610839,2019.9140057903915,2020.8330050614918,364.0,25.0
2024-02-27 03:45:00,2020.8330050614918,2021.3765720227245,2019.2464820371438,2021.0502260099959,299.0,25.0
2024-02-27 04:00:00,2021.0502260099959,2023.786523326093,2020.533449738929,2020.533449738929,104.0,25.0
2024-02-27 04:15:00,2020.533449738929,2021.3975986111388,2020.2029688483656,2021.1953014425023,470.0,25.0
2024-02-27 04:30:00,2021.1953014425023,2022.9757541112235,2021.1953014425023,2022.7384714948396,134.0,25.0
2024-02-27 04:45:00,2022.7384714948396,2022.7384714948396,2021.301920659127,2021.7876938056163,482.0,25.0
2024-02-27 05:00:00,2021.7876938056163,2021.7876938056163,2017.6331746882988,2017.6331746882988,69.0,25.0
2024-02-27 05:15:00,2017.6331746882988,2019.7400774634,2017.6331746882988,2019.7400774634,314.0,25.0
2024-02-27 05:30:00,2019.7400774634,2021.1248806767771,2018.4427075781562,2019.8356919205705,164.0,25.0
2024-02-27 05:45:00,2019.8356919205705,2020.0293515144156,2018.733636946247,2020.0293515144156,127.0,25.0
2024-02-27 06:00:00,2020.0293515144156,2021.9084107982326,2019.3699621414655,2019.741049773147,173.0,25.0
2024-02-27 06:15:00,2019.741049773147,2020.465693651433,2017.0492070411474,2017.0492070411474,216.0,25.0
2024-02-27 06:30:00,2017.0492070411474,2017.8968002658762,2016.8920040556284,2016.8920040556284,56.0,25.0
2024-02-27 06:45:00,2016.8920040556284,2018.3185909593894,2016.3341493299947,2016.4111553737835,246.0,25.0
2024-02-27 07:00:00,2016.4111553737835,2017.2739850248968,2015.353986439412,2016.726238557393,352.0,25.0
2024-02-27 07:15:00,2016.726238557393,2019.4497896764406,2015.0113391407801,2018.727531383364,239.0,25.0
2024-02-27 07:30:00,2018.727531383364,2019.2487169729343,2012.9366365500587,2012.9366365500587,424.0,25.0
2024-02-27 07:45:00,2012.9366365500587,2012.9366365500587,2009.0668339649476,2009.0935206559607,153.0,25.0
2024-02-27 08:00:00,2009.0935206559607,2009.6895690748072,2007.9540954367749,2008.5118720105154,442.0,25.0
2024-02-27 08:15:00,2008.5118720105154,2009.7217744183808,2008.0031657526479,2008.7804990557063,257.0,25.0
2024-02-27 08:30:00,2008.7804990557063,2010.1093236932172,2008.6627800823694,2008.936842325409,357.0,25.0
2024-02-27 08:45:00,2008.936842325409,2013.7347032041794,2008.936842325409,2013.7347032041794,381.0,25.0
2024-02-27 09:00:00,2013.7347032041794,2015.5157145344492,2013.7347032041794,2015.5157145344492,305.0,25.0
2024-02-27 09:15:00,2015.5157145344492,2017.6754514047948,2014.9587081265975,2017.6754514047948,282.0,25.0
2024-02-27 09:30:00,2017.6754514047948,2019.7668738375096,2017.6754514047948,2018.3403244214699,242.0,25.0
2024-02-27 09:45:00,2018.3403244214699,2019.4820826532618,2016.9162539513397,2016.9162539513397,403.0,25.0
2024-02-27 10:00:00,2016.9162539513397,2023.0552896802797,2016.9162539513397,2023.0552896802797,266.0,25.0
2024-02-27 10:15:00,2023.0552896802797,2023.0552896802797,2020.1041597239898,2020.1041597239898,480.0,25.0
2024-02-27 10:30:00,2020.1041597239898,2020.2156428581152,2018.5777428258439,2018.5777428258439,165.0,25.0
2024-02-27 10:45:00,2018.5777428258439,2018.5777428258439,2017.1442541608385,2017.1442541608385,397.0,25.0
2024-02-27 11:00:00,2017.1442541608385,2017.4377382138782,2016.3062584251343,2017.4375399113644,338.0,25.0
2024-02-27 11:15:00,2017.4375399113644,2021.0248243451324,2017.4375399113644,2020.1198920932839,460.0,25.0
2024-02-27 11:30:00,2020.1198920932839,2021.1688140732758,2019.1809452686746,2021.1688140732758,495.0,25.0
2024-02-27 11:45:00,2021.1688140732758,2021.1688140732758,2019.7322911484894,2019.7322911484894,390.0,25.0
2024-02-27 12:00:00,2019.7322911484894,2021.1085004248343,2019.0184379674781,2019.2696216441384,242.0,25.0
2024-02-27 12:15:00,2019.2696216441384,2019.2696216441384,2017.1870919498167,2018.9130532497272,109.0,25.0
2024-02-27 12:30:00,2018.9130532497272,2018.9130532497272,2015.9943721091954,2016.9846043725258,387.0,25.0
2024-02-27 12:45:00,2016.9846043725258,2017.4874701849824,2015.5059574539248,2016.767178736608,405.0,25.0
2024-02-27 13:00:00,2016.767178736608,2021.8601873588855,2016.5936235620275,2021.8601873588855,487.0,25.0
2024-02-27 13:15:00,2021.8601873588855,2023.1349031227494,2021.4980948510556,2021.5626505324174,87.0,25.0
2024-02-27 13:30:00,2021.5626505324174,2021.7606212758983,2018.7869073201623,2018.7869073201623,428.0,25.0
2024-02-27 13:45:00,2018.7869073201623,2018.9147818979034,2013.3285970181387,2013.3285970181387,119.0,25.0
2024-02-27 14:00:00,2013.3285970181387,2015.2470128876046,2013.3285970181387,2014.5177405872787,170.0,25.0
2024-02-27 14:15:00,2014.5177405872787,2015.2902756904311,2012.5511477645016,2012.5511477645016,53.0,25.0
2024-02-27 14:30:00,2012.5511477645016,2014.21007465234,2011.211092835973,2012.5736474121186,217.0,25.0
2024-02-27 14:45:00,2012.5736474121186,2012.5736474121186,2010.8904014865202,2011.2850389927146,107.0,25.0
2024-02-27 15:00:00,2011.2850389927146,2011.2850389927146,2005.7136155524897,2005.7136155524897,226.0,25.0
2024-02-27 15:15:00,2005.7136155524897,2010.5236458988352,2005.7136155524897,2010.5236458988352,417.0,25.0
2024-02-27 15:30:00,2010.5236458988352,2010.5236458988352,2007.804131135975,2009.046433016924,304.0,25.0
2024-02-27 15:45:00,2009.046433016924,2012.2106311325729,2008.812277826205,2012.2106311325729,385.0,25.0
2024-02-27 16:00:00,2012.2106311325729,2014.823054877761,2012.2106311325729,2014.823054877761,221.0,25.0
2024-02-27 16:15:00,2014.823054877761,2018.0190422820704,2014.823054877761,2018.0190422820704,152.0,25.0
2024-02-27 16:30:00,2018.0190422820704,2019.8794145664558,2018.0190422820704,2019.8794145664558,476.0,25.0
2024-02-27 16:45:00,2019.8794145664558,2021.0458250069194,2019.1885167850032,2021.0458250069194,286.0,25.0
2024-02-27 17:00:00,2021.0458250069194,2022.288412187502,2020.1773702701562,2021.3592405648594,414.0,25.0
2024-02-27 17:15:00,2021.3592405648594,2024.1502067294186,2021.3592405648594,2022.3420635297402,470.0,25.0
2024-02-27 17:30:00,2022.3420635297402,2023.1923046460545,2021.4759706474476,2022.3734745647264,424.0,25.0
2024-02-27 17:45:00,2022.3734745647264,2022.7332347309348,2020.414296284077,2021.260578925266,485.0,25.0
2024-02-27 18:00:00,2021.260578925266,2022.2472924973122,2019.9995429667615,2019.9995429667615,93.0,25.0
2024-02-27 18:15:00,2019.9995429667615,2022.449550027703,2019.9995429667615,2022.449550027703,245.0,25.0
2024-02-27 18:30:00,2022.449550027703,2023.7227920473888,2019.4482251651318,2019.4482251651318,331.0,25.0
2024-02-27 18:45:00,2019.4482251651318,2021.1852764749658,2019.4482251651318,2019.817968677491,350.0,25.0
2024-02-27 19:00:00,2019.817968677491,2020.5831122248999,2018.0973309126248,2018.4053760056388,158.0,25.0
2024-02-27 19:15:00,2018.4053760056388,2018.9363725634057,2016.6710133150896,2018.9363725634057,420.0,25.0
2024-02-27 19:30:00,2018.9363725634057,2018.9363725634057,2015.612606285638,2015.9590638517093,265.0,25.0
2024-02-27 19:45:00,2015.9590638517093,2017.162655882246,2014.8903995817743,2017.162655882246,211.0,25.0
2024-02-27 20:00:00,2017.162655882246,2017.465319423202,2016.3162412706242,2016.818356678031,498.0,25.0
2024-02-27 20:15:00,2016.818356678031,2020.6211614248928,2016.818356678031,2020.3753754985373,492.0,25.0
2024-02-27 20:30:00,2020.3753754985373,2020.3753754985373,2017.455829418244,2017.531851646187,356.0,25.0
2024-02-27 20:45:00,2017.531851646187,2018.3916477946416,2017.531851646187,2018.3916477946416,416.0,25.0
2024-02-27 21:00:00,2018.3916477946416,2019.8644108469653,2018.2179853039224,2018.2179853039224,292.0,25.0
2024-02-27 21:15:00,2018.2179853039224,2018.2871258041744,2016.9080565560434,2017.0403052521906,453.0,25.0
2024-02-27 21:30:00,2017.0403052521906,2017.5542892573596,2016.6128513216709,2016.6128513216709,148.0,25.0
2024-02-27 21:45:00,2016.6128513216709,2019.5633257566135,2016.6128513216709,2019.5633257566135,170.0,25.0
2024-02-27 22:00:00,2019.5633257566135,2022.732629439859,2018.7134844834754,2022.732629439859,214.0,25.0
2024-02-27 22:15:00,2022.732629439859,2024.0950802157759,2021.1518444193268,2024.0950802157759,473.0,25.0
2024-02-27 22:30:00,2024.0950802157759,2026.500940374786,2024.0950802157759,2026.500940374786,332.0,25.0
2024-02-27 22:45:00,2026.500940374786,2026.500940374786,2024.7487601516982,2024.7487601516982,201.0,25.0
2024-02-27 23:00:00,2024.7487601516982,2025.8397389093354,2023.9948861689068,2025.8397389093354,361.0,25.0
2024-02-27 23:15:00,2025.8397389093354,2026.1407019047049,2024.4420970563278,2024.5507292867035,358.0,25.0
2024-02-27 23:30:00,2024.5507292867035,2025.7731196795462,2024.023377345162,2025.7731196795462,154.0,25.0
2024-02-27 23:45:00,2025.7731196795462,2029.115357574829,2025.3919595889008,2029.115357574829,403.0,25.0
2024-02-28 00:00:00,2029.115357574829,2030.6871488471654,2029.115357574829,2030.6871488471654,238.0,25.0
2024-02-28 00:15:00,2030.6871488471654,2030.6871488471654,2028.4407888591584,2028.4407888591584,96.0,25.0
2024-02-28 00:30:00,2028.4407888591584,2029.318986164673,2024.9395155287432,2024.9395155287432,231.0,25.0
2024-02-28 00:45:00,2024.9395155287432,2027.2864855472947,2024.3594151506593,2026.8371931789907,163.0,25.0
2024-02-28 01:00:00,2026.8371931789907,2027.7137091070908,2026.5084130950117,2026.5084130950117,210.0,25.0
2024-02-28 01:15:00,2026.5084130950117,2027.536200975516,2023.8760960264237,2023.8760960264237,72.0,25.0
2024-02-28 01:30:00,2023.8760960264237,2026.0751045607785,2023.8760960264237,2025.1078822427858,81.0,25.0
2024-02-28 01:45:00,2025.1078822427858,2026.2745641105676,2023.6354917070482,2026.2745641105676,455.0,25.0
2024-02-28 02:00:00,2026.2745641105676,2026.8252607510442,2024.8439478895123,2024.9268290291873,199.0,25.0
2024-02-28 02:15:00,2024.9268290291873,2024.9268290291873,2023.6425501300564,2023.7899979962801,242.0,25.0
2024-02-28 02:30:00,2023.7899979962801,2024.332402861186,2022.7994874951632,2022.7994874951632,280.0,25.0
2024-02-28 02:45:00,2022.7994874951632,2025.0809865794079,2022.7994874951632,2025.021283315229,53.0,25.0
2024-02-28 03:00:00,2025.021283315229,2026.910361785495,2025.021283315229,2026.910361785495,130.0,25.0
2024-02-28 03:15:00,2026.910361785495,2029.8299820228663,2026.910361785495,2029.8299820228663,129.0,25.0
2024-02-28 03:30:00,2029.8299820228663,2031.4733138675745,2029.2101178671692,2029.2101178671692,163.0,25.0
2024-02-28 03:45:00,2029.2101178671692,2029.4369852667628,2027.6756581346049,2027.6756581346049,279.0,25.0
2024-02-28 04:00:00,2027.6756581346049,2027.6756581346049,2025.3456011743879,2026.2068965243964,163.0,25.0
2024-02-28 04:15:00,2026.2068965243964,2026.2068965243964,2022.683738267727,2022.683738267727,77.0,25.0
2024-02-28 04:30:00,2022.683738267727,2028.0067794526187,2022.683738267727,2028.0067794526187,317.0,25.0
2024-02-28 04:45:00,2028.0067794526187,2028.8888844225048,2026.4369105610647,2026.4369105610647,112.0,25.0
2024-02-28 05:00:00,2026.4369105610647,2026.4369105610647,2021.7756473495956,2021.7756473495956,288.0,25.0
2024-02-28 05:15:00,2021.7756473495956,2021.7756473495956,2016.7978665163967,2016.7978665163967,395.0,25.0
2024-02-28 05:30:00,2016.7978665163967,2016.7978665163967,2013.416704473422,2013.416704473422,311.0,25.0
2024-02-28 05:45:00,2013.416704473422,2014.7462602643723,2012.7251527106018,2013.787440442951,480.0,25.0
2024-02-28 06:00:00,2013.787440442951,2017.861472470806,2013.787440442951,2017.3370752467663,170.0,25.0
2024-02-28 06:15:00,2017.3370752467663,2019.2244446986629,2016.2067957288389,2016.2067957288389,250.0,25.0
2024-02-28 06:30:00,2016.2067957288389,2016.2067957288389,2012.2828505815123,2013.3113547562605,409.0,25.0
2024-02-28 06:45:00,2013.3113547562605,2016.1214070955782,2012.7473570395268,2016.1214070955782,396.0,25.0
2024-02-28 07:00:00,2016.1214070955782,2018.5136649691021,2016.1214070955782,2017.0037223362383,320.0,25.0
2024-02-28 07:15:00,2017.0037223362383,2017.0037223362383,2013.5329460245073,2014.305199775226,238.0,25.0
2024-02-28 07:30:00,2014.305199775226,2014.8861002987558,2012.7054974163846,2012.934930072597,167.0,25.0
2024-02-28 07:45:00,2012.934930072597,2017.5733245340064,2012.1388829537343,2017.5733245340064,369.0,25.0
2024-02-28 08:00:00,2017.5733245340064,2017.6503678519023,2015.1883224915498,2016.0110895771118,395.0,25.0
2024-02-28 08:15:00,2016.0110895771118,2016.4636972869673,2014.0753701199358,2016.4636972869673,151.0,25.0
2024-02-28 08:30:00,2016.4636972869673,2018.8387508329954,2016.4636972869673,2017.6584504197335,332.0,25.0
2024-02-28 08:45:00,2017.6584504197335,2018.9977586005095,2017.1316274870258,2018.7296390408083,280.0,25.0
2024-02-28 09:00:00,2018.7296390408083,2020.5941898683727,2018.2017744159305,2020.5941898683727,487.0,25.0
2024-02-28 09:15:00,2020.5941898683727,2021.6447562793176,2020.3297321148063,2020.3297321148063,454.0,25.0
2024-02-28 09:30:00,2020.3297321148063,2022.5448087970046,2020.3297321148063,2022.5448087970046,176.0,25.0
2024-02-28 09:45:00,2022.5448087970046,2023.8083914466943,2021.4690641997447,2022.3484974862292,85.0,25.0
2024-02-28 10:00:00,2022.3484974862292,2023.688347759323,2021.8894509775814,2021.8894509775814,67.0,25.0
2024-02-28 10:15:00,2021.8894509775814,2023.8753380148173,2021.8894509775814,2023.6531291032409,412.0,25.0
2024-02-28 10:30:00,2023.6531291032409,2024.475315228544,2022.2828216854844,2022.2828216854844,455.0,25.0
2024-02-28 10:45:00,2022.2828216854844,2026.4241935148002,2022.2828216854844,2025.9498803566046,207.0,25.0
2024-02-28 11:00:00,2025.9498803566046,2026.9412761901278,2024.6111441635555,2025.7680674105684,491.0,25.0
2024-02-28 11:15:00,2025.7680674105684,2026.4395021002435,2023.9798752582071,2024.688144768915,84.0,25.0
2024-02-28 11:30:00,2024.688144768915,2024.688144768915,2019.744912219931,2019.744912219931,408.0,25.0
2024-02-28 11:45:00,2019.744912219931,2022.0242414343168,2017.8250019217078,2022.0242414343168,438.0,25.0
2024-02-28 12:00:00,2022.0242414343168,2022.0242414343168,2019.0806647889656,2020.2570935995107,214.0,25.0
2024-02-28 12:15:00,2020.2570935995107,2020.2570935995107,2015.2615010900802,2015.2615010900802,431.0,25.0
2024-02-28 12:30:00,2015.2615010900802,2015.2615010900802,2011.4152317112569,2012.1973244471499,474.0,25.0
2024-02-28 12:45:00,2012.1973244471499,2012.1973244471499,2009.7835439788473,2011.6515852125626,280.0,25.0
2024-02-28 13:00:00,2011.6515852125626,2013.5520106147471,2011.6515852125626,2013.1767067742248,53.0,25.0
2024-02-28 13:15:00,2013.1767067742248,2013.7019033516153,2009.9714904909588,2009.9714904909588,153.0,25.0
2024-02-28 13:30:00,2009.9714904909588,2010.9937830636197,2006.7248308730136,2006.7248308730136,167.0,25.0
2024-02-28 13:45:00,2006.7248308730136,2007.6167196766316,2006.097185606533,2006.097185606533,422.0,25.0
2024-02-28 14:00:00,2006.097185606533,2008.9887766326913,2006.097185606533,2008.651199190298,122.0,25.0
2024-02-28 14:15:00,2008.651199190298,2009.6696493067254,2006.9620886893133,2009.6696493067254,361.0,25.0
2024-02-28 14:30:00,2009.6696493067254,2012.9287643718599,2008.6673526041427,2010.9634620733123,415.0,25.0
2024-02-28 14:45:00,2010.9634620733123,2011.4026533382678,2009.7656864753321,2009.7656864753321,373.0,25.0
2024-02-28 15:00:00,2009.7656864753321,2010.9955704214478,2008.5214950686404,2010.9955704214478,248.0,25.0
2024-02-28 15:15:00,2010.9955704214478,2011.5503462196857,2009.9884939636302,2009.9884939636302,458.0,25.0
2024-02-28 15:30:00,2009.9884939636302,2009.9884939636302,2008.0856279785155,2008.0856279785155,374.0,25.0
2024-02-28 15:45:00,2008.0856279785155,2008.771966306841,2005.2509979849915,2005.2509979849915,334.0,25.0
2024-02-28 16:00:00,2005.2509979849915,2005.2715213331965,2002.6274432509433,2003.3875715303104,331.0,25.0
2024-02-28 16:15:00,2003.3875715303104,2005.5886920723071,2003.3875715303104,2004.8829343658022,157.0,25.0
2024-02-28 16:30:00,2004.8829343658022,2005.5189976449951,2004.6770911513386,2005.5189976449951,410.0,25.0
2024-02-28 16:45:00,2005.5189976449951,2007.4990735044817,2004.6430067793735,2005.326824299447,323.0,25.0
2024-02-28 17:00:00,2005.326824299447,2005.4746938770895,2004.312858350327,2004.312858350327,400.0,25.0
2024-02-28 17:15:00,2004.312858350327,2005.2598504695236,2002.136277326034,2002.136277326034,91.0,25.0
2024-02-28 17:30:00,2002.136277326034,2002.136277326034,1997.730779766304,1997.730779766304,76.0,25.0
2024-02-28 17:45:00,1997.730779766304,1997.730779766304,1993.8893582427647,1993.8893582427647,363.0,25.0
2024-02-28 18:00:00,1993.8893582427647,1996.217037352024,1993.8893582427647,1995.8636922854237,311.0,25.0
2024-02-28 18:15:00,1995.8636922854237,1996.531321664395,1994.5579363409886,1996.3740165008778,385.0,25.0
2024-02-28 18:30:00,1996.3740165008778,1998.7501954908173,1996.3740165008778,1998.1593904321546,348.0,25.0
2024-02-28 18:45:00,1998.1593904321546,1999.3785843747157,1997.870959682074,1998.423621183174,163.0,25.0
2024-02-28 19:00:00,1998.423621183174,1998.8563133456546,1997.2900831427182,1997.3843146344889,244.0,25.0
2024-02-28 19:15:00,1997.3843146344889,1997.4556336546937,1995.1288038145658,1995.1536094349947,414.0,25.0
2024-02-28 19:30:00,1995.1536094349947,1995.1536094349947,1992.7000081808305,1993.4064554333313,398.0,25.0
2024-02-28 19:45:00,1993.4064554333313,1995.2560408741933,1993.3469805426678,1995.2192443693402,72.0,25.0
2024-02-28 20:00:00,1995.2192443693402,1995.2192443693402,1991.3387411737745,1991.3387411737745,279.0,25.0
2024-02-28 20:15:00,1991.3387411737745,1991.3387411737745,1989.9171056273494,1990.0053105672637,237.0,25.0
2024-02-28 20:30:00,1990.0053105672637,1991.03507744377,1989.2812110729635,1989.8210019572537,404.0,25.0
2024-02-28 20:45:00,1989.8210019572537,1989.8888825056008,1987.9698055165093,1987.9698055165093,305.0,25.0
2024-02-28 21:00:00,1987.9698055165093,1987.9698055165093,1985.9853545205867,1986.7027320607422,414.0,25.0
2024-02-28 21:15:00,1986.7027320607422,1987.432753109872,1986.263873886437,1987.151807535632,483.0,25.0
2024-02-28 21:30:00,1987.151807535632,1988.0435950263118,1986.3180271891174,1987.0126232232374,222.0,25.0
2024-02-28 21:45:00,1987.0126232232374,1988.2210285817448,1986.6131646001695,1986.6131646001695,94.0,25.0
2024-02-28 22:00:00,1986.6131646001695,1986.6131646001695,1982.3501920220967,1982.3501920220967,179.0,25.0
2024-02-28 22:15:00,1982.3501920220967,1983.1468325826115,1980.3568531893836,1983.1468325826115,373.0,25.0
2024-02-28 22:30:00,1983.1468325826115,1984.3593833451707,1981.0736316796952,1981.0736316796952,192.0,25.0
2024-02-28 22:45:00,1981.0736316796952,1981.0736316796952,1977.4895717609163,1977.5459394377272,443.0,25.0
2024-02-28 23:00:00,1977.5459394377272,1977.772602042451,1975.5893335918447,1975.5893335918447,339.0,25.0
2024-02-28 23:15:00,1975.5893335918447,1977.294620180742,1974.8884714158319,1974.8884714158319,399.0,25.0
2024-02-28 23:30:00,1974.8884714158319,1976.0995627156171,1974.519924467781,1976.0995627156171,367.0,25.0
2024-02-28 23:45:00,1976.0995627156171,1978.5443610048048,1975.521908823204,1978.5443610048048,326.0,25.0
2024-02-29 00:00:00,1978.5443610048048,1979.9124827788798,1978.2561511302677,1979.9124827788798,263.0,25.0
2024-02-29 00:15:00,1979.9124827788798,1985.3641393967291,1979.9124827788798,1984.538689440887,250.0,25.0
2024-02-29 00:30:00,1984.538689440887,1985.9732269643553,1984.026506569837,1984.8204085379073,330.0,25.0
2024-02-29 00:45:00,1984.8204085379073,1984.8204085379073,1981.3649651057835,1981.3649651057835,121.0,25.0
2024-02-29 01:00:00,1981.3649651057835,1982.0468436199126,1979.874781574183,1979.874781574183,255.0,25.0
2024-02-29 01:15:00,1979.874781574183,1982.7526145120237,1979.874781574183,1981.8811947464173,136.0,25.0
2024-02-29 01:30:00,1981.8811947464173,1983.4814720110019,1981.8811947464173,1982.05323533995,136.0,25.0
2024-02-29 01:45:00,1982.05323533995,1982.05323533995,1978.4808722688406,1978.9424182755179,495.0,25.0
2024-02-29 02:00:00,1978.9424182755179,1979.2791505398825,1977.5924696121938,1977.5924696121938,84.0,25.0
2024-02-29 02:15:00,1977.5924696121938,1979.1452816668925,1977.4720476614805,1979.0875382931079,365.0,25.0
2024-02-29 02:30:00,1979.0875382931079,1979.4856026165237,1978.400467035728,1978.9393524464124,316.0,25.0
2024-02-29 02:45:00,1978.9393524464124,1980.1080421312183,1977.7271630707046,1977.7271630707046,304.0,25.0
2024-02-29 03:00:00,1977.7271630707046,1977.7271630707046,1974.013812801281,1974.013812801281,64.0,25.0
2024-02-29 03:15:00,1974.013812801281,1974.6300698456396,1973.8866424609785,1974.1233423773974,182.0,25.0
2024-02-29 03:30:00,1974.1233423773974,1974.8739231112095,1973.3382633372803,1973.437874897094,352.0,25.0
2024-02-29 03:45:00,1973.437874897094,1976.4696861184893,1973.437874897094,1975.872097065382,453.0,25.0
2024-02-29 04:00:00,1975.872097065382,1975.872097065382,1970.6867750442918,1970.6867750442918,126.0,25.0
2024-02-29 04:15:00,1970.6867750442918,1971.3284342837885,1970.376437770645,1971.3284342837885,78.0,25.0
2024-02-29 04:30:00,1971.3284342837885,1971.4481950447953,1969.0843334999433,1969.0843334999433,342.0,25.0
2024-02-29 04:45:00,1969.0843334999433,1971.6168354097833,1968.3916992140605,1970.64523697087,498.0,25.0
2024-02-29 05:00:00,1970.64523697087,1971.6800885800938,1970.4384562988737,1971.2837713558374,103.0,25.0
2024-02-29 05:15:00,1971.2837713558374,1974.6303683512504,1971.2837713558374,1973.9219640654558,309.0,25.0
2024-02-29 05:30:00,1973.9219640654558,1974.9655586200943,1971.7046737671806,1972.0912392647963,363.0,25.0
2024-02-29 05:45:00,1972.0912392647963,1972.9595783109232,1969.5194778611678,1970.9812475924377,402.0,25.0
2024-02-29 06:00:00,1970.9812475924377,1974.4970668697358,1970.774883509157,1974.4970668697358,354.0,25.0
2024-02-29 06:15:00,1974.4970668697358,1974.4970668697358,1972.2461817873077,1973.4896275726387,135.0,25.0
2024-02-29 06:30:00,1973.4896275726387,1975.084146358692,1973.2446193749024,1975.084146358692,351.0,25.0
2024-02-29 06:45:00,1975.084146358692,1975.084146358692,1972.5635251627173,1972.5635251627173,456.0,25.0
2024-02-29 07:00:00,1972.5635251627173,1973.8897827611597,1971.8299557680032,1972.6055109432973,159.0,25.0
2024-02-29 07:15:00,1972.6055109432973,1973.2824563451445,1971.5693714272318,1973.2824563451445,332.0,25.0
2024-02-29 07:30:00,1973.2824563451445,1974.8388962327542,1973.0977129792698,1974.6629366405455,205.0,25.0
2024-02-29 07:45:00,1974.6629366405455,1975.530559526842,1974.2556913807002,1975.1748540403903,342.0,25.0
2024-02-29 08:00:00,1975.1748540403903,1978.2802375774668,1975.1748540403903,1978.2802375774668,167.0,25.0
2024-02-29 08:15:00,1978.2802375774668,1979.150892298215,1977.3283614897132,1979.1259494851402,373.0,25.0
2024-02-29 08:30:00,1979.1259494851402,1980.9103886554153,1979.1259494851402,1980.3272441766564,326.0,25.0
2024-02-29 08:45:00,1980.3272441766564,1980.6345282692039,1977.3249845156963,1977.3249845156963,365.0,25.0
2024-02-29 09:00:00,1977.3249845156963,1980.9040570930622,1977.3249845156963,1980.9040570930622,52.0,25.0
2024-02-29 09:15:00,1980.9040570930622,1983.1544739486358,1980.5932951824764,1980.5932951824764,489.0,25.0
2024-02-29 09:30:00,1980.5932951824764,1980.5932951824764,1978.6888241438437,1978.9584155303212,319.0,25.0
2024-02-29 09:45:00,1978.9584155303212,1981.3062623862068,1978.0170901333195,1981.3062623862068,186.0,25.0
2024-02-29 10:00:00,1981.3062623862068,1982.0455898005464,1981.0368974633739,1982.0455898005464,454.0,25.0
2024-02-29 10:15:00,1982.0455898005464,1982.149139693649,1980.760373856726,1982.149139693649,320.0,25.0
2024-02-29 10:30:00,1982.149139693649,1984.3041870989684,1981.4571646637535,1982.5003807278295,57.0,25.0
2024-02-29 10:45:00,1982.5003807278295,1984.1976901297608,1982.3358666822442,1983.434152191002,309.0,25.0
2024-02-29 11:00:00,1983.434152191002,1985.0018090195044,1983.434152191002,1984.5389083426746,96.0,25.0
2024-02-29 11:15:00,1984.5389083426746,1984.9572387820494,1983.2568070039104,1983.5819079650037,100.0,25.0
2024-02-29 11:30:00,1983.5819079650037,1985.6877324391382,1983.2468749084333,1983.2468749084333,208.0,25.0
2024-02-29 11:45:00,1983.2468749084333,1984.5141215942408,1981.984974681466,1983.2681360285928,484.0,25.0
2024-02-29 12:00:00,1983.2681360285928,1985.0875156014058,1982.6191464590163,1982.6191464590163,480.0,25.0
2024-02-29 12:15:00,1982.6191464590163,1982.7368187652019,1980.233752870325,1980.7020452825377,230.0,25.0
2024-02-29 12:30:00,1980.7020452825377,1984.7422760184559,1980.2336270842113,1984.7422760184559,439.0,25.0
2024-02-29 12:45:00,1984.7422760184559,1984.7422760184559,1982.5044224782355,1984.496736907639,72.0,25.0
2024-02-29 13:00:00,1984.496736907639,1984.496736907639,1981.727245968564,1981.727245968564,168.0,25.0
2024-02-29 13:15:00,1981.727245968564,1982.9722962902351,1980.980239658483,1982.9722962902351,481.0,25.0
2024-02-29 13:30:00,1982.9722962902351,1983.8659726337607,1981.516275127934,1982.9592851447003,364.0,25.0
2024-02-29 13:45:00,1982.9592851447003,1984.9995353820254,1982.0006523310522,1982.0006523310522,326.0,25.0
2024-02-29 14:00:00,1982.0006523310522,1983.9843821412353,1980.7233586422149,1983.9843821412353,83.0,25.0
2024-02-29 14:15:00,1983.9843821412353,1986.554036570543,1983.9397903935162,1985.661299234197,272.0,25.0
2024-02-29 14:30:00,1985.661299234197,1986.5326822910315,1985.1998991613464,1985.3207044942376,483.0,25.0
2024-02-29 14:45:00,1985.3207044942376,1985.766637932583,1983.3704131793975,1985.766637932583,492.0,25.0
2024-02-29 15:00:00,1985.766637932583,1986.10501907381,1984.600454022701,1985.725041456694,134.0,25.0
2024-02-29 15:15:00,1985.725041456694,1987.6868755820867,1985.455237675846,1986.7402543762503,383.0,25.0
2024-02-29 15:30:00,1986.7402543762503,1987.0712784742716,1985.2044178430313,1987.0712784742716,425.0,25.0
2024-02-29 15:45:00,1987.0712784742716,1992.1966598531042,1987.0712784742716,1992.1966598531042,410.0,25.0
2024-02-29 16:00:00,1992.1966598531042,1992.5928525316929,1991.1466601514542,1992.351101907803,61.0,25.0
2024-02-29 16:15:00,1992.351101907803,1992.351101907803,1988.1106230701357,1988.1106230701357,345.0,25.0
2024-02-29 16:30:00,1988.1106230701357,1988.1106230701357,1985.8465279010913,1985.8465279010913,372.0,25.0
2024-02-29 16:45:00,1985.8465279010913,1987.376232088897,1985.8465279010913,1986.465031801576,198.0,25.0
2024-02-29 17:00:00,1986.465031801576,1987.0958676868095,1985.4133644828908,1986.5241334312784,370.0,25.0
2024-02-29 17:15:00,1986.5241334312784,1986.5241334312784,1984.0233984953963,1985.7658290296074,359.0,25.0
2024-02-29 17:30:00,1985.7658290296074,1985.7658290296074,1984.6489152918934,1985.64278315068,492.0,25.0
2024-02-29 17:45:00,1985.64278315068,1985.64278315068,1983.0000668948198,1983.9643401489157,497.0,25.0
2024-02-29 18:00:00,1983.9643401489157,1985.2512606854048,1983.1189352347808,1984.3564894418391,165.0,25.0
2024-02-29 18:15:00,1984.3564894418391,1984.3703472123063,1982.8352281078062,1984.3703472123063,128.0,25.0
2024-02-29 18:30:00,1984.3703472123063,1984.8569821438873,1984.3703472123063,1984.8569821438873,213.0,25.0
2024-02-29 18:45:00,1984.8569821438873,1988.0211679805202,1984.8569821438873,1987.352856661909,61.0,25.0
2024-02-29 19:00:00,1987.352856661909,1987.640523548874,1986.5318247211233,1986.617155783922,57.0,25.0
2024-02-29 19:15:00,1986.617155783922,1986.617155783922,1983.0908014399363,1984.470060902723,413.0,25.0
2024-02-29 19:30:00,1984.470060902723,1984.470060902723,1980.5902056609702,1980.5902056609702,185.0,25.0
2024-02-29 19:45:00,1980.5902056609702,1983.728454538605,1980.5902056609702,1981.7254164429885,91.0,25.0
2024-02-29 20:00:00,1981.7254164429885,1983.014118291528,1981.5604152588305,1982.6283966257015,148.0,25.0
2024-02-29 20:15:00,1982.6283966257015,1982.953834482678,1980.0453570500774,1980.0453570500774,339.0,25.0
2024-02-29 20:30:00,1980.0453570500774,1980.0453570500774,1976.8451188194856,1977.9148763755761,287.0,25.0
2024-02-29 20:45:00,1977.9148763755761,1979.3396436111059,1977.5958075621943,1979.2803253787185,410.0,25.0
2024-02-29 21:00:00,1979.2803253787185,1980.0715716797745,1978.2361255360584,1978.2361255360584,456.0,25.0
2024-02-29 21:15:00,1978.2361255360584,1980.382623064876,1978.2361255360584,1979.8883767920447,255.0,25.0
2024-02-29 21:30:00,1979.8883767920447,1981.724395235627,1979.8883767920447,1981.724395235627,242.0,25.0
2024-02-29 21:45:00,1981.724395235627,1982.4657457324026,1981.252277536762,1981.9443627171663,106.0,25.0
2024-02-29 22:00:00,1981.9443627171663,1982.118837140907,1980.7994056284265,1981.5016063999776,359.0,25.0
2024-02-29 22:15:00,1981.5016063999776,1981.6187263705351,1978.766516248321,1978.766516248321,158.0,25.0
2024-02-29 22:30:00,1978.766516248321,1980.1565204407877,1977.9090696175783,1977.9090696175783,221.0,25.0
2024-02-29 22:45:00,1977.9090696175783,1979.8095201538877,1977.825905731158,1979.3797041850864,56.0,25.0
2024-02-29 23:00:00,1979.3797041850864,1983.7157988246015,1979.3797041850864,1983.3625186690383,461.0,25.0
2024-02-29 23:15:00,1983.3625186690383,1986.0388170161116,1982.9130607569307,1986.0388170161116,280.0,25.0
2024-02-29 23:30:00,1986.0388170161116,1987.0467347298577,1985.6207512905644,1985.6207512905644,381.0,25.0
2024-02-29 23:45:00,1985.6207512905644,1986.4650219728828,1985.3192902333537,1985.3192902333537,294.0,25.0
2024-03-01 00:00:00,1985.3192902333537,1987.1328431162633,1984.623200024501,1984.623200024501,317.0,25.0
2024-03-01 00:15:00,1984.623200024501,1988.8327101286577,1984.623200024501,1986.3158565281565,328.0,25.0
2024-03-01 00:30:00,1986.3158565281565,1986.3158565281565,1983.5930282523052,1984.4173611128192,287.0,25.0
2024-03-01 00:45:00,1984.4173611128192,1985.3040052310637,1981.712292754646,1981.712292754646,220.0,25.0
2024-03-01 01:00:00,1981.712292754646,1984.7985227823299,1981.712292754646,1983.3023103748533,154.0,25.0
2024-03-01 01:15:00,1983.3023103748533,1988.5654516772136,1983.3023103748533,1988.5654516772136,292.0,25.0
2024-03-01 01:30:00,1988.5654516772136,1988.5654516772136,1984.9385939229553,1985.524970422372,168.0,25.0
2024-03-01 01:45:00,1985.524970422372,1987.5885524523674,1985.524970422372,1987.5885524523674,228.0,25.0
2024-03-01 02:00:00,1987.5885524523674,1987.5885524523674,1985.0083265021767,1985.4624128690828,463.0,25.0
2024-03-01 02:15:00,1985.4624128690828,1986.5439103738488,1985.0057130244663,1985.8944663738914,402.0,25.0
2024-03-01 02:30:00,1985.8944663738914,1985.8944663738914,1983.7336967903998,1983.7336967903998,244.0,25.0
2024-03-01 02:45:00,1983.7336967903998,1984.9581554913843,1983.3595447353314,1984.9581554913843,381.0,25.0
2024-03-01 03:00:00,1984.9581554913843,1985.8511442612598,1983.6718229997662,1983.6718229997662,167.0,25.0
2024-03-01 03:15:00,1983.6718229997662,1984.1237220761932,1983.1875330839678,1984.1093921765516,88.0,25.0
2024-03-01 03:30:00,1984.1093921765516,1985.043359145801,1983.7434509114057,1985.043359145801,268.0,25.0
2024-03-01 03:45:00,1985.043359145801,1988.1980999702453,1985.043359145801,1988.1980999702453,56.0,25.0
2024-03-01 04:00:00,1988.1980999702453,1989.2262673940038,1988.1980999702453,1988.6835639138199,293.0,25.0
2024-03-01 04:15:00,1988.6835639138199,1988.6835639138199,1985.795095286087,1986.4525083597405,417.0,25.0
2024-03-01 04:30:00,1986.4525083597405,1987.1308813784876,1984.6640538336198,1985.6706693811625,196.0,25.0
2024-03-01 04:45:00,1985.6706693811625,1988.5792628596053,1985.6706693811625,1988.2648454729122,246.0,25.0
2024-03-01 05:00:00,1988.2648454729122,1989.9204194453048,1987.4445968274551,1989.9204194453048,211.0,25.0
2024-03-01 05:15:00,1989.9204194453048,1991.6643899700377,1989.9204194453048,1991.4298664673597,461.0,25.0
2024-03-01 05:30:00,1991.4298664673597,1992.3864242090249,1989.5899553891052,1989.5899553891052,216.0,25.0
2024-03-01 05:45:00,1989.5899553891052,1990.3487370538141,1988.8974783489011,1990.3487370538141,387.0,25.0
2024-03-01 06:00:00,1990.3487370538141,1992.2760788648247,1990.3487370538141,1992.137495864438,68.0,25.0
2024-03-01 06:15:00,1992.137495864438,1993.2718278334014,1991.8093835333784,1992.8153883073285,484.0,25.0
2024-03-01 06:30:00,1992.8153883073285,1992.8269298304733,1991.004575090396,1991.2386097864696,441.0,25.0
2024-03-01 06:45:00,1991.2386097864696,1992.455330678758,1990.8122826495555,1992.455330678758,487.0,25.0
2024-03-01 07:00:00,1992.455330678758,1995.0638891904184,1992.455330678758,1995.0638891904184,314.0,25.0
2024-03-01 07:15:00,1995.0638891904184,1998.6638200423781,1995.0037376714831,1998.6638200423781,71.0,25.0
2024-03-01 07:30:00,1998.6638200423781,1999.7545370682024,1998.2022499280204,1999.7545370682024,497.0,25.0
2024-03-01 07:45:00,1999.7545370682024,2001.3582219045472,1998.701937069496,2001.3582219045472,51.0,25.0
2024-03-01 08:00:00,2001.3582219045472,2003.711496505799,1999.6244671919867,2003.591967674889,463.0,25.0
2024-03-01 08:15:00,2003.591967674889,2003.591967674889,2000.1033076736182,2000.1033076736182,118.0,25.0
2024-03-01 08:30:00,2000.1033076736182,2003.8831442681085,2000.1033076736182,2003.8831442681085,108.0,25.0
2024-03-01 08:45:00,2003.8831442681085,2005.476320294643,2003.8831442681085,2005.0440742785825,378.0,25.0
2024-03-01 09:00:00,2005.0440742785825,2007.257718176742,2005.0440742785825,2007.257718176742,429.0,25.0
2024-03-01 09:15:00,2007.257718176742,2009.3024539154637,2006.8987927625312,2008.790490069823,454.0,25.0
2024-03-01 09:30:00,2008.790490069823,2010.2987395676332,2008.4989392267814,2008.4989392267814,418.0,25.0
2024-03-01 09:45:00,2008.4989392267814,2009.603739268688,2008.4265201890107,2008.4707875614342,172.0,25.0
2024-03-01 10:00:00,2008.4707875614342,2011.0284197405274,2008.459891457319,2009.6086459829326,102.0,25.0
2024-03-01 10:15:00,2009.6086459829326,2009.6086459829326,2007.3110580744155,2007.3110580744155,176.0,25.0
2024-03-01 10:30:00,2007.3110580744155,2008.047527058135,2006.051135872345,2008.047527058135,120.0,25.0
2024-03-01 10:45:00,2008.047527058135,2009.2266863606783,2007.7377428640423,2007.7377428640423,382.0,25.0
2024-03-01 11:00:00,2007.7377428640423,2007.7782763236737,2004.7833784217867,2007.7782763236737,174.0,25.0
2024-03-01 11:15:00,2007.7782763236737,2009.0459957742787,2006.9677635276153,2007.7890830352674,65.0,25.0
2024-03-01 11:30:00,2007.7890830352674,2009.4646387063103,2007.7053253310178,2007.9174422297397,86.0,25.0
2024-03-01 11:45:00,2007.9174422297397,2008.7299415296598,2007.2504695748855,2007.9317313223175,119.0,25.0
2024-03-01 12:00:00,2007.9317313223175,2008.540022364917,2007.2999613217455,2008.540022364917,492.0,25.0
2024-03-01 12:15:00,2008.540022364917,2009.5066880985405,2008.0020311542833,2008.960786329474,61.0,25.0
2024-03-01 12:30:00,2008.960786329474,2009.087976477973,2007.8446283481599,2008.5868209869955,454.0,25.0
2024-03-01 12:45:00,2008.5868209869955,2013.609102725861,2008.5868209869955,2013.609102725861,299.0,25.0
2024-03-01 13:00:00,2013.609102725861,2014.8055103643842,2012.4912311384173,2012.4912311384173,52.0,25.0
2024-03-01 13:15:00,2012.4912311384173,2017.8550927604301,2012.4912311384173,2017.8550927604301,455.0,25.0
2024-03-01 13:30:00,2017.8550927604301,2018.4894050139958,2016.391101871585,2018.1350427887542,233.0,25.0
2024-03-01 13:45:00,2018.1350427887542,2019.1176963559221,2016.3887859249269,2016.4768434872449,329.0,25.0
2024-03-01 14:00:00,2016.4768434872449,2018.9718391370395,2016.4768434872449,2018.58361506218,320.0,25.0
2024-03-01 14:15:00,2018.58361506218,2019.1828914525654,2017.0588930795507,2017.0588930795507,162.0,25.0
2024-03-01 14:30:00,2017.0588930795507,2017.5336916506255,2015.378591787268,2016.6440322892763,165.0,25.0
2024-03-01 14:45:00,2016.6440322892763,2016.6440322892763,2014.087103703013,2014.087103703013,154.0,25.0
2024-03-01 15:00:00,2014.087103703013,2014.1412450692048,2010.1086788497191,2010.8363751691084,270.0,25.0
2024-03-01 15:15:00,2010.8363751691084,2010.8363751691084,2008.359539413821,2008.359539413821,208.0,25.0
2024-03-01 15:30:00,2008.359539413821,2008.3675714325036,2005.6642181090024,2005.6642181090024,379.0,25.0
2024-03-01 15:45:00,2005.6642181090024,2005.6775816519355,2004.2674778059109,2004.4727497244317,236.0,25.0
2024-03-01 16:00:00,2004.4727497244317,2005.4817993369968,2004.4727497244317,2005.2293716318372,377.0,25.0
2024-03-01 16:15:00,2005.2293716318372,2006.5986928641908,2005.2293716318372,2006.210327080716,298.0,25.0
2024-03-01 16:30:00,2006.210327080716,2007.7066207081507,2005.849772143656,2007.7066207081507,391.0,25.0
2024-03-01 16:45:00,2007.7066207081507,2010.338215607396,2007.7066207081507,2009.5195859999508,281.0,25.0
2024-03-01 17:00:00,2009.5195859999508,2011.7337989747211,2009.5195859999508,2011.5230149517483,76.0,25.0
2024-03-01 17:15:00,2011.5230149517483,2011.5230149517483,2009.3156777835056,2010.3348239376835,148.0,25.0
2024-03-01 17:30:00,2010.3348239376835,2012.5690868039899,2010.3348239376835,2012.5690868039899,488.0,25.0
2024-03-01 17:45:00,2012.5690868039899,2013.7064193273618,2012.31962320509,2013.7064193273618,266.0,25.0
2024-03-01 18:00:00,2013.7064193273618,2014.1165692810641,2012.815216225844,2013.13610006158,451.0,25.0
2024-03-01 18:15:00,2013.13610006158,2013.4266922932716,2012.8888122240062,2012.9382000971204,493.0,25.0
2024-03-01 18:30:00,2012.9382000971204,2013.5022550941912,2010.9279234268333,2013.5022550941912,470.0,25.0
2024-03-01 18:45:00,2013.5022550941912,2014.9455382848214,2013.470927303923,2014.3554118667855,298.0,25.0
2024-03-01 19:00:00,2014.3554118667855,2017.038818076749,2014.3554118667855,2016.9661283727476,233.0,25.0
2024-03-01 19:15:00,2016.9661283727476,2016.9661283727476,2015.209119818834,2016.604941000486,338.0,25.0
2024-03-01 19:30:00,2016.604941000486,2017.9536026582587,2016.604941000486,2017.7265881207013,182.0,25.0
2024-03-01 19:45:00,2017.7265881207013,2019.6162097503675,2017.7265881207013,2019.434145066894,241.0,25.0
2024-03-01 20:00:00,2019.434145066894,2020.47739939593,2018.6013408997676,2019.9117241939512,466.0,25.0
2024-03-01 20:15:00,2019.9117241939512,2019.9117241939512,2017.6942936400555,2018.909348456093,330.0,25.0
2024-03-01 20:30:00,2018.909348456093,2021.2032695797284,2018.909348456093,2020.8943457869077,432.0,25.0
2024-03-01 20:45:00,2020.8943457869077,2021.497730911368,2020.1419700705953,2020.622041380297,116.0,25.0
2024-03-01 21:00:00,2020.622041380297,2021.9599172756264,2018.8550768802763,2018.8550768802763,294.0,25.0
2024-03-01 21:15:00,2018.8550768802763,2018.8550768802763,2017.035624445468,2017.3062953399165,53.0,25.0
2024-03-01 21:30:00,2017.3062953399165,2017.8828087119014,2016.4003253345754,2017.5137596069578,392.0,25.0
2024-03-01 21:45:00,2017.5137596069578,2019.4188260401143,2017.5137596069578,2019.1323125393208,348.0,25.0
2024-03-01 22:00:00,2019.1323125393208,2022.545701802488,2018.3134657228288,2022.545701802488,407.0,25.0
2024-03-01 22:15:00,2022.545701802488,2023.2374799551465,2021.7003316653538,2023.2374799551465,90.0,25.0
2024-03-01 22:30:00,2023.2374799551465,2023.2374799551465,2021.1100357857486,2021.763380720073,259.0,25.0
2024-03-01 22:45:00,2021.763380720073,2026.6226193637958,2021.763380720073,2025.2884556049,132.0,25.0
2024-03-01 23:00:00,2025.2884556049,2025.3847002821465,2024.8380477887988,2025.3847002821465,309.0,25.0
2024-03-01 23:15:00,2025.3847002821465,2026.3652718616027,2024.320467545863,2024.320467545863,218.0,25.0
2024-03-01 23:30:00,2024.320467545863,2027.875246563048,2024.320467545863,2026.8956279801757,108.0,25.0
2024-03-01 23:45:00,2026.8956279801757,2027.941343711864,2025.4567251229007,2027.941343711864,214.0,25.0
2024-03-04 00:00:00,2027.941343711864,2029.1709014780815,2027.941343711864,2029.1709014780815,447.0,25.0
2024-03-04 00:15:00,2029.1709014780815,2030.7841580918953,2028.4131089652537,2029.4401021422148,266.0,25.0
2024-03-04 00:30:00,2029.4401021422148,2031.4031997823975,2029.4401021422148,2031.4031997823975,334.0,25.0
2024-03-04 00:45:00,2031.4031997823975,2032.3184560029063,2029.9272964003233,2030.8701051816904,487.0,25.0
2024-03-04 01:00:00,2030.8701051816904,2032.8090522470382,2030.3309926582453,2032.6607204574393,165.0,25.0
2024-03-04 01:15:00,2032.6607204574393,2032.6607204574393,2031.202226557401,2032.309765064098,383.0,25.0
2024-03-04 01:30:00,2032.309765064098,2036.6461189412678,2032.309765064098,2036.519338561443,300.0,25.0
2024-03-04 01:45:00,2036.519338561443,2036.591625297126,2034.6469514523587,2034.6469514523587,154.0,25.0
2024-03-04 02:00:00,2034.6469514523587,2035.6655649999245,2033.2343818320994,2033.2343818320994,437.0,25.0
2024-03-04 02:15:00,2033.2343818320994,2033.2343818320994,2028.344234580022,2028.6968032050665,88.0,25.0
2024-03-04 02:30:00,2028.6968032050665,2031.7894170807542,2028.6968032050665,2030.7923803743995,313.0,25.0
2024-03-04 02:45:00,2030.7923803743995,2033.369725633411,2027.8638830088526,2033.369725633411,320.0,25.0
2024-03-04 03:00:00,2033.369725633411,2034.3824721319588,2032.656505241044,2034.3824721319588,468.0,25.0
2024-03-04 03:15:00,2034.3824721319588,2034.3824721319588,2033.3622996451531,2033.3622996451531,383.0,25.0
2024-03-04 03:30:00,2033.3622996451531,2037.6939403136437,2033.3622996451531,2037.438151457019,468.0,25.0
2024-03-04 03:45:00,2037.438151457019,2039.4873773618967,2037.438151457019,2039.4873773618967,227.0,25.0
2024-03-04 04:00:00,2039.4873773618967,2044.564002510633,2039.3903393649555,2043.8262025491733,142.0,25.0
2024-03-04 04:15:00,2043.8262025491733,2044.6354586262921,2042.3404138206902,2042.509497981276,462.0,25.0
2024-03-04 04:30:00,2042.509497981276,2044.178995132062,2041.4291599443318,2041.4291599443318,398.0,25.0
2024-03-04 04:45:00,2041.4291599443318,2041.4291599443318,2039.9636761463814,2040.0986022813365,457.0,25.0
2024-03-04 05:00:00,2040.0986022813365,2041.86879632341,2039.2593505954253,2039.9366874088255,137.0,25.0
2024-03-04 05:15:00,2039.9366874088255,2042.612779379118,2039.9366874088255,2040.9033818175892,104.0,25.0
2024-03-04 05:30:00,2040.9033818175892,2040.9033818175892,2039.0951572568163,2040.1990402476192,326.0,25.0
2024-03-04 05:45:00,2040.1990402476192,2044.904167314668,2040.1990402476192,2044.904167314668,146.0,25.0
2024-03-04 06:00:00,2044.904167314668,2044.904167314668,2043.062059029098,2043.5443463713502,171.0,25.0
2024-03-04 06:15:00,2043.5443463713502,2044.9821765269487,2043.442197373376,2044.9821765269487,232.0,25.0
2024-03-04 06:30:00,2044.9821765269487,2044.9821765269487,2042.8494164247165,2042.8494164247165,465.0,25.0
2024-03-04 06:45:00,2042.8494164247165,2043.4227050874915,2041.6234137153538,2041.6234137153538,103.0,25.0
2024-03-04 07:00:00,2041.6234137153538,2043.6525426043108,2041.6234137153538,2043.6525426043108,315.0,25.0
2024-03-04 07:15:00,2043.6525426043108,2043.6525426043108,2040.5455084216965,2040.5455084216965,391.0,25.0
2024-03-04 07:30:00,2040.5455084216965,2040.5455084216965,2034.3668588701064,2034.3668588701064,186.0,25.0
2024-03-04 07:45:00,2034.3668588701064,2034.3776272542923,2032.9266525148,2033.6996408417453,353.0,25.0
2024-03-04 08:00:00,2033.6996408417453,2037.8857976342574,2033.6996408417453,2035.8871324048253,67.0,25.0
2024-03-04 08:15:00,2035.8871324048253,2037.9976247300053,2035.5325016077766,2037.9976247300053,107.0,25.0
2024-03-04 08:30:00,2037.9976247300053,2039.2751115884173,2036.2149360276019,2037.3197373751009,355.0,25.0
2024-03-04 08:45:00,2037.3197373751009,2037.3197373751009,2033.1574112947415,2033.9797170513436,189.0,25.0
2024-03-04 09:00:00,2033.9797170513436,2036.343420655779,2033.2011999057063,2036.343420655779,52.0,25.0
2024-03-04 09:15:00,2036.343420655779,2036.9539525281298,2033.320856699343,2033.320856699343,208.0,25.0
2024-03-04 09:30:00,2033.320856699343,2034.1286646483736,2031.3293936179193,2032.645058756143,101.0,25.0
2024-03-04 09:45:00,2032.645058756143,2032.7261877916264,2031.7037238770056,2031.7291165712968,195.0,25.0
2024-03-04 10:00:00,2031.7291165712968,2036.3004608290705,2031.7291165712968,2034.2497282424054,273.0,25.0
2024-03-04 10:15:00,2034.2497282424054,2034.2497282424054,2030.6255556777694,2030.6255556777694,60.0,25.0
2024-03-04 10:30:00,2030.6255556777694,2031.5044292987789,2030.402751838065,2030.6636650928574,164.0,25.0
2024-03-04 10:45:00,2030.6636650928574,2030.6636650928574,2027.6024492821068,2029.3070625762261,97.0,25.0
2024-03-04 11:00:00,2029.3070625762261,2030.6162134865533,2028.536262166403,2029.275333474551,160.0,25.0
2024-03-04 11:15:00,2029.275333474551,2030.3782331280272,2028.8886556354378,2030.3782331280272,121.0,25.0
2024-03-04 11:30:00,2030.3782331280272,2030.4944712954025,2029.3299275121676,2029.927186620652,224.0,25.0
2024-03-04 11:45:00,2029.927186620652,2034.2315917895319,2029.6777744206963,2034.2315917895319,81.0,25.0
2024-03-04 12:00:00,2034.2315917895319,2034.7218138759788,2033.650536992307,2033.650536992307,422.0,25.0
2024-03-04 12:15:00,2033.650536992307,2033.650536992307,2031.6615984381403,2031.7475647136007,438.0,25.0
2024-03-04 12:30:00,2031.7475647136007,2031.7475647136007,2030.8494852650167,2031.571579499956,465.0,25.0
2024-03-04 12:45:00,2031.571579499956,2031.8950659548548,2030.7460098620911,2031.8950659548548,289.0,25.0
2024-03-04 13:00:00,2031.8950659548548,2032.3778667963577,2031.2553113459317,2031.417288380354,434.0,25.0
2024-03-04 13:15:00,2031.417288380354,2031.417288380354,2029.029897590601,2029.0808867112278,158.0,25.0
2024-03-04 13:30:00,2029.0808867112278,2030.4145386717712,2029.006579738617,2030.4145386717712,174.0,25.0
2024-03-04 13:45:00,2030.4145386717712,2032.1227863700437,2030.4145386717712,2031.3793410586961,245.0,25.0
2024-03-04 14:00:00,2031.3793410586961,2031.3793410586961,2027.4507857479084,2027.4507857479084,227.0,25.0
2024-03-04 14:15:00,2027.4507857479084,2030.2261799262526,2027.4054426118732,2029.5540100986902,304.0,25.0
2024-03-04 14:30:00,2029.5540100986902,2030.4586254684139,2028.83482707668,2028.83482707668,66.0,25.0
2024-03-04 14:45:00,2028.83482707668,2028.83482707668,2024.357016547747,2024.357016547747,146.0,25.0
2024-03-04 15:00:00,2024.357016547747,2025.8383336129607,2024.3106569292017,2025.8383336129607,282.0,25.0
2024-03-04 15:15:00,2025.8383336129607,2029.1374916428128,2025.8383336129607,2028.1863712901545,319.0,25.0
2024-03-04 15:30:00,2028.1863712901545,2031.8953564328351,2028.1863712901545,2031.8953564328351,126.0,25.0
2024-03-04 15:45:00,2031.8953564328351,2034.1282535125665,2031.848460788409,2034.1282535125665,470.0,25.0
2024-03-04 16:00:00,2034.1282535125665,2034.1282535125665,2032.4079914149265,2033.2839085378193,118.0,25.0
2024-03-04 16:15:00,2033.2839085378193,2033.5971155839259,2032.1552093537687,2032.1552093537687,116.0,25.0
2024-03-04 16:30:00,2032.1552093537687,2035.6007217299139,2032.1552093537687,2035.1058320191808,161.0,25.0
2024-03-04 16:45:00,2035.1058320191808,2035.8328682729034,2034.6204913760594,2035.3081291566787,300.0,25.0
2024-03-04 17:00:00,2035.3081291566787,2035.3081291566787,2033.0614904254774,2033.0614904254774,83.0,25.0
2024-03-04 17:15:00,2033.0614904254774,2035.0743354243039,2033.0614904254774,2034.3110126987249,142.0,25.0
2024-03-04 17:30:00,2034.3110126987249,2034.781063502927,2033.3017036375654,2034.1003300145435,140.0,25.0
2024-03-04 17:45:00,2034.1003300145435,2034.1003300145435,2030.2110019904412,2030.5093371056403,62.0,25.0
2024-03-04 18:00:00,2030.5093371056403,2032.8832202327403,2030.0842142002698,2032.8832202327403,305.0,25.0
2024-03-04 18:15:00,2032.8832202327403,2036.586647350187,2032.6351437610208,2035.8234836009362,462.0,25.0
2024-03-04 18:30:00,2035.8234836009362,2036.3016015230337,2035.3138417121495,2035.7318113078625,197.0,25.0
2024-03-04 18:45:00,2035.7318113078625,2038.9682182838478,2035.1352170387668,2038.08038639079,309.0,25.0
2024-03-04 19:00:00,2038.08038639079,2038.08038639079,2035.6876523957499,2036.9288190671607,396.0,25.0
2024-03-04 19:15:00,2036.9288190671607,2037.3862997100205,2035.8448211086366,2037.3862997100205,260.0,25.0
2024-03-04 19:30:00,2037.3862997100205,2037.3862997100205,2035.047189553963,2035.6032817329437,291.0,25.0
2024-03-04 19:45:00,2035.6032817329437,2041.0301136861656,2035.6032817329437,2041.0301136861656,123.0,25.0
2024-03-04 20:00:00,2041.0301136861656,2041.0301136861656,2037.554502784023,2037.554502784023,276.0,25.0
2024-03-04 20:15:00,2037.554502784023,2039.3361037324973,2036.754288066274,2039.3361037324973,214.0,25.0
2024-03-04 20:30:00,2039.3361037324973,2039.3361037324973,2033.8275217620849,2033.8275217620849,166.0,25.0
2024-03-04 20:45:00,2033.8275217620849,2034.6396161617747,2032.4186356350956,2034.6396161617747,413.0,25.0
2024-03-04 21:00:00,2034.6396161617747,2035.5508745175812,2031.8271848696943,2031.8271848696943,470.0,25.0
2024-03-04 21:15:00,2031.8271848696943,2034.9276552136153,2031.8271848696943,2033.659825456876,207.0,25.0
2024-03-04 21:30:00,2033.659825456876,2035.5658084517434,2032.8968591863716,2032.8968591863716,486.0,25.0
2024-03-04 21:45:00,2032.8968591863716,2035.2943135525475,2031.631343907374,2031.631343907374,383.0,25.0
2024-03-04 22:00:00,2031.631343907374,2036.7612547777637,2031.631343907374,2036.7612547777637,69.0,25.0
2024-03-04 22:15:00,2036.7612547777637,2037.507510993716,2036.1363412595126,2036.1363412595126,324.0,25.0
2024-03-04 22:30:00,2036.1363412595126,2036.7069745826304,2035.3983863238695,2035.3983863238695,382.0,25.0
2024-03-04 22:45:00,2035.3983863238695,2035.5192992729571,2034.4515317804564,2035.5192992729571,491.0,25.0
2024-03-04 23:00:00,2035.5192992729571,2035.5192992729571,2033.75298286272,2035.2051503182847,275.0,25.0
2024-03-04 23:15:00,2035.2051503182847,2035.68826431379,2033.5713381804476,2034.2323234852856,271.0,25.0
2024-03-04 23:30:00,2034.2323234852856,2035.5622027115235,2033.804520101531,2035.5622027115235,69.0,25.0
2024-03-04 23:45:00,2035.5622027115235,2037.8296546095335,2035.5622027115235,2036.1700793286425,88.0,25.0
2024-03-05 00:00:00,2036.1700793286425,2040.4460627193357,2034.6114590619754,2040.4460627193357,418.0,25.0
2024-03-05 00:15:00,2040.4460627193357,2040.9034055820935,2039.9151829210077,2040.0175659805398,196.0,25.0
2024-03-05 00:30:00,2040.0175659805398,2040.2204609358141,2038.0244939596819,2038.231342751283,472.0,25.0
2024-03-05 00:45:00,2038.231342751283,2038.5835363708238,2035.4173995976494,2035.4173995976494,102.0,25.0
2024-03-05 01:00:00,2035.4173995976494,2037.1353042597518,2034.7147685311363,2036.6404714390378,144.0,25.0
2024-03-05 01:15:00,2036.6404714390378,2037.5744919987994,2035.9549543125759,2035.9549543125759,483.0,25.0
2024-03-05 01:30:00,2035.9549543125759,2038.798662414341,2034.9966289849558,2038.798662414341,483.0,25.0
2024-03-05 01:45:00,2038.798662414341,2039.4264537873248,2035.009322613386,2035.009322613386,403.0,25.0
2024-03-05 02:00:00,2035.009322613386,2039.1826071960998,2035.009322613386,2038.5535108342901,155.0,25.0
2024-03-05 02:15:00,2038.5535108342901,2040.5665385194407,2038.5535108342901,2040.5665385194407,214.0,25.0
2024-03-05 02:30:00,2040.5665385194407,2041.9149347995572,2040.5665385194407,2041.8628688828364,335.0,25.0
2024-03-05 02:45:00,2041.8628688828364,2041.8628688828364,2039.7425944636943,2040.767868912689,394.0,25.0
2024-03-05 03:00:00,2040.767868912689,2043.6035414872433,2039.3420983387634,2040.6259538568916,490.0,25.0
2024-03-05 03:15:00,2040.6259538568916,2040.6259538568916,2036.2978793943955,2036.9270364825902,401.0,25.0
2024-03-05 03:30:00,2036.9270364825902,2038.350133704522,2035.6454209817048,2038.350133704522,434.0,25.0
2024-03-05 03:45:00,2038.350133704522,2038.350133704522,2036.4771230735735,2037.5787501625998,395.0,25.0
2024-03-05 04:00:00,2037.5787501625998,2040.603526267112,2037.5787501625998,2040.603526267112,439.0,25.0
2024-03-05 04:15:00,2040.603526267112,2041.0239460962339,2038.0094371348391,2038.0094371348391,197.0,25.0
2024-03-05 04:30:00,2038.0094371348391,2039.3582594635552,2037.2414502039067,2038.4475836274933,273.0,25.0
2024-03-05 04:45:00,2038.4475836274933,2040.9165147147492,2037.2245231656775,2040.9165147147492,293.0,25.0
2024-03-05 05:00:00,2040.9165147147492,2040.9165147147492,2038.0985455026973,2038.9523003475672,113.0,25.0
2024-03-05 05:15:00,2038.9523003475672,2040.9520471170147,2038.9500672607435,2040.9520471170147,188.0,25.0
2024-03-05 05:30:00,2040.9520471170147,2042.0320161498323,2039.59640020736,2040.1975114817753,283.0,25.0
2024-03-05 05:45:00,2040.1975114817753,2042.1580183437052,2038.6726505646711,2042.1580183437052,222.0,25.0
2024-03-05 06:00:00,2042.1580183437052,2043.8590264401935,2040.206947289733,2043.8590264401935,485.0,25.0
2024-03-05 06:15:00,2043.8590264401935,2046.033503053502,2043.671789403306,2046.033503053502,100.0,25.0
2024-03-05 06:30:00,2046.033503053502,2046.4540035778618,2043.5464189719603,2045.1800455465552,124.0,25.0
2024-03-05 06:45:00,2045.1800455465552,2045.8670473628822,2043.6578225788037,2044.3415875748478,402.0,25.0
2024-03-05 07:00:00,2044.3415875748478,2045.2793516287866,2043.299033998973,2044.0684153585914,96.0,25.0
2024-03-05 07:15:00,2044.0684153585914,2044.0684153585914,2040.3169517849565,2040.5846733083642,498.0,25.0
2024-03-05 07:30:00,2040.5846733083642,2041.411712342622,2040.5846733083642,2041.1840900085372,429.0,25.0
2024-03-05 07:45:00,2041.1840900085372,2042.780572525448,2040.606041404093,2040.606041404093,285.0,25.0
2024-03-05 08:00:00,2040.606041404093,2041.2545452664667,2038.972439572665,2041.0038057299084,243.0,25.0
2024-03-05 08:15:00,2041.0038057299084,2041.0038057299084,2039.7716128369184,2040.748302017101,433.0,25.0
2024-03-05 08:30:00,2040.748302017101,2043.011436890559,2040.748302017101,2043.011436890559,123.0,25.0
2024-03-05 08:45:00,2043.011436890559,2043.9384343107804,2042.4696642546903,2043.9384343107804,82.0,25.0
2024-03-05 09:00:00,2043.9384343107804,2045.6871684503249,2043.8589605669463,2045.6871684503249,479.0,25.0
2024-03-05 09:15:00,2045.6871684503249,2047.6570313803893,2045.6871684503249,2047.003310699911,147.0,25.0
2024-03-05 09:30:00,2047.003310699911,2047.3301740520483,2044.5800990878884,2046.4069511997711,196.0,25.0
2024-03-05 09:45:00,2046.4069511997711,2047.7286328618663,2044.205431756134,2044.205431756134,108.0,25.0
2024-03-05 10:00:00,2044.205431756134,2047.5016906340968,2044.205431756134,2046.9346098631372,479.0,25.0
2024-03-05 10:15:00,2046.9346098631372,2046.9346098631372,2042.3877702628715,2042.3877702628715,372.0,25.0
2024-03-05 10:30:00,2042.3877702628715,2042.3877702628715,2039.578349085079,2039.578349085079,107.0,25.0
2024-03-05 10:45:00,2039.578349085079,2044.3296133949136,2039.578349085079,2044.3296133949136,71.0,25.0
2024-03-05 11:00:00,2044.3296133949136,2044.8320874407502,2042.5331909782658,2044.3072479842847,233.0,25.0
2024-03-05 11:15:00,2044.3072479842847,2045.9311503365118,2041.0466975373813,2041.0466975373813,369.0,25.0
2024-03-05 11:30:00,2041.0466975373813,2043.8106572592178,2041.0031175691151,2041.0031175691151,428.0,25.0
2024-03-05 11:45:00,2041.0031175691151,2041.0031175691151,2039.1335348297014,2039.1335348297014,169.0,25.0
2024-03-05 12:00:00,2039.1335348297014,2040.0608258369284,2038.263869315612,2039.076818511237,361.0,25.0
2024-03-05 12:15:00,2039.076818511237,2041.9514278643726,2039.076818511237,2041.9514278643726,329.0,25.0
2024-03-05 12:30:00,2041.9514278643726,2041.9514278643726,2036.5495145243672,2038.200378020292,344.0,25.0
2024-03-05 12:45:00,2038.200378020292,2039.5332739129167,2037.464945355793,2038.487691557598,303.0,25.0
2024-03-05 13:00:00,2038.487691557598,2038.487691557598,2037.0550128856564,2037.4041149565878,289.0,25.0
2024-03-05 13:15:00,2037.4041149565878,2037.4041149565878,2035.0762226970112,2036.4583496556406,474.0,25.0
2024-03-05 13:30:00,2036.4583496556406,2037.3548170188926,2036.194095588531,2036.5732961258975,423.0,25.0
2024-03-05 13:45:00,2036.5732961258975,2037.2352007315278,2035.3143381770262,2035.4357676896768,126.0,25.0
2024-03-05 14:00:00,2035.4357676896768,2035.4357676896768,2031.7997189490732,2033.0454103121942,405.0,25.0
2024-03-05 14:15:00,2033.0454103121942,2036.045785903705,2032.460822572145,2036.045785903705,396.0,25.0
2024-03-05 14:30:00,2036.045785903705,2038.498661948471,2035.7742163286,2035.7742163286,382.0,25.0
2024-03-05 14:45:00,2035.7742163286,2035.7742163286,2035.204574857985,2035.3368968892796,50.0,25.0
2024-03-05 15:00:00,2035.3368968892796,2035.3368968892796,2033.1632007828164,2033.1632007828164,432.0,25.0
2024-03-05 15:15:00,2033.1632007828164,2034.8267086571968,2032.548302368079,2033.6492150647173,447.0,25.0
2024-03-05 15:30:00,2033.6492150647173,2034.0982287884706,2031.5009429732936,2032.098170271455,312.0,25.0
2024-03-05 15:45:00,2032.098170271455,2032.4019326084538,2028.7212132905652,2029.001155433503,453.0,25.0
2024-03-05 16:00:00,2029.001155433503,2032.2880690037455,2029.001155433503,2030.8187722203693,303.0,25.0
2024-03-05 16:15:00,2030.8187722203693,2031.6528425665654,2029.5941762207779,2029.7290420093552,119.0,25.0
2024-03-05 16:30:00,2029.7290420093552,2031.589195252149,2029.615035136473,2031.4997145357486,93.0,25.0
2024-03-05 16:45:00,2031.4997145357486,2032.092580421527,2029.8679974647803,2029.8679974647803,434.0,25.0
2024-03-05 17:00:00,2029.8679974647803,2030.301954867887,2027.311447148813,2029.8154325864077,445.0,25.0
2024-03-05 17:15:00,2029.8154325864077,2032.1470800574855,2029.8154325864077,2031.5531711351118,248.0,25.0
2024-03-05 17:30:00,2031.5531711351118,2032.6138715609243,2026.9718657601852,2026.9718657601852,462.0,25.0
2024-03-05 17:45:00,2026.9718657601852,2027.2334258651106,2025.4214358427912,2025.7790412557931,324.0,25.0
2024-03-05 18:00:00,2025.7790412557931,2027.0295808817418,2025.7790412557931,2027.0295808817418,469.0,25.0
2024-03-05 18:15:00,2027.0295808817418,2027.854979424575,2026.7940795273364,2027.5339776178375,348.0,25.0
2024-03-05 18:30:00,2027.5339776178375,2031.0517849927262,2027.5339776178375,2031.0517849927262,262.0,25.0
2024-03-05 18:45:00,2031.0517849927262,2031.0517849927262,2028.4302998406627,2028.4302998406627,278.0,25.0
2024-03-05 19:00:00,2028.4302998406627,2028.4302998406627,2027.0889045491983,2027.195035448425,490.0,25.0
2024-03-05 19:15:00,2027.195035448425,2027.195035448425,2024.2037056316192,2025.1958874561858,154.0,25.0
2024-03-05 19:30:00,2025.1958874561858,2027.2551250128022,2024.9938349172646,2027.2551250128022,435.0,25.0
2024-03-05 19:45:00,2027.2551250128022,2027.2551250128022,2024.0573991995223,2024.0573991995223,411.0,25.0
2024-03-05 20:00:00,2024.0573991995223,2024.0573991995223,2022.6853602074025,2023.0286648797007,327.0,25.0
2024-03-05 20:15:00,2023.0286648797007,2024.2289282405866,2019.3360215388211,2019.3360215388211,137.0,25.0
2024-03-05 20:30:00,2019.3360215388211,2022.9576683675189,2019.3360215388211,2022.9576683675189,279.0,25.0
2024-03-05 20:45:00,2022.9576683675189,2023.6023670446034,2021.4531490389325,2021.4531490389325,84.0,25.0
2024-03-05 21:00:00,2021.4531490389325,2021.4531490389325,2018.1972963261214,2018.1972963261214,57.0,25.0
2024-03-05 21:15:00,2018.1972963261214,2021.471538583059,2018.1972963261214,2021.471538583059,58.0,25.0
2024-03-05 21:30:00,2021.471538583059,2021.471538583059,2019.5345856197448,2019.5345856197448,426.0,25.0
2024-03-05 21:45:00,2019.5345856197448,2020.9387707623166,2017.5840088399225,2017.5840088399225,330.0,25.0
2024-03-05 22:00:00,2017.5840088399225,2020.841180051299,2017.5840088399225,2020.820095847806,441.0,25.0
2024-03-05 22:15:00,2020.820095847806,2021.053781484148,2018.5732750690283,2021.053781484148,349.0,25.0
2024-03-05 22:30:00,2021.053781484148,2021.1510435804792,2019.8262908574907,2020.081237121456,140.0,25.0
2024-03-05 22:45:00,2020.081237121456,2021.337983788234,2018.9610238461091,2019.0389437975164,197.0,25.0
2024-03-05 23:00:00,2019.0389437975164,2019.0389437975164,2016.4099735449427,2017.8881189871183,447.0,25.0
2024-03-05 23:15:00,2017.8881189871183,2021.0361449692264,2017.7836618135339,2020.565066463531,446.0,25.0
2024-03-05 23:30:00,2020.565066463531,2020.699382228672,2019.6005481179527,2019.6005481179527,404.0,25.0
2024-03-05 23:45:00,2019.6005481179527,2020.8821120480147,2018.2206129763608,2019.9988702086275,140.0,25.0
2024-03-06 00:00:00,2019.9988702086275,2022.4287512599458,2019.2702445556536,2022.4287512599458,134.0,25.0
2024-03-06 00:15:00,2022.4287512599458,2022.4287512599458,2018.0946231312907,2018.2305943434544,65.0,25.0
2024-03-06 00:30:00,2018.2305943434544,2018.6175169137184,2015.8784537707295,2016.9810959782742,231.0,25.0
2024-03-06 00:45:00,2016.9810959782742,2017.6995387167972,2015.0838585911454,2015.0838585911454,468.0,25.0
2024-03-06 01:00:00,2015.0838585911454,2016.7790909209552,2014.142764872849,2016.6727678130278,229.0,25.0
2024-03-06 01:15:00,2016.6727678130278,2017.5858834959151,2015.2998075795158,2017.0909313984437,319.0,25.0
2024-03-06 01:30:00,2017.0909313984437,2018.0833076564975,2016.2325408402544,2016.6337402319753,454.0,25.0
2024-03-06 01:45:00,2016.6337402319753,2019.6300945736152,2016.6337402319753,2019.6300945736152,462.0,25.0
2024-03-06 02:00:00,2019.6300945736152,2020.764828883815,2019.6300945736152,2020.169782957315,465.0,25.0
2024-03-06 02:15:00,2020.169782957315,2024.7490338934635,2020.169782957315,2024.7490338934635,53.0,25.0
2024-03-06 02:30:00,2024.7490338934635,2024.7490338934635,2023.201251322929,2023.201251322929,154.0,25.0
2024-03-06 02:45:00,2023.201251322929,2026.2013481074907,2022.615888370936,2026.2013481074907,208.0,25.0
2024-03-06 03:00:00,2026.2013481074907,2026.2013481074907,2023.934766207948,2025.667933152754,498.0,25.0
2024-03-06 03:15:00,2025.667933152754,2026.4478753370668,2024.5643055942264,2024.5643055942264,261.0,25.0
2024-03-06 03:30:00,2024.5643055942264,2024.6918531513552,2023.821536646131,2024.6918531513552,499.0,25.0
2024-03-06 03:45:00,2024.6918531513552,2024.6918531513552,2022.9360145971195,2024.0723155895937,266.0,25.0
2024-03-06 04:00:00,2024.0723155895937,2026.0553111153758,2023.7512953591963,2026.0553111153758,190.0,25.0
2024-03-06 04:15:00,2026.0553111153758,2026.0553111153758,2021.4492865799962,2023.9311929623668,300.0,25.0
2024-03-06 04:30:00,2023.9311929623668,2024.2431010896678,2022.356984697175,2023.1681648233894,145.0,25.0
2024-03-06 04:45:00,2023.1681648233894,2023.429061729677,2021.558036171734,2023.0988714065288,438.0,25.0
2024-03-06 05:00:00,2023.0988714065288,2024.2539044811851,2022.7707756906975,2024.2539044811851,265.0,25.0
2024-03-06 05:15:00,2024.2539044811851,2025.2495113138345,2023.334144533787,2023.891720921561,118.0,25.0
2024-03-06 05:30:00,2023.891720921561,2023.891720921561,2019.9678900993783,2021.7122195939148,68.0,25.0
2024-03-06 05:45:00,2021.7122195939148,2021.9791778988874,2019.6363212404146,2019.6363212404146,115.0,25.0
2024-03-06 06:00:00,2019.6363212404146,2022.2759321337408,2018.931952021245,2018.931952021245,383.0,25.0
2024-03-06 06:15:00,2018.931952021245,2021.0288625597573,2018.931952021245,2019.8795747504855,90.0,25.0
2024-03-06 06:30:00,2019.8795747504855,2020.535263597444,2018.932253726732,2018.932253726732,60.0,25.0
2024-03-06 06:45:00,2018.932253726732,2018.932253726732,2015.365869801631,2016.7869669577663,100.0,25.0
2024-03-06 07:00:00,2016.7869669577663,2019.1094766714227,2016.7869669577663,2018.7026019067123,78.0,25.0
2024-03-06 07:15:00,2018.7026019067123,2018.7026019067123,2015.2718591676116,2015.2718591676116,182.0,25.0
2024-03-06 07:30:00,2015.2718591676116,2017.8438471000445,2015.2718591676116,2017.8438471000445,440.0,25.0
2024-03-06 07:45:00,2017.8438471000445,2018.5300773789534,2016.8009322961914,2016.8982729145357,99.0,25.0
2024-03-06 08:00:00,2016.8982729145357,2016.8982729145357,2014.7969203608243,2015.7258577761443,179.0,25.0
2024-03-06 08:15:00,2015.7258577761443,2018.2005771990728,2015.7258577761443,2017.359961308175,238.0,25.0
2024-03-06 08:30:00,2017.359961308175,2018.9675105403971,2016.5757023464084,2018.8652030547426,427.0,25.0
2024-03-06 08:45:00,2018.8652030547426,2021.2336569993838,2018.8652030547426,2021.2336569993838,454.0,25.0
2024-03-06 09:00:00,2021.2336569993838,2022.168498978567,2020.9692041073743,2021.2807644864467,246.0,25.0
2024-03-06 09:15:00,2021.2807644864467,2024.9276159083315,2021.2807644864467,2024.9276159083315,472.0,25.0
2024-03-06 09:30:00,2024.9276159083315,2025.260005796798,2024.0526599802274,2025.260005796798,492.0,25.0
2024-03-06 09:45:00,2025.260005796798,2025.489444233472,2022.1895669402386,2022.1895669402386,349.0,25.0
2024-03-06 10:00:00,2022.1895669402386,2027.915278920946,2022.1895669402386,2027.915278920946,59.0,25.0
2024-03-06 10:15:00,2027.915278920946,2027.915278920946,2024.4973368326441,2024.97276433533,288.0,25.0
2024-03-06 10:30:00,2024.97276433533,2026.3326606047583,2024.3242634617566,2025.414698220802,68.0,25.0
2024-03-06 10:45:00,2025.414698220802,2027.627914463081,2024.961365680835,2027.383351324681,312.0,25.0
2024-03-06 11:00:00,2027.383351324681,2029.4882233128064,2026.2534300881928,2029.4882233128064,492.0,25.0
2024-03-06 11:15:00,2029.4882233128064,2030.047410342726,2026.8984672089514,2027.0600607789165,323.0,25.0
2024-03-06 11:30:00,2027.0600607789165,2027.0600607789165,2021.8943121873021,2022.5736319436771,412.0,25.0
2024-03-06 11:45:00,2022.5736319436771,2023.4114674391133,2021.0850783673573,2021.8556676939004,257.0,25.0
2024-03-06 12:00:00,2021.8556676939004,2024.123725742463,2021.5870788834116,2023.973006148942,319.0,25.0
2024-03-06 12:15:00,2023.973006148942,2025.249356515625,2022.7124566187113,2022.7124566187113,167.0,25.0
2024-03-06 12:30:00,2022.7124566187113,2022.7124566187113,2020.821436730813,2020.821436730813,368.0,25.0
2024-03-06 12:45:00,2020.821436730813,2022.071007592554,2020.3423330969636,2021.3521448622482,337.0,25.0
2024-03-06 13:00:00,2021.3521448622482,2024.0762861511187,2021.3521448622482,2024.0762861511187,214.0,25.0
2024-03-06 13:15:00,2024.0762861511187,2026.0689883655725,2024.0762861511187,2025.5607021723224,465.0,25.0
2024-03-06 13:30:00,2025.5607021723224,2027.8922712292374,2025.5607021723224,2027.8922712292374,141.0,25.0
2024-03-06 13:45:00,2027.8922712292374,2027.8922712292374,2026.0613213697577,2026.3658643829262,372.0,25.0
2024-03-06 14:00:00,2026.3658643829262,2035.1155358169167,2026.3658643829262,2035.1155358169167,97.0,25.0
2024-03-06 14:15:00,2035.1155358169167,2035.1155358169167,2031.1089149336242,2031.9411448385629,489.0,25.0
2024-03-06 14:30:00,2031.9411448385629,2031.9411448385629,2028.481606714863,2030.2192191391136,158.0,25.0
2024-03-06 14:45:00,2030.2192191391136,2031.1983443183146,2029.4025664300257,2029.767056769315,436.0,25.0
2024-03-06 15:00:00,2029.767056769315,2029.767056769315,2026.4722333034165,2029.392125664753,388.0,25.0
2024-03-06 15:15:00,2029.392125664753,2029.392125664753,2027.7847196948467,2029.1503666082356,169.0,25.0
2024-03-06 15:30:00,2029.1503666082356,2031.3185904388672,2029.1503666082356,2031.3185904388672,338.0,25.0
2024-03-06 15:45:00,2031.3185904388672,2033.4910617066698,2031.2622895445058,2032.1570423244282,242.0,25.0
2024-03-06 16:00:00,2032.1570423244282,2032.370747183002,2030.0158103599445,2030.0158103599445,184.0,25.0
2024-03-06 16:15:00,2030.0158103599445,2030.4313196939204,2028.9350092382192,2029.911393588273,69.0,25.0
2024-03-06 16:30:00,2029.911393588273,2033.1948528902776,2029.911393588273,2033.1948528902776,90.0,25.0
2024-03-06 16:45:00,2033.1948528902776,2036.168806303001,2033.1948528902776,2035.663941715726,252.0,25.0
2024-03-06 17:00:00,2035.663941715726,2035.692887619167,2032.2120302338692,2033.777664230881,300.0,25.0
2024-03-06 17:15:00,2033.777664230881,2034.4619917518385,2032.257599974704,2032.4816556594362,117.0,25.0
2024-03-06 17:30:00,2032.4816556594362,2032.6126871627748,2030.5663344476595,2032.6126871627748,172.0,25.0
2024-03-06 17:45:00,2032.6126871627748,2033.102476139597,2031.8271634341859,2032.5014702538874,231.0,25.0
2024-03-06 18:00:00,2032.5014702538874,2032.695932851905,2031.4487258673996,2032.695932851905,423.0,25.0
2024-03-06 18:15:00,2032.695932851905,2034.7048391789306,2032.541772089649,2034.4647227454736,336.0,25.0
2024-03-06 18:30:00,2034.4647227454736,2036.8940857354253,2034.4647227454736,2035.156159923472,275.0,25.0
2024-03-06 18:45:00,2035.156159923472,2035.156159923472,2031.2538519208322,2031.2538519208322,219.0,25.0
2024-03-06 19:00:00,2031.2538519208322,2033.5902125182572,2030.6045796062604,2033.5902125182572,342.0,25.0
2024-03-06 19:15:00,2033.5902125182572,2034.1131735269257,2032.455916970285,2033.2196523741,255.0,25.0
2024-03-06 19:30:00,2033.2196523741,2033.8685752240906,2029.5510638958951,2029.5510638958951,148.0,25.0
2024-03-06 19:45:00,2029.5510638958951,2030.3421744840462,2028.815791406316,2028.815791406316,225.0,25.0
2024-03-06 20:00:00,2028.815791406316,2030.2925367443497,2028.4874699437576,2028.4874699437576,475.0,25.0
2024-03-06 20:15:00,2028.4874699437576,2030.8592776117928,2028.158860409995,2029.0012742902047,221.0,25.0
2024-03-06 20:30:00,2029.0012742902047,2030.4040288928788,2028.8340569345303,2028.8340569345303,312.0,25.0
2024-03-06 20:45:00,2028.8340569345303,2028.8340569345303,2025.7738419600996,2027.3557085815723,265.0,25.0
2024-03-06 21:00:00,2027.3557085815723,2027.3557085815723,2026.1217667671942,2026.7618487016641,105.0,25.0
2024-03-06 21:15:00,2026.7618487016641,2026.7618487016641,2025.0275673082708,2026.3532543115311,85.0,25.0
2024-03-06 21:30:00,2026.3532543115311,2027.4709078606068,2026.190905879232,2026.98351978475,422.0,25.0
2024-03-06 21:45:00,2026.98351978475,2028.7484232211086,2022.764026301411,2022.764026301411,352.0,25.0
2024-03-06 22:00:00,2022.764026301411,2023.399011745778,2022.764026301411,2022.844154676269,440.0,25.0
2024-03-06 22:15:00,2022.844154676269,2025.5269147192498,2022.844154676269,2023.5227108973672,409.0,25.0
2024-03-06 22:30:00,2023.5227108973672,2023.5227108973672,2020.8571394656271,2022.2290378038397,424.0,25.0
2024-03-06 22:45:00,2022.2290378038397,2024.7034758944376,2022.2290378038397,2023.5938270446268,162.0,25.0
2024-03-06 23:00:00,2023.5938270446268,2025.8162691008135,2023.5938270446268,2025.5315976964039,321.0,25.0
2024-03-06 23:15:00,2025.5315976964039,2027.8284760800525,2025.3945366533812,2025.3945366533812,353.0,25.0
2024-03-06 23:30:00,2025.3945366533812,2026.6798029137178,2025.3945366533812,2025.7278939795062,329.0,25.0
2024-03-06 23:45:00,2025.7278939795062,2027.7077350698457,2023.0575611347804,2023.0575611347804,110.0,25.0
2024-03-07 00:00:00,2023.0575611347804,2024.331730979554,2020.6292451819015,2024.331730979554,387.0,25.0
2024-03-07 00:15:00,2024.331730979554,2025.592180124985,2023.6167101701046,2024.687003994889,495.0,25.0
2024-03-07 00:30:00,2024.687003994889,2024.687003994889,2019.8511197704188,2020.458794490805,125.0,25.0
2024-03-07 00:45:00,2020.458794490805,2021.9813018413345,2020.458794490805,2021.0099438153916,177.0,25.0
2024-03-07 01:00:00,2021.0099438153916,2021.7713423319638,2019.8776433607431,2021.1313194315944,174.0,25.0
2024-03-07 01:15:00,2021.1313194315944,2021.1313194315944,2019.8832086955713,2020.0638785678693,267.0,25.0
2024-03-07 01:30:00,2020.0638785678693,2022.9194705669931,2019.2339907114263,2022.90021425865,377.0,25.0
2024-03-07 01:45:00,2022.90021425865,2024.477648230976,2020.3272953534583,2020.3272953534583,210.0,25.0
2024-03-07 02:00:00,2020.3272953534583,2023.9589613712549,2020.3272953534583,2023.860319710357,361.0,25.0
2024-03-07 02:15:00,2023.860319710357,2024.2980610971595,2021.3765055416534,2021.3765055416534,468.0,25.0
2024-03-07 02:30:00,2021.3765055416534,2022.7608885068785,2020.9631248701671,2022.1323460237636,234.0,25.0
2024-03-07 02:45:00,2022.1323460237636,2023.260266178265,2021.552514489529,2021.552514489529,241.0,25.0
2024-03-07 03:00:00,2021.552514489529,2023.034506177961,2021.552514489529,2022.1158849717795,204.0,25.0
2024-03-07 03:15:00,2022.1158849717795,2022.1158849717795,2019.393806374128,2020.536571431982,273.0,25.0
2024-03-07 03:30:00,2020.536571431982,2021.272862282927,2019.469028721153,2021.272862282927,450.0,25.0
2024-03-07 03:45:00,2021.272862282927,2022.8839950886208,2021.272862282927,2022.8839950886208,352.0,25.0
2024-03-07 04:00:00,2022.8839950886208,2024.637947524749,2022.035090614629,2022.035090614629,474.0,25.0
2024-03-07 04:15:00,2022.035090614629,2022.4089059639573,2021.1599919510818,2021.1599919510818,271.0,25.0
2024-03-07 04:30:00,2021.1599919510818,2022.0673892334642,2020.5247287812936,2020.5247287812936,402.0,25.0
2024-03-07 04:45:00,2020.5247287812936,2022.5728270132627,2020.5247287812936,2020.9373412199602,361.0,25.0
2024-03-07 05:00:00,2020.9373412199602,2021.0811064018235,2018.514451738442,2020.2326290012318,233.0,25.0
2024-03-07 05:15:00,2020.2326290012318,2020.2326290012318,2016.7823820431468,2016.7823820431468,435.0,25.0
2024-03-07 05:30:00,2016.7823820431468,2020.1301592540651,2016.7823820431468,2019.5665184000063,490.0,25.0
2024-03-07 05:45:00,2019.5665184000063,2019.5665184000063,2014.6202917485743,2014.7256261274097,210.0,25.0
2024-03-07 06:00:00,2014.7256261274097,2017.408314630903,2014.7256261274097,2015.9700633523144,190.0,25.0
2024-03-07 06:15:00,2015.9700633523144,2019.7085368729963,2015.9700633523144,2019.7085368729963,75.0,25.0
2024-03-07 06:30:00,2019.7085368729963,2019.7085368729963,2016.1765926744629,2016.4833986059116,406.0,25.0
2024-03-07 06:45:00,2016.4833986059116,2020.527968972516,2016.4833986059116,2020.527968972516,474.0,25.0
2024-03-07 07:00:00,2020.527968972516,2020.527968972516,2019.5554347582258,2019.630215968749,383.0,25.0
2024-03-07 07:15:00,2019.630215968749,2021.586690003559,2019.630215968749,2020.010482173707,186.0,25.0
2024-03-07 07:30:00,2020.010482173707,2020.0815165280064,2018.3973410284536,2018.3973410284536,77.0,25.0
2024-03-07 07:45:00,2018.3973410284536,2019.970965319918,2017.9961625700105,2019.3944358301014,314.0,25.0
2024-03-07 08:00:00,2019.3944358301014,2021.7324926365457,2019.0485716323112,2020.3121719975684,54.0,25.0
2024-03-07 08:15:00,2020.3121719975684,2020.4127089035428,2019.6656456174785,2020.4127089035428,368.0,25.0
2024-03-07 08:30:00,2020.4127089035428,2022.8616484105614,2020.4127089035428,2021.7033084483148,286.0,25.0
2024-03-07 08:45:00,2021.7033084483148,2022.896317289161,2021.44536994787,2022.7900794495488,282.0,25.0
2024-03-07 09:00:00,2022.7900794495488,2022.7900794495488,2018.7989086582418,2019.943316538857,452.0,25.0
2024-03-07 09:15:00,2019.943316538857,2020.6963517181698,2018.4239025041109,2020.2394615278133,70.0,25.0
2024-03-07 09:30:00,2020.2394615278133,2021.2953896499305,2019.8906603963508,2021.2953896499305,337.0,25.0
2024-03-07 09:45:00,2021.2953896499305,2021.2953896499305,2019.1018929480258,2019.527596326986,487.0,25.0
2024-03-07 10:00:00,2019.527596326986,2023.5411408538118,2019.527596326986,2022.2941379778283,300.0,25.0
2024-03-07 10:15:00,2022.2941379778283,2022.3279652522972,2020.7633166527253,2020.9494294046574,400.0,25.0
2024-03-07 10:30:00,2020.9494294046574,2022.8274194097166,2020.9494294046574,2022.2997996546203,206.0,25.0
2024-03-07 10:45:00,2022.2997996546203,2023.7264050405558,2022.2141892128745,2022.2141892128745,196.0,25.0
2024-03-07 11:00:00,2022.2141892128745,2024.6808928957869,2021.6426335302353,2024.6808928957869,306.0,25.0
2024-03-07 11:15:00,2024.6808928957869,2026.6274201291124,2024.6808928957869,2025.1625059344403,222.0,25.0
2024-03-07 11:30:00,2025.1625059344403,2025.4767969628856,2023.4063309510489,2024.4654033048544,300.0,25.0
2024-03-07 11:45:00,2024.4654033048544,2025.4406389291562,2024.4654033048544,2025.1022184547655,181.0,25.0
2024-03-07 12:00:00,2025.1022184547655,2026.698919571126,2025.1022184547655,2026.698919571126,215.0,25.0
2024-03-07 12:15:00,2026.698919571126,2027.7064394155464,2026.698919571126,2027.2597732238978,300.0,25.0
2024-03-07 12:30:00,2027.2597732238978,2032.4511093459878,2027.2597732238978,2031.75714197368,414.0,25.0
2024-03-07 12:45:00,2031.75714197368,2033.7463155226849,2030.830547347872,2031.211323618817,201.0,25.0
2024-03-07 13:00:00,2031.211323618817,2031.211323618817,2027.2412463566036,2027.2412463566036,89.0,25.0
2024-03-07 13:15:00,2027.2412463566036,2029.2778741674827,2027.0039814026532,2028.4616702156404,491.0,25.0
2024-03-07 13:30:00,2028.4616702156404,2030.3642552586239,2028.4616702156404,2030.3642552586239,66.0,25.0
2024-03-07 13:45:00,2030.3642552586239,2030.4307675906778,2029.223201350075,2030.375053944421,184.0,25.0
2024-03-07 14:00:00,2030.375053944421,2030.375053944421,2027.3150181284645,2028.0901146692886,249.0,25.0
2024-03-07 14:15:00,2028.0901146692886,2028.0901146692886,2026.4114510589488,2026.539246911935,499.0,25.0
2024-03-07 14:30:00,2026.539246911935,2028.0613646055833,2026.4711910811577,2026.4711910811577,498.0,25.0
2024-03-07 14:45:00,2026.4711910811577,2031.2263864489037,2026.4711910811577,2030.2943125318975,214.0,25.0
2024-03-07 15:00:00,2030.2943125318975,2032.4619972688886,2030.2943125318975,2032.2664533266682,66.0,25.0
2024-03-07 15:15:00,2032.2664533266682,2033.0779329223851,2031.8358175990834,2032.3914310926962,262.0,25.0
2024-03-07 15:30:00,2032.3914310926962,2033.7230406990998,2032.3914310926962,2032.7513224518007,160.0,25.0
2024-03-07 15:45:00,2032.7513224518007,2035.048678782682,2032.7513224518007,2033.2721570996341,356.0,25.0
2024-03-07 16:00:00,2033.2721570996341,2034.426800410361,2032.3630811769829,2033.1153933903531,307.0,25.0
2024-03-07 16:15:00,2033.1153933903531,2034.2557014164643,2032.5866405048616,2032.7780844880017,432.0,25.0
2024-03-07 16:30:00,2032.7780844880017,2035.4791567980135,2032.2687385971062,2035.4791567980135,314.0,25.0
2024-03-07 16:45:00,2035.4791567980135,2036.7881589711799,2034.513292400786,2036.7881589711799,176.0,25.0
2024-03-07 17:00:00,2036.7881589711799,2037.8083078221966,2036.7881589711799,2037.5579452661207,412.0,25.0
2024-03-07 17:15:00,2037.5579452661207,2038.1992367687246,2036.6710127743593,2037.2647231017006,83.0,25.0
2024-03-07 17:30:00,2037.2647231017006,2038.1445116866944,2035.0158432379135,2035.0383606063747,468.0,25.0
2024-03-07 17:45:00,2035.0383606063747,2035.0383606063747,2033.4692800962587,2034.5535658131894,111.0,25.0
2024-03-07 18:00:00,2034.5535658131894,2035.6334083254262,2032.4883169618915,2035.6334083254262,116.0,25.0
2024-03-07 18:15:00,2035.6334083254262,2035.9742174653131,2031.9121142877796,2031.9673782442405,262.0,25.0
2024-03-07 18:30:00,2031.9673782442405,2033.4210116758914,2031.9673782442405,2032.847465635659,421.0,25.0
2024-03-07 18:45:00,2032.847465635659,2033.005006940976,2030.7139231765595,2032.685362128287,281.0,25.0
2024-03-07 19:00:00,2032.685362128287,2033.789752283764,2031.675196084145,2031.675196084145,342.0,25.0
2024-03-07 19:15:00,2031.675196084145,2032.6049541912146,2030.4126009522129,2030.4126009522129,477.0,25.0
2024-03-07 19:30:00,2030.4126009522129,2030.4126009522129,2028.4442502595223,2030.402823036776,162.0,25.0
2024-03-07 19:45:00,2030.402823036776,2032.260855908172,2030.402823036776,2032.0891242524153,124.0,25.0
2024-03-07 20:00:00,2032.0891242524153,2032.72373818695,2031.2928922782583,2031.696962571853,228.0,25.0
2024-03-07 20:15:00,2031.696962571853,2033.819945676966,2029.6959091639008,2029.6959091639008,51.0,25.0
2024-03-07 20:30:00,2029.6959091639008,2031.0317278279251,2029.6959091639008,2031.0317278279251,431.0,25.0
2024-03-07 20:45:00,2031.0317278279251,2033.689055537035,2030.1860995131071,2033.6838522483235,259.0,25.0
2024-03-07 21:00:00,2033.6838522483235,2033.6838522483235,2030.346888266428,2030.4591816378475,129.0,25.0
2024-03-07 21:15:00,2030.4591816378475,2031.0061486464563,2029.301432984832,2029.6980798805944,212.0,25.0
2024-03-07 21:30:00,2029.6980798805944,2030.007604940505,2027.0983486541504,2027.3074033540531,147.0,25.0
2024-03-07 21:45:00,2027.3074033540531,2027.6321419540045,2026.0157583349785,2027.6321419540045,205.0,25.0
2024-03-07 22:00:00,2027.6321419540045,2033.1722383916865,2027.6321419540045,2032.3317823274867,324.0,25.0
2024-03-07 22:15:00,2032.3317823274867,2037.9078494869018,2032.3317823274867,2037.9078494869018,497.0,25.0
2024-03-07 22:30:00,2037.9078494869018,2038.3187637709611,2035.7685157171147,2035.940842996847,151.0,25.0
2024-03-07 22:45:00,2035.940842996847,2035.940842996847,2032.0604262808681,2032.0604262808681,428.0,25.0
2024-03-07 23:00:00,2032.0604262808681,2032.0604262808681,2025.3435456628858,2025.3435456628858,55.0,25.0
2024-03-07 23:15:00,2025.3435456628858,2025.3435456628858,2019.5637109539534,2019.5637109539534,157.0,25.0
2024-03-07 23:30:00,2019.5637109539534,2020.4414924293926,2018.4198413116412,2019.1632001493763,254.0,25.0
2024-03-07 23:45:00,2019.1632001493763,2021.4403024913036,2019.0958692127376,2019.6696705405247,306.0,25.0
2024-03-08 00:00:00,2019.6696705405247,2019.872969547184,2017.7209148739166,2017.7209148739166,458.0,25.0
2024-03-08 00:15:00,2017.7209148739166,2022.3611328288548,2017.7209148739166,2022.3611328288548,99.0,25.0
2024-03-08 00:30:00,2022.3611328288548,2023.6585745868435,2021.8505527640689,2023.6585745868435,167.0,25.0
2024-03-08 00:45:00,2023.6585745868435,2024.4147134593957,2022.83338523147,2024.3827296548768,80.0,25.0
2024-03-08 01:00:00,2024.3827296548768,2028.9856436204352,2024.3827296548768,2028.9856436204352,361.0,25.0
2024-03-08 01:15:00,2028.9856436204352,2030.9450362273476,2028.9856436204352,2030.9450362273476,464.0,25.0
2024-03-08 01:30:00,2030.9450362273476,2034.0212594434945,2030.9450362273476,2033.4972700717624,257.0,25.0
2024-03-08 01:45:00,2033.4972700717624,2036.0778335146929,2033.4972700717624,2036.0778335146929,420.0,25.0
2024-03-08 02:00:00,2036.0778335146929,2036.6172504711212,2034.955929980308,2034.955929980308,480.0,25.0
2024-03-08 02:15:00,2034.955929980308,2034.955929980308,2031.1625501835358,2031.1625501835358,296.0,25.0
2024-03-08 02:30:00,2031.1625501835358,2034.3387235310051,2030.6008970121525,2033.4526393201222,214.0,25.0
2024-03-08 02:45:00,2033.4526393201222,2033.4526393201222,2032.0354232366928,2032.334789569072,185.0,25.0
2024-03-08 03:00:00,2032.334789569072,2033.135288287845,2031.083658929003,2033.135288287845,159.0,25.0
2024-03-08 03:15:00,2033.135288287845,2033.135288287845,2028.8774572072907,2028.8774572072907,99.0,25.0
2024-03-08 03:30:00,2028.8774572072907,2030.91185227511,2028.1576839371335,2030.91185227511,251.0,25.0
2024-03-08 03:45:00,2030.91185227511,2031.6614654401249,2026.2554380602649,2026.2554380602649,483.0,25.0
2024-03-08 04:00:00,2026.2554380602649,2026.5541833465152,2022.8539944981364,2022.8539944981364,417.0,25.0
2024-03-08 04:15:00,2022.8539944981364,2023.2806237486925,2021.0925150223572,2023.2806237486925,201.0,25.0
2024-03-08 04:30:00,2023.2806237486925,2025.6791643523,2023.2806237486925,2025.3578225182187,455.0,25.0
2024-03-08 04:45:00,2025.3578225182187,2028.2136294328736,2024.8190220428178,2026.3997959441397,136.0,25.0
2024-03-08 05:00:00,2026.3997959441397,2026.3997959441397,2024.0547177266378,2026.0898199667977,87.0,25.0
2024-03-08 05:15:00,2026.0898199667977,2026.7557821620542,2025.7167120651657,2026.7557821620542,259.0,25.0
2024-03-08 05:30:00,2026.7557821620542,2029.2431902577296,2026.7557821620542,2029.2431902577296,95.0,25.0
2024-03-08 05:45:00,2029.2431902577296,2031.3392522667061,2029.2431902577296,2030.838792916777,495.0,25.0
2024-03-08 06:00:00,2030.838792916777,2033.1317857704803,2030.5360338115936,2033.1317857704803,264.0,25.0
2024-03-08 06:15:00,2033.1317857704803,2033.3280837047078,2030.302719359626,2030.302719359626,460.0,25.0
2024-03-08 06:30:00,2030.302719359626,2030.7672231285032,2029.1381961154793,2030.2573407692657,163.0,25.0
2024-03-08 06:45:00,2030.2573407692657,2031.392643581929,2030.2573407692657,2030.830896793244,253.0,25.0
2024-03-08 07:00:00,2030.830896793244,2031.1424734425195,2028.3119862750646,2028.625496859977,53.0,25.0
2024-03-08 07:15:00,2028.625496859977,2028.625496859977,2025.6506013640403,2025.9063268614163,239.0,25.0
2024-03-08 07:30:00,2025.9063268614163,2027.4569554692716,2025.5960017734333,2025.5960017734333,250.0,25.0
2024-03-08 07:45:00,2025.5960017734333,2025.9319395277876,2023.1520724894744,2025.9319395277876,229.0,25.0
2024-03-08 08:00:00,2025.9319395277876,2025.947805156259,2024.1162546846863,2024.5494790246553,57.0,25.0
2024-03-08 08:15:00,2024.5494790246553,2024.5494790246553,2023.3728847869834,2023.4635489680877,131.0,25.0
2024-03-08 08:30:00,2023.4635489680877,2023.4635489680877,2022.236388066351,2022.2974111294504,95.0,25.0
2024-03-08 08:45:00,2022.2974111294504,2025.6356381216958,2022.2974111294504,2025.6356381216958,102.0,25.0
2024-03-08 09:00:00,2025.6356381216958,2027.3195085399536,2025.6356381216958,2026.6503318191978,418.0,25.0
2024-03-08 09:15:00,2026.6503318191978,2027.5269134523012,2024.4710507153125,2024.4710507153125,218.0,25.0
2024-03-08 09:30:00,2024.4710507153125,2024.6711439064545,2021.9863728603007,2021.9863728603007,265.0,25.0
2024-03-08 09:45:00,2021.9863728603007,2022.0070720734336,2020.5558253610307,2021.758252838053,101.0,25.0
2024-03-08 10:00:00,2021.758252838053,2025.5510550319866,2021.758252838053,2024.740170895991,84.0,25.0
2024-03-08 10:15:00,2024.740170895991,2025.6840427616519,2023.8460608337011,2025.6840427616519,153.0,25.0
2024-03-08 10:30:00,2025.6840427616519,2027.783120798545,2025.510981792523,2025.510981792523,451.0,25.0
2024-03-08 10:45:00,2025.510981792523,2027.5527896583117,2025.1529683923532,2027.5527896583117,331.0,25.0
2024-03-08 11:00:00,2027.5527896583117,2030.1345645253348,2027.5527896583117,2029.1640174347544,147.0,25.0
2024-03-08 11:15:00,2029.1640174347544,2032.3090714157304,2029.0354375986462,2029.0354375986462,259.0,25.0
2024-03-08 11:30:00,2029.0354375986462,2029.9779124146119,2028.9226344413273,2029.9309017718954,400.0,25.0
2024-03-08 11:45:00,2029.9309017718954,2031.6128258440367,2027.971558912497,2027.971558912497,291.0,25.0
2024-03-08 12:00:00,2027.971558912497,2029.9010818818733,2024.6129985651844,2024.6129985651844,174.0,25.0
2024-03-08 12:15:00,2024.6129985651844,2024.6129985651844,2021.489165117963,2023.092744319894,99.0,25.0
2024-03-08 12:30:00,2023.092744319894,2023.092744319894,2017.9710870340004,2018.4874559541154,424.0,25.0
2024-03-08 12:45:00,2018.4874559541154,2018.4874559541154,2014.3705260474326,2015.4505731488598,428.0,25.0
2024-03-08 13:00:00,2015.4505731488598,2015.7045978223928,2014.4717252960377,2015.2858174776827,451.0,25.0
2024-03-08 13:15:00,2015.2858174776827,2015.798457564318,2014.2240633288814,2015.5122521735987,193.0,25.0
2024-03-08 13:30:00,2015.5122521735987,2017.861277915176,2015.2943091855448,2016.0918389590386,442.0,25.0
2024-03-08 13:45:00,2016.0918389590386,2016.0918389590386,2014.1362445917578,2014.1362445917578,292.0,25.0
2024-03-08 14:00:00,2014.1362445917578,2014.6456518451107,2012.848933582742,2012.848933582742,175.0,25.0
2024-03-08 14:15:00,2012.848933582742,2013.5660791140522,2012.311057708951,2012.311057708951,157.0,25.0
2024-03-08 14:30:00,2012.311057708951,2013.378942468579,2010.9697010781922,2013.378942468579,51.0,25.0
2024-03-08 14:45:00,2013.378942468579,2016.9101902893115,2013.378942468579,2014.4494171486124,89.0,25.0
2024-03-08 15:00:00,2014.4494171486124,2014.4494171486124,2010.2296842183578,2012.0713037544174,162.0,25.0
2024-03-08 15:15:00,2012.0713037544174,2012.5961806844775,2011.342583921317,2011.429001053062,150.0,25.0
2024-03-08 15:30:00,2011.429001053062,2015.062589799797,2011.429001053062,2015.062589799797,358.0,25.0
2024-03-08 15:45:00,2015.062589799797,2018.1523950980038,2013.461603411834,2016.2193879377237,147.0,25.0
2024-03-08 16:00:00,2016.2193879377237,2019.2273433192506,2015.1887579599672,2019.2273433192506,198.0,25.0
2024-03-08 16:15:00,2019.2273433192506,2019.3996800785865,2017.7531929503843,2018.4887425829634,65.0,25.0
2024-03-08 16:30:00,2018.4887425829634,2018.4887425829634,2016.2327738859574,2016.2327738859574,472.0,25.0
2024-03-08 16:45:00,2016.2327738859574,2016.8753229546212,2015.5733009619692,2015.5733009619692,150.0,25.0
2024-03-08 17:00:00,2015.5733009619692,2016.242195117224,2014.1856612909446,2014.1856612909446,78.0,25.0
2024-03-08 17:15:00,2014.1856612909446,2017.4800170793333,2014.1856612909446,2016.4442159262287,114.0,25.0
2024-03-08 17:30:00,2016.4442159262287,2016.4442159262287,2013.7372799670832,2015.183266939316,186.0,25.0
2024-03-08 17:45:00,2015.183266939316,2015.183266939316,2011.8386368992713,2012.6567061154265,446.0,25.0
2024-03-08 18:00:00,2012.6567061154265,2013.3472813692706,2011.7389140302957,2012.9153932089368,247.0,25.0
2024-03-08 18:15:00,2012.9153932089368,2012.9153932089368,2011.0957082857212,2011.0957082857212,435.0,25.0
2024-03-08 18:30:00,2011.0957082857212,2011.0957082857212,2009.9035713373967,2010.7088349936712,71.0,25.0
2024-03-08 18:45:00,2010.7088349936712,2013.629919470156,2010.6901918011113,2013.629919470156,129.0,25.0
2024-03-08 19:00:00,2013.629919470156,2013.629919470156,2011.8584164731526,2013.0238240974616,372.0,25.0
2024-03-08 19:15:00,2013.0238240974616,2013.0238240974616,2010.3459800053363,2010.3459800053363,419.0,25.0
2024-03-08 19:30:00,2010.3459800053363,2011.2766611173574,2008.8779962125086,2011.2766611173574,186.0,25.0
2024-03-08 19:45:00,2011.2766611173574,2013.2909013616363,2011.1909089429116,2013.1807098477964,415.0,25.0
2024-03-08 20:00:00,2013.1807098477964,2014.1185352110433,2011.3618115858637,2011.3618115858637,378.0,25.0
2024-03-08 20:15:00,2011.3618115858637,2013.0014157867424,2011.2454920422285,2012.463192130079,478.0,25.0
2024-03-08 20:30:00,2012.463192130079,2014.057704146909,2012.463192130079,2013.2274095760117,478.0,25.0
2024-03-08 20:45:00,2013.2274095760117,2015.0947189435244,2013.2274095760117,2015.0947189435244,201.0,25.0
2024-03-08 21:00:00,2015.0947189435244,2015.354956020539,2013.2504695421746,2013.731745975149,334.0,25.0
2024-03-08 21:15:00,2013.731745975149,2014.149319721891,2013.0273184386067,2013.0273184386067,129.0,25.0
2024-03-08 21:30:00,2013.0273184386067,2015.5907192205243,2012.7681646977585,2014.6984025746744,455.0,25.0
2024-03-08 21:45:00,2014.6984025746744,2014.6984025746744,2012.4857142419853,2012.4857142419853,193.0,25.0
2024-03-08 22:00:00,2012.4857142419853,2013.2184212706422,2011.3128528542059,2011.9850152550923,415.0,25.0
2024-03-08 22:15:00,2011.9850152550923,2014.5656229568917,2011.5506400880652,2014.1492333702922,270.0,25.0
2024-03-08 22:30:00,2014.1492333702922,2014.7453849265332,2010.0833925213476,2010.0833925213476,195.0,25.0
2024-03-08 22:45:00,2010.0833925213476,2010.7181025924333,2009.3932979943734,2009.3932979943734,297.0,25.0
2024-03-08 23:00:00,2009.3932979943734,2010.017104649493,2007.1173374897585,2007.1173374897585,127.0,25.0
2024-03-08 23:15:00,2007.1173374897585,2009.3036339341957,2005.984243521304,2007.7096545480329,481.0,25.0
2024-03-08 23:30:00,2007.7096545480329,2009.0609271335127,2006.7779747599925,2008.2410638939373,369.0,25.0
2024-03-08 23:45:00,2008.2410638939373,2008.2410638939373,2003.7871495375425,2004.3044976824601,450.0,25.0
2024-03-11 00:00:00,2004.3044976824601,2004.3044976824601,2001.7738891701104,2001.7738891701104,405.0,25.0
2024-03-11 00:15:00,2001.7738891701104,2001.7738891701104,1999.8215819272693,2000.9701504873356,279.0,25.0
2024-03-11 00:30:00,2000.9701504873356,2000.9701504873356,1996.8395808848945,1998.0172054432683,375.0,25.0
2024-03-11 00:45:00,1998.0172054432683,1998.0172054432683,1996.4956309241709,1996.4956309241709,276.0,25.0
2024-03-11 01:00:00,1996.4956309241709,1999.1497436577683,1996.4956309241709,1999.0078888591336,283.0,25.0
2024-03-11 01:15:00,1999.0078888591336,2000.8695892025487,1998.3318243808146,1999.7774544985245,91.0,25.0
2024-03-11 01:30:00,1999.7774544985245,1999.7774544985245,1997.0908434422101,1997.5818060189213,315.0,25.0
2024-03-11 01:45:00,1997.5818060189213,1997.9740071222086,1996.7016070918003,1997.5896398628474,295.0,25.0
2024-03-11 02:00:00,1997.5896398628474,1999.394993782134,1997.565663411051,1998.497709819314,277.0,25.0
2024-03-11 02:15:00,1998.497709819314,1998.5783986785377,1996.0897537123503,1998.5783986785377,410.0,25.0
2024-03-11 02:30:00,1998.5783986785377,1998.5783986785377,1996.430461601826,1996.430461601826,377.0,25.0
2024-03-11 02:45:00,1996.430461601826,1997.4418749815,1996.430461601826,1997.1031543065524,125.0,25.0
2024-03-11 03:00:00,1997.1031543065524,1997.1031543065524,1992.6301448099928,1993.4056658764155,74.0,25.0
2024-03-11 03:15:00,1993.4056658764155,1995.8386163748519,1992.6239352000334,1995.8386163748519,128.0,25.0
2024-03-11 03:30:00,1995.8386163748519,1999.4997847511404,1995.4186455493034,1999.4997847511404,364.0,25.0
2024-03-11 03:45:00,1999.4997847511404,1999.4997847511404,1996.4857239824853,1996.5171583774602,443.0,25.0
2024-03-11 04:00:00,1996.5171583774602,1999.7535762317852,1996.5171583774602,1997.7949972370022,222.0,25.0
2024-03-11 04:15:00,1997.7949972370022,1997.7949972370022,1994.30434145625,1995.3889921854377,283.0,25.0
2024-03-11 04:30:00,1995.3889921854377,1996.2264791257344,1994.5803913184156,1994.823431455029,309.0,25.0
2024-03-11 04:45:00,1994.823431455029,1995.411791537594,1992.2427806691069,1992.2427806691069,368.0,25.0
2024-03-11 05:00:00,1992.2427806691069,1994.5503584766248,1991.4962084448364,1992.9870646372667,253.0,25.0
2024-03-11 05:15:00,1992.9870646372667,1994.4923561700011,1992.9870646372667,1994.3229016082553,219.0,25.0
2024-03-11 05:30:00,1994.3229016082553,1994.3229016082553,1993.1247254512768,1993.495945835983,53.0,25.0
2024-03-11 05:45:00,1993.495945835983,1994.5419267309983,1993.4093421142259,1993.4972936565894,104.0,25.0
2024-03-11 06:00:00,1993.4972936565894,1995.8364651592965,1993.4972936565894,1995.8364651592965,203.0,25.0
2024-03-11 06:15:00,1995.8364651592965,1996.5065126239592,1995.8364651592965,1996.3854390333972,320.0,25.0
2024-03-11 06:30:00,1996.3854390333972,1999.39405655996,1996.3854390333972,1998.9889296694591,409.0,25.0
2024-03-11 06:45:00,1998.9889296694591,1999.5251605979875,1997.3412119537788,1997.3412119537788,148.0,25.0
2024-03-11 07:00:00,1997.3412119537788,1997.3412119537788,1993.6128181042627,1994.981284587168,252.0,25.0
2024-03-11 07:15:00,1994.981284587168,1995.6019973377502,1993.6326353668323,1993.6326353668323,290.0,25.0
2024-03-11 07:30:00,1993.6326353668323,1995.4572112205335,1992.6249287855733,1995.4572112205335,184.0,25.0
2024-03-11 07:45:00,1995.4572112205335,1996.9381724515306,1994.0831867341478,1996.9381724515306,145.0,25.0
2024-03-11 08:00:00,1996.9381724515306,1996.9381724515306,1994.2348644481644,1994.770362366749,160.0,25.0
2024-03-11 08:15:00,1994.770362366749,1998.140218761866,1994.0288925369628,1997.899764321324,354.0,25.0
2024-03-11 08:30:00,1997.899764321324,1997.899764321324,1994.6394990737206,1994.6394990737206,454.0,25.0
2024-03-11 08:45:00,1994.6394990737206,1994.6394990737206,1990.7152281934214,1991.9369131594678,277.0,25.0
2024-03-11 09:00:00,1991.9369131594678,1992.4523797606018,1990.802070772957,1990.802070772957,337.0,25.0
2024-03-11 09:15:00,1990.802070772957,1991.589192049178,1989.6172008430278,1990.1208856652565,434.0,25.0
2024-03-11 09:30:00,1990.1208856652565,1992.86420240772,1990.1208856652565,1992.86420240772,200.0,25.0
2024-03-11 09:45:00,1992.86420240772,1992.86420240772,1988.7594857547078,1990.0957212170902,165.0,25.0
2024-03-11 10:00:00,1990.0957212170902,1990.7713745428523,1987.4136031651283,1987.4136031651283,437.0,25.0
2024-03-11 10:15:00,1987.4136031651283,1987.7331650954277,1986.9034952170794,1987.7331650954277,59.0,25.0
2024-03-11 10:30:00,1987.7331650954277,1991.5382856198585,1986.8070940982934,1991.5382856198585,98.0,25.0
2024-03-11 10:45:00,1991.5382856198585,1991.5382856198585,1989.9359925891176,1990.078998843135,356.0,25.0
2024-03-11 11:00:00,1990.078998843135,1991.010788257651,1989.6489787278826,1989.8048046958972,264.0,25.0
2024-03-11 11:15:00,1989.8048046958972,1993.0234747326274,1989.8048046958972,1992.517011993491,273.0,25.0
2024-03-11 11:30:00,1992.517011993491,1993.3394569456555,1991.950121813277,1992.6902188318988,418.0,25.0
2024-03-11 11:45:00,1992.6902188318988,1993.073761813365,1990.2957019685248,1990.2957019685248,475.0,25.0
2024-03-11 12:00:00,1990.2957019685248,1990.4705475294413,1988.356514707228,1990.4705475294413,125.0,25.0
2024-03-11 12:15:00,1990.4705475294413,1991.29425729613,1990.114779287373,1991.29425729613,241.0,25.0
2024-03-11 12:30:00,1991.29425729613,1991.408036266305,1989.2021799329361,1989.9955350500215,172.0,25.0
2024-03-11 12:45:00,1989.9955350500215,1990.9961613190683,1989.3808046561726,1990.9961613190683,414.0,25.0
2024-03-11 13:00:00,1990.9961613190683,1991.4730299090743,1990.4326301642457,1990.4326301642457,210.0,25.0
2024-03-11 13:15:00,1990.4326301642457,1992.2569306018713,1989.7162217642747,1989.7162217642747,496.0,25.0
2024-03-11 13:30:00,1989.7162217642747,1989.9274780879566,1988.336009207386,1988.336009207386,286.0,25.0
2024-03-11 13:45:00,1988.336009207386,1990.245584014323,1988.336009207386,1989.293639627913,197.0,25.0
2024-03-11 14:00:00,1989.293639627913,1990.1619486960726,1988.352912478651,1990.1619486960726,330.0,25.0
2024-03-11 14:15:00,1990.1619486960726,1991.376456758441,1989.740253860191,1990.003454405886,346.0,25.0
2024-03-11 14:30:00,1990.003454405886,1990.003454405886,1988.281866657662,1989.783331512184,245.0,25.0
2024-03-11 14:45:00,1989.783331512184,1992.1046311086363,1989.5335160330953,1992.1046311086363,371.0,25.0
2024-03-11 15:00:00,1992.1046311086363,1995.3718144236839,1992.1046311086363,1995.0196066011304,470.0,25.0
2024-03-11 15:15:00,1995.0196066011304,1995.6867769444564,1993.653312287623,1993.8620394628003,477.0,25.0
2024-03-11 15:30:00,1993.8620394628003,1993.8620394628003,1990.1703532926067,1990.7387649565023,253.0,25.0
2024-03-11 15:45:00,1990.7387649565023,1991.7581746064502,1990.5589016119643,1991.0929383232867,352.0,25.0
2024-03-11 16:00:00,1991.0929383232867,1992.5556569187734,1991.0929383232867,1992.187970740122,307.0,25.0
2024-03-11 16:15:00,1992.187970740122,1992.602013189982,1990.9543376236193,1991.8162061640082,435.0,25.0
2024-03-11 16:30:00,1991.8162061640082,1993.4755653293719,1991.8162061640082,1993.312811028943,298.0,25.0
2024-03-11 16:45:00,1993.312811028943,1994.5222860159015,1992.3127326621473,1992.3127326621473,498.0,25.0
2024-03-11 17:00:00,1992.3127326621473,1993.0040155262213,1991.2049080663726,1992.9996150666836,404.0,25.0
2024-03-11 17:15:00,1992.9996150666836,1992.9996150666836,1988.9075582015912,1988.9075582015912,126.0,25.0
2024-03-11 17:30:00,1988.9075582015912,1990.8446944933012,1988.6399094156716,1990.8446944933012,59.0,25.0
2024-03-11 17:45:00,1990.8446944933012,1991.8282051658496,1989.5950208331756,1990.872070834044,330.0,25.0
2024-03-11 18:00:00,1990.872070834044,1991.738316524694,1989.9071942325381,1991.738316524694,399.0,25.0
2024-03-11 18:15:00,1991.738316524694,1992.6424554864996,1991.112737768482,1992.6424554864996,187.0,25.0
2024-03-11 18:30:00,1992.6424554864996,1996.8154200105423,1991.9382667050986,1995.4615684794892,459.0,25.0
2024-03-11 18:45:00,1995.4615684794892,1996.5556167642123,1994.0853367539933,1995.0026717002959,496.0,25.0
2024-03-11 19:00:00,1995.0026717002959,1998.6142278114335,1995.0026717002959,1998.233263107667,355.0,25.0
2024-03-11 19:15:00,1998.233263107667,1998.233263107667,1996.4639430845607,1996.6269977182717,491.0,25.0
2024-03-11 19:30:00,1996.6269977182717,1996.6269977182717,1993.775836108568,1993.775836108568,493.0,25.0
2024-03-11 19:45:00,1993.775836108568,1996.1112398401897,1993.02159133789,1995.66896981807,459.0,25.0
2024-03-11 20:00:00,1995.66896981807,1995.923861669647,1994.7032296573743,1995.5378565784802,222.0,25.0
2024-03-11 20:15:00,1995.5378565784802,1996.9579407636036,1995.264356583535,1995.264356583535,361.0,25.0
2024-03-11 20:30:00,1995.264356583535,1999.4584672176686,1995.264356583535,1999.4584672176686,107.0,25.0
2024-03-11 20:45:00,1999.4584672176686,1999.4584672176686,1996.0574859117664,1996.0574859117664,328.0,25.0
2024-03-11 21:00:00,1996.0574859117664,1996.9178720900663,1995.9789772924273,1996.318983994458,94.0,25.0
2024-03-11 21:15:00,1996.318983994458,1996.4963309766608,1995.3606712379437,1995.9788476079739,182.0,25.0
2024-03-11 21:30:00,1995.9788476079739,1998.8359968333668,1995.9788476079739,1997.8525898826808,443.0,25.0
2024-03-11 21:45:00,1997.8525898826808,1998.4936216629847,1996.6398426337776,1997.3321567145076,410.0,25.0
2024-03-11 22:00:00,1997.3321567145076,1999.5719293060502,1997.3321567145076,1998.846639326898,68.0,25.0
2024-03-11 22:15:00,1998.846639326898,2000.3117927252463,1996.9547509773024,1996.9547509773024,352.0,25.0
2024-03-11 22:30:00,1996.9547509773024,2000.9660688613467,1996.9547509773024,1999.1881829343133,404.0,25.0
2024-03-11 22:45:00,1999.1881829343133,1999.375714001777,1998.383965803798,1999.375714001777,207.0,25.0
2024-03-11 23:00:00,1999.375714001777,2000.6012352313098,1998.5332115438594,1998.5332115438594,330.0,25.0
2024-03-11 23:15:00,1998.5332115438594,1999.3871211869646,1998.2577820489987,1998.3622963073399,54.0,25.0
2024-03-11 23:30:00,1998.3622963073399,1999.9819839340958,1997.8743307595764,1999.9819839340958,463.0,25.0
2024-03-11 23:45:00,1999.9819839340958,1999.9819839340958,1998.6433148112096,1998.7896877317764,212.0,25.0
2024-03-12 00:00:00,1998.7896877317764,1998.9820519967052,1996.897812819542,1996.897812819542,152.0,25.0
2024-03-12 00:15:00,1996.897812819542,1997.6941062211395,1995.8582255482825,1997.5536391948845,367.0,25.0
2024-03-12 00:30:00,1997.5536391948845,1998.3582561960538,1997.4645432159418,1998.3582561960538,262.0,25.0
2024-03-12 00:45:00,1998.3582561960538,1999.3765162574402,1997.0601882368335,1997.0601882368335,401.0,25.0
2024-03-12 01:00:00,1997.0601882368335,2000.6144524773651,1997.0601882368335,2000.6144524773651,242.0,25.0
2024-03-12 01:15:00,2000.6144524773651,2001.8213662253288,2000.6144524773651,2001.8213662253288,262.0,25.0
2024-03-12 01:30:00,2001.8213662253288,2006.1101676148896,2001.8213662253288,2004.6689113795085,72.0,25.0
2024-03-12 01:45:00,2004.6689113795085,2006.3923669057174,2004.6689113795085,2006.3540932572562,176.0,25.0
2024-03-12 02:00:00,2006.3540932572562,2006.3540932572562,2002.7516970522738,2002.7516970522738,139.0,25.0
2024-03-12 02:15:00,2002.7516970522738,2002.7516970522738,2000.2978464699565,2002.455941907351,153.0,25.0
2024-03-12 02:30:00,2002.455941907351,2003.4615456639212,2001.9579848133176,2002.5668558048253,299.0,25.0
2024-03-12 02:45:00,2002.5668558048253,2004.215706370253,2002.3772501347148,2004.215706370253,336.0,25.0
2024-03-12 03:00:00,2004.215706370253,2004.215706370253,2002.0254481088753,2002.6516435804833,185.0,25.0
2024-03-12 03:15:00,2002.6516435804833,2003.7282006357918,2002.5509999797691,2003.3209342046052,246.0,25.0
2024-03-12 03:30:00,2003.3209342046052,2003.7512067145078,2002.0951402741696,2002.684074912146,338.0,25.0
2024-03-12 03:45:00,2002.684074912146,2004.9523656894903,2002.684074912146,2002.91002236643,83.0,25.0
2024-03-12 04:00:00,2002.91002236643,2003.1737162633422,2000.2722197856954,2001.204069532541,201.0,25.0
2024-03-12 04:15:00,2001.204069532541,2001.7342845468233,1999.840663037575,2000.3834525152383,470.0,25.0
2024-03-12 04:30:00,2000.3834525152383,2000.8654288034254,1999.427747058781,1999.427747058781,119.0,25.0
2024-03-12 04:45:00,1999.427747058781,2000.4815666504942,1998.686019717217,2000.4815666504942,341.0,25.0
2024-03-12 05:00:00,2000.4815666504942,2001.328458413554,1998.1311706041656,1998.1311706041656,380.0,25.0
2024-03-12 05:15:00,1998.1311706041656,1998.1311706041656,1994.8571877783502,1995.199505725168,169.0,25.0
2024-03-12 05:30:00,1995.199505725168,1999.7821272730823,1995.199505725168,1999.7821272730823,50.0,25.0
2024-03-12 05:45:00,1999.7821272730823,2000.9727967241422,1998.6750888459026,2000.9727967241422,250.0,25.0
2024-03-12 06:00:00,2000.9727967241422,2003.3155233374753,2000.6686619840393,2003.3155233374753,320.0,25.0
2024-03-12 06:15:00,2003.3155233374753,2005.3560075423713,2003.3155233374753,2004.3190580169228,87.0,25.0
2024-03-12 06:30:00,2004.3190580169228,2004.4783136174958,2003.416750867955,2003.416750867955,437.0,25.0
2024-03-12 06:45:00,2003.416750867955,2004.3824450606153,2002.6287197330046,2003.961622601871,112.0,25.0
2024-03-12 07:00:00,2003.961622601871,2007.2440316557518,2003.961622601871,2007.2440316557518,107.0,25.0
2024-03-12 07:15:00,2007.2440316557518,2007.9055177437326,2007.004075362164,2007.5291335670486,85.0,25.0
2024-03-12 07:30:00,2007.5291335670486,2009.0934040600102,2006.6478748349425,2008.194015221743,412.0,25.0
2024-03-12 07:45:00,2008.194015221743,2010.391686689197,2008.194015221743,2009.4698536818466,247.0,25.0
2024-03-12 08:00:00,2009.4698536818466,2009.4698536818466,2005.502183968934,2005.502183968934,408.0,25.0
2024-03-12 08:15:00,2005.502183968934,2007.5791670951423,2005.502183968934,2006.79504711475,270.0,25.0
2024-03-12 08:30:00,2006.79504711475,2010.0328246575286,2006.79504711475,2010.0328246575286,333.0,25.0
2024-03-12 08:45:00,2010.0328246575286,2012.0564429147043,2009.5189488109802,2010.7806193675822,100.0,25.0
2024-03-12 09:00:00,2010.7806193675822,2011.3197231171318,2010.702544242332,2010.722843979113,488.0,25.0
2024-03-12 09:15:00,2010.722843979113,2012.6034781472545,2010.2863598226252,2012.0675838694863,170.0,25.0
2024-03-12 09:30:00,2012.0675838694863,2012.2878470761013,2010.2981636900174,2010.2981636900174,76.0,25.0
2024-03-12 09:45:00,2010.2981636900174,2011.00435493352,2009.6892068723291,2009.9720913168967,498.0,25.0
2024-03-12 10:00:00,2009.9720913168967,2012.954282661278,2009.9720913168967,2012.954282661278,273.0,25.0
2024-03-12 10:15:00,2012.954282661278,2014.5844402394953,2012.181359480449,2014.5844402394953,315.0,25.0
2024-03-12 10:30:00,2014.5844402394953,2015.8855623819713,2014.3378667119096,2015.8855623819713,126.0,25.0
2024-03-12 10:45:00,2015.8855623819713,2016.5022296906577,2014.8368297231834,2016.5022296906577,155.0,25.0
2024-03-12 11:00:00,2016.5022296906577,2016.5022296906577,2015.4982713164038,2016.05225257722,500.0,25.0
2024-03-12 11:15:00,2016.05225257722,2016.3274983250976,2015.0550631246815,2015.4002042577356,61.0,25.0
2024-03-12 11:30:00,2015.4002042577356,2016.7410745700597,2015.4002042577356,2016.6677542573343,203.0,25.0
2024-03-12 11:45:00,2016.6677542573343,2018.3929738871425,2016.5759143353876,2018.3929738871425,238.0,25.0
2024-03-12 12:00:00,2018.3929738871425,2020.3658019051004,2018.3929738871425,2020.132993962996,451.0,25.0
2024-03-12 12:15:00,2020.132993962996,2021.12729207625,2018.379092376415,2018.379092376415,158.0,25.0
2024-03-12 12:30:00,2018.379092376415,2018.379092376415,2016.7079742530823,2018.1743607668768,328.0,25.0
2024-03-12 12:45:00,2018.1743607668768,2019.9378498640394,2016.8399113063888,2016.8399113063888,373.0,25.0
2024-03-12 13:00:00,2016.8399113063888,2016.956133415615,2014.9467946439668,2016.4127756730077,210.0,25.0
2024-03-12 13:15:00,2016.4127756730077,2018.3819876880893,2015.0066827259704,2018.3819876880893,170.0,25.0
2024-03-12 13:30:00,2018.3819876880893,2020.5750055348742,2017.585504967782,2018.0198799748787,138.0,25.0
2024-03-12 13:45:00,2018.0198799748787,2018.0198799748787,2013.0813577190027,2013.0813577190027,230.0,25.0
2024-03-12 14:00:00,2013.0813577190027,2017.121125701782,2013.0813577190027,2017.121125701782,345.0,25.0
2024-03-12 14:15:00,2017.121125701782,2017.3178307150547,2015.2293730416905,2015.2910614053424,111.0,25.0
2024-03-12 14:30:00,2015.2910614053424,2016.4167955289959,2014.0849237495254,2014.7386046014255,453.0,25.0
2024-03-12 14:45:00,2014.7386046014255,2017.9768052996096,2014.7386046014255,2017.9768052996096,478.0,25.0
2024-03-12 15:00:00,2017.9768052996096,2019.042790013166,2017.3671897477448,2018.361396063209,163.0,25.0
2024-03-12 15:15:00,2018.361396063209,2018.6569629222356,2013.179798414664,2013.179798414664,105.0,25.0
2024-03-12 15:30:00,2013.179798414664,2017.5405689042693,2013.179798414664,2016.9631926251022,148.0,25.0
2024-03-12 15:45:00,2016.9631926251022,2017.425698846557,2016.215590099485,2016.386196308364,401.0,25.0
2024-03-12 16:00:00,2016.386196308364,2016.492563367643,2014.4276228819595,2014.6240825649418,458.0,25.0
2024-03-12 16:15:00,2014.6240825649418,2016.6893936980573,2014.6240825649418,2016.6893936980573,175.0,25.0
2024-03-12 16:30:00,2016.6893936980573,2018.6209463600371,2016.0120858177029,2018.6209463600371,163.0,25.0
2024-03-12 16:45:00,2018.6209463600371,2023.1464551941656,2018.6209463600371,2023.1464551941656,240.0,25.0
2024-03-12 17:00:00,2023.1464551941656,2023.1464551941656,2019.1949756178233,2019.1949756178233,484.0,25.0
2024-03-12 17:15:00,2019.1949756178233,2022.0243186850842,2017.8910770351179,2022.0243186850842,140.0,25.0
2024-03-12 17:30:00,2022.0243186850842,2024.4455369592117,2021.5858239423937,2024.037046177214,85.0,25.0
2024-03-12 17:45:00,2024.037046177214,2027.529447613783,2024.037046177214,2026.589680609214,434.0,25.0
2024-03-12 18:00:00,2026.589680609214,2026.589680609214,2024.286617603673,2024.286617603673,157.0,25.0
2024-03-12 18:15:00,2024.286617603673,2026.4908291833206,2024.0465375236768,2024.0465375236768,164.0,25.0
2024-03-12 18:30:00,2024.0465375236768,2025.51218503445,2023.6955426554875,2024.283662934024,341.0,25.0
2024-03-12 18:45:00,2024.283662934024,2024.283662934024,2021.308823736154,2021.308823736154,272.0,25.0
2024-03-12 19:00:00,2021.308823736154,2022.9080223791666,2020.984379351711,2022.1055793244504,102.0,25.0
2024-03-12 19:15:00,2022.1055793244504,2022.1055793244504,2017.4983263299864,2017.4983263299864,457.0,25.0
2024-03-12 19:30:00,2017.4983263299864,2017.4983263299864,2013.143318939976,2015.2468841394527,472.0,25.0
2024-03-12 19:45:00,2015.2468841394527,2016.6834978675477,2015.2468841394527,2015.266578422549,159.0,25.0
2024-03-12 20:00:00,2015.266578422549,2015.7379140371852,2014.797467690409,2014.797467690409,434.0,25.0
2024-03-12 20:15:00,2014.797467690409,2016.9588775415589,2014.797467690409,2016.9588775415589,271.0,25.0
2024-03-12 20:30:00,2016.9588775415589,2017.7905713613268,2015.2564972410023,2015.2564972410023,289.0,25.0
2024-03-12 20:45:00,2015.2564972410023,2015.2564972410023,2012.3474465963156,2014.963274542026,342.0,25.0
2024-03-12 21:00:00,2014.963274542026,2015.4901977450634,2013.5874676627818,2014.1595878283733,299.0,25.0
2024-03-12 21:15:00,2014.1595878283733,2016.4983044216476,2014.0787355237085,2015.697546892078,302.0,25.0
2024-03-12 21:30:00,2015.697546892078,2015.697546892078,2013.1734369150518,2013.1734369150518,239.0,25.0
2024-03-12 21:45:00,2013.1734369150518,2014.5017541404834,2012.454368803327,2013.2285637752266,273.0,25.0
2024-03-12 22:00:00,2013.2285637752266,2014.477877437422,2013.2285637752266,2013.761330753889,57.0,25.0
2024-03-12 22:15:00,2013.761330753889,2015.9873986114235,2013.761330753889,2015.5102670274218,161.0,25.0
2024-03-12 22:30:00,2015.5102670274218,2016.0306118731353,2014.267470739004,2014.267470739004,488.0,25.0
2024-03-12 22:45:00,2014.267470739004,2015.6061995286057,2013.6099812423763,2013.6099812423763,162.0,25.0
2024-03-12 23:00:00,2013.6099812423763,2017.1660851040597,2013.6099812423763,2017.064963200634,209.0,25.0
2024-03-12 23:15:00,2017.064963200634,2017.9728463842487,2016.994723447307,2017.946182296623,351.0,25.0
2024-03-12 23:30:00,2017.946182296623,2018.5598248944202,2015.698358113197,2015.698358113197,56.0,25.0
2024-03-12 23:45:00,2015.698358113197,2018.9436038224187,2014.818962589356,2018.1972452876141,129.0,25.0
2024-03-13 00:00:00,2018.1972452876141,2018.1972452876141,2012.0717744655433,2012.0717744655433,276.0,25.0
2024-03-13 00:15:00,2012.0717744655433,2012.123713820075,2009.3825165201763,2009.3825165201763,277.0,25.0
2024-03-13 00:30:00,2009.3825165201763,2009.3825165201763,2007.7975508488137,2007.7975508488137,482.0,25.0
2024-03-13 00:45:00,2007.7975508488137,2008.6461554735874,2004.0018436952532,2004.9117567461221,257.0,25.0
2024-03-13 01:00:00,2004.9117567461221,2005.1139592383927,2004.2449507151794,2004.2449507151794,391.0,25.0
2024-03-13 01:15:00,2004.2449507151794,2004.2449507151794,2000.9148900881253,2000.9148900881253,436.0,25.0
2024-03-13 01:30:00,2000.9148900881253,2000.9148900881253,1998.1188257815013,1998.1377411752185,168.0,25.0
2024-03-13 01:45:00,1998.1377411752185,2001.5551489092031,1997.5170424131888,2001.5551489092031,171.0,25.0
2024-03-13 02:00:00,2001.5551489092031,2002.8082062012975,1999.9362961254374,2002.8082062012975,262.0,25.0
2024-03-13 02:15:00,2002.8082062012975,2004.0020812337307,2001.197034444565,2001.891270445994,384.0,25.0
2024-03-13 02:30:00,2001.891270445994,2005.7916346221052,2001.891270445994,2004.982441418591,417.0,25.0
2024-03-13 02:45:00,2004.982441418591,2009.1270023268316,2004.7705956089146,2009.1270023268316,345.0,25.0
2024-03-13 03:00:00,2009.1270023268316,2009.1270023268316,2007.2476547560711,2007.7218951336076,321.0,25.0
2024-03-13 03:15:00,2007.7218951336076,2007.7218951336076,2005.2274661913282,2005.683531435708,208.0,25.0
2024-03-13 03:30:00,2005.683531435708,2005.683531435708,2004.6111960786277,2004.6111960786277,301.0,25.0
2024-03-13 03:45:00,2004.6111960786277,2004.6111960786277,2003.2232954054425,2003.7105199988855,148.0,25.0
2024-03-13 04:00:00,2003.7105199988855,2005.1720141538372,2002.8827388841246,2005.1720141538372,310.0,25.0
2024-03-13 04:15:00,2005.1720141538372,2006.442303915924,2004.8715447359662,2006.3044766438409,335.0,25.0
2024-03-13 04:30:00,2006.3044766438409,2006.4251588365441,2005.5474099347673,2005.5474099347673,130.0,25.0
2024-03-13 04:45:00,2005.5474099347673,2006.6362412407939,2005.0299977111572,2005.0829761642644,447.0,25.0
2024-03-13 05:00:00,2005.0829761642644,2006.6254525116474,2005.0829761642644,2006.6254525116474,271.0,25.0
2024-03-13 05:15:00,2006.6254525116474,2009.4533971118883,2006.6254525116474,2008.7951856700965,330.0,25.0
2024-03-13 05:30:00,2008.7951856700965,2008.7951856700965,2006.124820547705,2006.5426457951082,279.0,25.0
2024-03-13 05:45:00,2006.5426457951082,2008.9119245984639,2006.5426457951082,2006.6929607953537,423.0,25.0
2024-03-13 06:00:00,2006.6929607953537,2007.9708981152944,2006.1980556102355,2007.641256531696,219.0,25.0
2024-03-13 06:15:00,2007.641256531696,2007.641256531696,2005.994818672702,2006.336359935996,94.0,25.0
2024-03-13 06:30:00,2006.336359935996,2008.8522851026726,2006.336359935996,2008.8522851026726,442.0,25.0
2024-03-13 06:45:00,2008.8522851026726,2009.3110840025627,2007.4912391088446,2008.1919880752544,135.0,25.0
2024-03-13 07:00:00,2008.1919880752544,2010.645732023527,2007.7955408090097,2010.645732023527,78.0,25.0
2024-03-13 07:15:00,2010.645732023527,2010.645732023527,2009.1716672658747,2010.3479804240087,224.0,25.0
2024-03-13 07:30:00,2010.3479804240087,2010.3479804240087,2007.7237704147542,2007.7237704147542,220.0,25.0
2024-03-13 07:45:00,2007.7237704147542,2010.1356255191686,2007.7237704147542,2010.1356255191686,139.0,25.0
2024-03-13 08:00:00,2010.1356255191686,2011.4954094560849,2009.3742578725487,2010.7863379105102,356.0,25.0
2024-03-13 08:15:00,2010.7863379105102,2014.6080974443817,2010.7863379105102,2014.6080974443817,234.0,25.0
2024-03-13 08:30:00,2014.6080974443817,2014.6080974443817,2012.3662995883178,2012.424235924379,484.0,25.0
2024-03-13 08:45:00,2012.424235924379,2015.520919947958,2011.8964769992313,2011.8964769992313,217.0,25.0
2024-03-13 09:00:00,2011.8964769992313,2012.7938438772435,2010.059245434997,2010.059245434997,51.0,25.0
2024-03-13 09:15:00,2010.059245434997,2010.059245434997,2008.0257053998826,2008.7398828368107,169.0,25.0
2024-03-13 09:30:00,2008.7398828368107,2011.3013849766535,2008.7398828368107,2010.6025749744817,231.0,25.0
2024-03-13 09:45:00,2010.6025749744817,2010.9564258805146,2008.3163302315718,2008.9079833838935,157.0,25.0
2024-03-13 10:00:00,2008.9079833838935,2009.2075924275314,2005.2325780352392,2005.2325780352392,328.0,25.0
2024-03-13 10:15:00,2005.2325780352392,2005.2325780352392,2003.7314457237849,2003.7314457237849,390.0,25.0
2024-03-13 10:30:00,2003.7314457237849,2004.9918529036595,2001.9139639518005,2001.9139639518005,449.0,25.0
2024-03-13 10:45:00,2001.9139639518005,2005.2847589603448,2001.9139639518005,2003.4073546576558,273.0,25.0
2024-03-13 11:00:00,2003.4073546576558,2004.5261053342017,2002.3609642054926,2002.3609642054926,68.0,25.0
2024-03-13 11:15:00,2002.3609642054926,2002.3609642054926,1996.635737130703,1996.635737130703,133.0,25.0
2024-03-13 11:30:00,1996.635737130703,1999.3140170066893,1996.4860286577423,1999.3140170066893,221.0,25.0
2024-03-13 11:45:00,1999.3140170066893,2002.086059328367,1999.3140170066893,2002.086059328367,352.0,25.0
2024-03-13 12:00:00,2002.086059328367,2003.8698836541432,2000.3797464907934,2003.8698836541432,315.0,25.0
2024-03-13 12:15:00,2003.8698836541432,2003.8698836541432,2001.7538560596506,2002.5193891394717,52.0,25.0
2024-03-13 12:30:00,2002.5193891394717,2002.9142353955847,2000.1143005603772,2002.9142353955847,461.0,25.0
2024-03-13 12:45:00,2002.9142353955847,2002.9142353955847,2001.1157031703117,2001.9959346261658,313.0,25.0
2024-03-13 13:00:00,2001.9959346261658,2006.0475467891222,2001.9959346261658,2003.0903515411385,344.0,25.0
2024-03-13 13:15:00,2003.0903515411385,2005.7062323369692,2002.3224885043758,2005.7062323369692,321.0,25.0
2024-03-13 13:30:00,2005.7062323369692,2005.7062323369692,2002.0514104596334,2002.0514104596334,126.0,25.0
2024-03-13 13:45:00,2002.0514104596334,2002.0514104596334,1999.073456767679,1999.073456767679,449.0,25.0
2024-03-13 14:00:00,1999.073456767679,1999.073456767679,1994.2431514927234,1994.8748296899846,475.0,25.0
2024-03-13 14:15:00,1994.8748296899846,1996.9659904894738,1994.1827492525763,1996.9659904894738,189.0,25.0
2024-03-13 14:30:00,1996.9659904894738,1996.9659904894738,1995.6623614374976,1996.035684376069,343.0,25.0
2024-03-13 14:45:00,1996.035684376069,1996.035684376069,1994.5626064092573,1994.5626064092573,55.0,25.0
2024-03-13 15:00:00,1994.5626064092573,1996.0603367711642,1994.4018189235517,1996.0603367711642,140.0,25.0
2024-03-13 15:15:00,1996.0603367711642,1996.915070035577,1995.1125231064555,1996.8197040021514,412.0,25.0
2024-03-13 15:30:00,1996.8197040021514,1997.3490423597539,1996.5711495628946,1997.3490423597539,107.0,25.0
2024-03-13 15:45:00,1997.3490423597539,1999.0604436072701,1996.4386206730487,1999.0604436072701,339.0,25.0
2024-03-13 16:00:00,1999.0604436072701,2001.6420416151316,1998.7955398916354,1999.5253507138455,170.0,25.0
2024-03-13 16:15:00,1999.5253507138455,1999.9403929817736,1998.2782274060623,1999.9403929817736,159.0,25.0
2024-03-13 16:30:00,1999.9403929817736,2002.0037864384728,1999.9403929817736,2001.706778605767,291.0,25.0
2024-03-13 16:45:00,2001.706778605767,2002.7842746539266,2001.6462572299297,2001.6462572299297,79.0,25.0
2024-03-13 17:00:00,2001.6462572299297,2001.6462572299297,1999.8581177768185,2000.4353229354458,90.0,25.0
2024-03-13 17:15:00,2000.4353229354458,2000.4353229354458,1997.5030178616273,1997.5030178616273,341.0,25.0
2024-03-13 17:30:00,1997.5030178616273,1998.487858709706,1997.5030178616273,1998.4090330488482,361.0,25.0
2024-03-13 17:45:00,1998.4090330488482,1999.936511631885,1998.2097666953393,1999.6789466041757,468.0,25.0
2024-03-13 18:00:00,1999.6789466041757,2001.3950162891924,1999.6789466041757,2001.3477063860382,119.0,25.0
2024-03-13 18:15:00,2001.3477063860382,2002.749469424138,2001.3477063860382,2002.683172163724,263.0,25.0
2024-03-13 18:30:00,2002.683172163724,2002.683172163724,2000.283946921646,2002.1043476850214,191.0,25.0
2024-03-13 18:45:00,2002.1043476850214,2002.9965254780486,2000.8873702561164,2000.8873702561164,60.0,25.0
2024-03-13 19:00:00,2000.8873702561164,2000.9298715857212,1997.7500988638246,1998.1673254245104,92.0,25.0
2024-03-13 19:15:00,1998.1673254245104,1998.9564624653915,1997.56293667519,1997.56293667519,186.0,25.0
2024-03-13 19:30:00,1997.56293667519,2000.7233626760205,1996.9297667535836,2000.7233626760205,337.0,25.0
2024-03-13 19:45:00,2000.7233626760205,2000.9304773835017,1999.1846059881857,1999.1846059881857,175.0,25.0
2024-03-13 20:00:00,1999.1846059881857,2000.57467689597,1998.7295241256043,1998.7295241256043,330.0,25.0
2024-03-13 20:15:00,1998.7295241256043,1999.3105663691047,1998.7295241256043,1999.2214603272196,358.0,25.0
2024-03-13 20:30:00,1999.2214603272196,1999.2214603272196,1997.1418427476183,1998.9051363359877,498.0,25.0
2024-03-13 20:45:00,1998.9051363359877,2000.9858316561365,1998.9051363359877,1999.6221384059336,151.0,25.0
2024-03-13 21:00:00,1999.6221384059336,1999.6221384059336,1997.347579393846,1997.4817368046406,273.0,25.0
2024-03-13 21:15:00,1997.4817368046406,1997.9248038331436,1995.132439999544,1996.1252542561729,413.0,25.0
2024-03-13 21:30:00,1996.1252542561729,1996.658212684786,1993.8657441568291,1993.8657441568291,143.0,25.0
2024-03-13 21:45:00,1993.8657441568291,1993.8657441568291,1990.5538507464632,1991.7531575902494,168.0,25.0
2024-03-13 22:00:00,1991.7531575902494,1992.0825831509471,1990.108724980477,1990.108724980477,207.0,25.0
2024-03-13 22:15:00,1990.108724980477,1990.6553458058502,1989.1634026464794,1989.2182783794074,247.0,25.0
2024-03-13 22:30:00,1989.2182783794074,1989.2182783794074,1987.141148514656,1988.1795792029955,496.0,25.0
2024-03-13 22:45:00,1988.1795792029955,1992.3826761583775,1988.1795792029955,1991.969633658887,409.0,25.0
2024-03-13 23:00:00,1991.969633658887,1993.173890397412,1991.969633658887,1993.173890397412,485.0,25.0
2024-03-13 23:15:00,1993.173890397412,1993.173890397412,1990.5204427635986,1990.5204427635986,354.0,25.0
2024-03-13 23:30:00,1990.5204427635986,1992.120705455592,1989.6131967823687,1992.120705455592,447.0,25.0
2024-03-13 23:45:00,1992.120705455592,1994.7728529839767,1992.120705455592,1994.7728529839767,341.0,25.0
2024-03-14 00:00:00,1994.7728529839767,1996.285468022476,1994.4909005700645,1996.285468022476,318.0,25.0
2024-03-14 00:15:00,1996.285468022476,1996.4503192029856,1995.403267287287,1996.2248306005129,169.0,25.0
2024-03-14 00:30:00,1996.2248306005129,2002.2550687357793,1996.2248306005129,2000.966232293599,419.0,25.0
2024-03-14 00:45:00,2000.966232293599,2000.966232293599,1996.8403253943634,1996.8403253943634,131.0,25.0
2024-03-14 01:00:00,1996.8403253943634,1998.2767865467533,1996.3329532749729,1996.3329532749729,206.0,25.0
2024-03-14 01:15:00,1996.3329532749729,1998.1805216373982,1996.3329532749729,1996.95007674806,271.0,25.0
2024-03-14 01:30:00,1996.95007674806,1996.95007674806,1993.6807699254543,1993.6807699254543,399.0,25.0
2024-03-14 01:45:00,1993.6807699254543,1993.6807699254543,1990.4883073204994,1990.6817734135573,384.0,25.0
2024-03-14 02:00:00,1990.6817734135573,1992.1895665304223,1989.624020332746,1989.624020332746,198.0,25.0
2024-03-14 02:15:00,1989.624020332746,1991.0450724121044,1988.2539112740524,1991.0450724121044,86.0,25.0
2024-03-14 02:30:00,1991.0450724121044,1992.218081013381,1991.0133825620774,1991.0565410745917,272.0,25.0
2024-03-14 02:45:00,1991.0565410745917,1993.2181700418055,1991.0565410745917,1992.9955412528536,394.0,25.0
2024-03-14 03:00:00,1992.9955412528536,1994.6944468574504,1991.4638716147952,1991.4638716147952,278.0,25.0
2024-03-14 03:15:00,1991.4638716147952,1992.825868218499,1989.2751168432694,1990.979108255399,392.0,25.0
2024-03-14 03:30:00,1990.979108255399,1993.669128515344,1990.896992157983,1993.1782990651436,307.0,25.0
2024-03-14 03:45:00,1993.1782990651436,1993.8212994145827,1992.4898041351023,1992.4898041351023,185.0,25.0
2024-03-14 04:00:00,1992.4898041351023,1995.3450616259684,1992.4898041351023,1995.1268451713083,362.0,25.0
2024-03-14 04:15:00,1995.1268451713083,1998.4628547588625,1994.0272816331078,1997.3511122522004,434.0,25.0
2024-03-14 04:30:00,1997.3511122522004,2000.9472701890888,1996.3829322720153,2000.9472701890888,51.0,25.0
2024-03-14 04:45:00,2000.9472701890888,2001.9017711116842,1999.2696486367536,2001.9017711116842,101.0,25.0
2024-03-14 05:00:00,2001.9017711116842,2003.292878412563,2000.9104224867665,2002.03799562008,391.0,25.0
2024-03-14 05:15:00,2002.03799562008,2003.0360836079597,2001.08930511658,2002.0388925882942,148.0,25.0
2024-03-14 05:30:00,2002.0388925882942,2002.6706705637034,2001.2050989806469,2001.6497384051718,399.0,25.0
2024-03-14 05:45:00,2001.6497384051718,2001.6497384051718,1998.978796593839,1999.8304185506547,440.0,25.0
2024-03-14 06:00:00,1999.8304185506547,2001.4197051959304,1998.5037960279512,1998.6997898866198,434.0,25.0
2024-03-14 06:15:00,1998.6997898866198,1999.7226617506228,1996.966860541246,1996.966860541246,253.0,25.0
2024-03-14 06:30:00,1996.966860541246,1997.978021200662,1996.9479606044167,1997.216631959873,237.0,25.0
2024-03-14 06:45:00,1997.216631959873,1997.216631959873,1995.9322144228058,1996.352089118252,316.0,25.0
2024-03-14 07:00:00,1996.352089118252,1999.60192891034,1996.352089118252,1998.585232770608,170.0,25.0
2024-03-14 07:15:00,1998.585232770608,2001.1889741982386,1998.585232770608,1999.3075667394696,151.0,25.0
2024-03-14 07:30:00,1999.3075667394696,2002.6189105243932,1998.4710000202217,2002.6189105243932,284.0,25.0
2024-03-14 07:45:00,2002.6189105243932,2003.582403921919,2002.4549676319411,2002.4549676319411,71.0,25.0
2024-03-14 08:00:00,2002.4549676319411,2004.2285212410095,2002.4549676319411,2004.2285212410095,132.0,25.0
2024-03-14 08:15:00,2004.2285212410095,2005.4715487912815,2004.2285212410095,2004.2397194406226,198.0,25.0
2024-03-14 08:30:00,2004.2397194406226,2004.2397194406226,1998.9821223801935,1998.9821223801935,331.0,25.0
2024-03-14 08:45:00,1998.9821223801935,2002.2716091746552,1998.7634303884306,2002.2716091746552,61.0,25.0
2024-03-14 09:00:00,2002.2716091746552,2002.296903170435,2000.230475897878,2000.2693385457428,203.0,25.0
2024-03-14 09:15:00,2000.2693385457428,2000.2693385457428,1998.3237436013349,1999.403674051487,457.0,25.0
2024-03-14 09:30:00,1999.403674051487,1999.403674051487,1995.2236811687335,1995.2236811687335,364.0,25.0
2024-03-14 09:45:00,1995.2236811687335,1996.3405932350124,1995.2165600744079,1995.2165600744079,97.0,25.0
2024-03-14 10:00:00,1995.2165600744079,1998.087250379184,1995.2165600744079,1996.912544123001,443.0,25.0
2024-03-14 10:15:00,1996.912544123001,1999.9190388763634,1996.2607382110787,1996.2607382110787,247.0,25.0
2024-03-14 10:30:00,1996.2607382110787,1998.9300413052865,1996.2607382110787,1997.7674109934376,336.0,25.0
2024-03-14 10:45:00,1997.7674109934376,1998.1666788000202,1995.7803958713669,1995.7803958713669,431.0,25.0
2024-03-14 11:00:00,1995.7803958713669,1999.0027799059574,1994.6917742057694,1999.0027799059574,463.0,25.0
2024-03-14 11:15:00,1999.0027799059574,1999.0027799059574,1996.2981993396945,1996.3900029441184,157.0,25.0
2024-03-14 11:30:00,1996.3900029441184,1996.695169623547,1992.4709272551002,1992.4709272551002,496.0,25.0
2024-03-14 11:45:00,1992.4709272551002,1994.04342592835,1991.8776363980114,1993.64479425854,294.0,25.0
2024-03-14 12:00:00,1993.64479425854,1994.755100711726,1991.9196883456202,1992.8900006678966,403.0,25.0
2024-03-14 12:15:00,1992.8900006678966,1993.893698780413,1990.8740641418408,1990.8740641418408,179.0,25.0
2024-03-14 12:30:00,1990.8740641418408,1992.1791936704292,1989.906861300172,1991.7814765899573,412.0,25.0
2024-03-14 12:45:00,1991.7814765899573,1993.8811169393837,1991.3178869214405,1993.8811169393837,320.0,25.0
2024-03-14 13:00:00,1993.8811169393837,1998.2256688045138,1993.6575538190955,1998.2256688045138,492.0,25.0
2024-03-14 13:15:00,1998.2256688045138,1998.2256688045138,1994.7072247487292,1994.7072247487292,194.0,25.0
2024-03-14 13:30:00,1994.7072247487292,1995.3212927496318,1994.2375092302484,1995.3212927496318,282.0,25.0
2024-03-14 13:45:00,1995.3212927496318,1998.036536357019,1995.3212927496318,1997.5845082951735,360.0,25.0
2024-03-14 14:00:00,1997.5845082951735,2001.1870498873145,1997.5845082951735,2000.5868513583498,145.0,25.0
2024-03-14 14:15:00,2000.5868513583498,2000.5868513583498,1997.738531131891,1999.3560384103944,84.0,25.0
2024-03-14 14:30:00,1999.3560384103944,1999.3560384103944,1995.9389915543445,1995.9389915543445,420.0,25.0
2024-03-14 14:45:00,1995.9389915543445,1997.3137945124267,1994.3501258335255,1995.3107822748354,487.0,25.0
2024-03-14 15:00:00,1995.3107822748354,1995.3107822748354,1993.5478358854712,1994.2413170133348,481.0,25.0
2024-03-14 15:15:00,1994.2413170133348,1996.2476394218904,1993.8899215775475,1996.2476394218904,298.0,25.0
2024-03-14 15:30:00,1996.2476394218904,1997.3812531786862,1996.2349701748476,1997.3812531786862,463.0,25.0
2024-03-14 15:45:00,1997.3812531786862,1998.2071972317538,1996.820653880187,1998.050347641364,421.0,25.0
2024-03-14 16:00:00,1998.050347641364,1998.050347641364,1994.9188059932917,1994.9188059932917,274.0,25.0
2024-03-14 16:15:00,1994.9188059932917,1994.9188059932917,1992.3309083402314,1992.3309083402314,341.0,25.0
2024-03-14 16:30:00,1992.3309083402314,1993.2786048315668,1991.4800707146492,1991.4800707146492,428.0,25.0
2024-03-14 16:45:00,1991.4800707146492,1993.9246981360084,1991.4800707146492,1993.9246981360084,451.0,25.0
2024-03-14 17:00:00,1993.9246981360084,1995.750105446056,1993.9246981360084,1994.5073272363372,196.0,25.0
2024-03-14 17:15:00,1994.5073272363372,1994.5073272363372,1990.3607217483677,1990.3607217483677,162.0,25.0
2024-03-14 17:30:00,1990.3607217483677,1995.4832003119523,1990.3607217483677,1995.4832003119523,238.0,25.0
2024-03-14 17:45:00,1995.4832003119523,1997.7918062871836,1995.4832003119523,1996.400898503728,220.0,25.0
2024-03-14 18:00:00,1996.400898503728,1996.945245499606,1995.8843581954884,1995.8843581954884,326.0,25.0
2024-03-14 18:15:00,1995.8843581954884,1995.9739439604118,1995.2408779692955,1995.8556098916479,264.0,25.0
2024-03-14 18:30:00,1995.8556098916479,1999.094720519467,1995.8556098916479,1999.094720519467,263.0,25.0
2024-03-14 18:45:00,1999.094720519467,2001.2609337736221,1998.0550218974693,2001.2609337736221,138.0,25.0
2024-03-14 19:00:00,2001.2609337736221,2003.4820182767082,2000.3047792477898,2000.3047792477898,131.0,25.0
2024-03-14 19:15:00,2000.3047792477898,2003.0269105132647,2000.3047792477898,2003.0269105132647,278.0,25.0
2024-03-14 19:30:00,2003.0269105132647,2004.226360526708,2002.2850638276043,2003.3894354700492,333.0,25.0
2024-03-14 19:45:00,2003.3894354700492,2003.3894354700492,2001.7503046722616,2002.7403360847993,147.0,25.0
2024-03-14 20:00:00,2002.7403360847993,2009.0080021439576,2002.5699356912598,2009.0080021439576,345.0,25.0
2024-03-14 20:15:00,2009.0080021439576,2010.7943902678749,2008.3906987262687,2008.3906987262687,122.0,25.0
2024-03-14 20:30:00,2008.3906987262687,2011.1105785691361,2008.296666257161,2009.215409153397,441.0,25.0
2024-03-14 20:45:00,2009.215409153397,2009.9551116837622,2007.505630441887,2008.6797628740119,53.0,25.0
2024-03-14 21:00:00,2008.6797628740119,2009.7384539056989,2007.8696148609504,2009.7384539056989,429.0,25.0
2024-03-14 21:15:00,2009.7384539056989,2013.7722326757691,2009.7384539056989,2013.7722326757691,309.0,25.0
2024-03-14 21:30:00,2013.7722326757691,2013.9133953872092,2011.293697086258,2011.293697086258,189.0,25.0
2024-03-14 21:45:00,2011.293697086258,2012.5959290115723,2010.1907408088305,2010.1907408088305,327.0,25.0
2024-03-14 22:00:00,2010.1907408088305,2012.1846578767843,2010.1907408088305,2011.7605536354074,135.0,25.0
2024-03-14 22:15:00,2011.7605536354074,2011.7605536354074,2007.9929317168062,2009.710830850386,79.0,25.0
2024-03-14 22:30:00,2009.710830850386,2010.5746993537184,2008.5037899613699,2010.0174360647309,157.0,25.0
2024-03-14 22:45:00,2010.0174360647309,2010.16542216131,2008.5838855164932,2009.7019171550023,322.0,25.0
2024-03-14 23:00:00,2009.7019171550023,2011.0325752188642,2009.3075655263613,2009.3075655263613,127.0,25.0
2024-03-14 23:15:00,2009.3075655263613,2009.935261579711,2008.6045928552344,2008.6045928552344,439.0,25.0
2024-03-14 23:30:00,2008.6045928552344,2008.7806666342497,2007.1198148275662,2007.9528353196877,437.0,25.0
2024-03-14 23:45:00,2007.9528353196877,2009.3069103244334,2007.687614049871,2009.0684643378431,142.0,25.0
2024-03-15 00:00:00,2009.0684643378431,2009.3119371076577,2008.0023609990503,2008.0023609990503,456.0,25.0
2024-03-15 00:15:00,2008.0023609990503,2013.0684327511353,2008.0023609990503,2013.0684327511353,499.0,25.0
2024-03-15 00:30:00,2013.0684327511353,2013.6509155660945,2011.8345614909401,2011.8345614909401,283.0,25.0
2024-03-15 00:45:00,2011.8345614909401,2012.2530508793825,2011.2717071666364,2011.2717071666364,356.0,25.0
2024-03-15 01:00:00,2011.2717071666364,2012.550969213281,2010.5930819383816,2011.4691251324139,409.0,25.0
2024-03-15 01:15:00,2011.4691251324139,2011.4691251324139,2004.0566611810116,2004.0566611810116,401.0,25.0
2024-03-15 01:30:00,2004.0566611810116,2006.489630883372,2003.7210813247912,2006.489630883372,56.0,25.0
2024-03-15 01:45:00,2006.489630883372,2009.29192729932,2006.489630883372,2008.5538639581948,440.0,25.0
2024-03-15 02:00:00,2008.5538639581948,2009.481022322087,2007.8190210667353,2007.8190210667353,81.0,25.0
2024-03-15 02:15:00,2007.8190210667353,2011.917271508116,2007.8190210667353,2011.917271508116,372.0,25.0
2024-03-15 02:30:00,2011.917271508116,2011.917271508116,2009.4909907038457,2009.4909907038457,254.0,25.0
2024-03-15 02:45:00,2009.4909907038457,2015.4763606313334,2009.4909907038457,2015.4763606313334,119.0,25.0
2024-03-15 03:00:00,2015.4763606313334,2017.3003485527172,2014.2695976327268,2014.2695976327268,402.0,25.0
2024-03-15 03:15:00,2014.2695976327268,2015.2987126505923,2013.0345842364522,2013.0345842364522,197.0,25.0
2024-03-15 03:30:00,2013.0345842364522,2013.1120159968975,2010.077092333668,2010.1478789780003,253.0,25.0
2024-03-15 03:45:00,2010.1478789780003,2010.1478789780003,2007.1317235818244,2007.1317235818244,162.0,25.0
2024-03-15 04:00:00,2007.1317235818244,2009.8349732247007,2007.1317235818244,2009.8349732247007,424.0,25.0
2024-03-15 04:15:00,2009.8349732247007,2011.4953409411132,2009.418685626521,2010.618615767597,284.0,25.0
2024-03-15 04:30:00,2010.618615767597,2012.0558672916927,2008.9332064201196,2012.0558672916927,187.0,25.0
2024-03-15 04:45:00,2012.0558672916927,2012.7297741956681,2011.2440956904015,2011.2440956904015,472.0,25.0
2024-03-15 05:00:00,2011.2440956904015,2013.5053441755172,2010.9976947170198,2013.4205090286746,337.0,25.0
2024-03-15 05:15:00,2013.4205090286746,2013.4205090286746,2010.968709236857,2010.968709236857,314.0,25.0
2024-03-15 05:30:00,2010.968709236857,2010.968709236857,2007.608742153176,2007.8743882936042,310.0,25.0
2024-03-15 05:45:00,2007.8743882936042,2007.8743882936042,2003.9319639753032,2003.9319639753032,170.0,25.0
2024-03-15 06:00:00,2003.9319639753032,2007.489858353093,2003.9319639753032,2007.1739430103037,351.0,25.0
2024-03-15 06:15:00,2007.1739430103037,2007.1739430103037,2003.3950827568303,2005.274030598026,109.0,25.0
2024-03-15 06:30:00,2005.274030598026,2008.7825115764228,2005.274030598026,2008.7825115764228,185.0,25.0
2024-03-15 06:45:00,2008.7825115764228,2011.9218796666635,2008.7825115764228,2011.9218796666635,145.0,25.0
2024-03-15 07:00:00,2011.9218796666635,2012.0390733204717,2009.379260396055,2010.1691641437692,58.0,25.0
2024-03-15 07:15:00,2010.1691641437692,2014.0656322054645,2010.1691641437692,2014.0656322054645,287.0,25.0
2024-03-15 07:30:00,2014.0656322054645,2014.0656322054645,2010.8585597152653,2010.8585597152653,455.0,25.0
2024-03-15 07:45:00,2010.8585597152653,2011.4274949430396,2009.005475075422,2009.2954560354367,154.0,25.0
2024-03-15 08:00:00,2009.2954560354367,2010.1501602304443,2007.9868438460335,2007.9868438460335,499.0,25.0
2024-03-15 08:15:00,2007.9868438460335,2008.2296138971747,2005.1818567950338,2005.1818567950338,291.0,25.0
2024-03-15 08:30:00,2005.1818567950338,2008.6918506934444,2005.0890406411595,2008.6918506934444,106.0,25.0
2024-03-15 08:45:00,2008.6918506934444,2009.003363297117,2007.306403626937,2008.39540533611,409.0,25.0
2024-03-15 09:00:00,2008.39540533611,2008.39540533611,2004.5784194148732,2004.5784194148732,390.0,25.0
2024-03-15 09:15:00,2004.5784194148732,2004.6647264494236,2002.2703387846987,2002.2703387846987,297.0,25.0
2024-03-15 09:30:00,2002.2703387846987,2004.5812747179002,2002.2703387846987,2002.9886504733443,345.0,25.0
2024-03-15 09:45:00,2002.9886504733443,2004.1169688699397,2002.423561802574,2004.1169688699397,358.0,25.0
2024-03-15 10:00:00,2004.1169688699397,2006.6381694022832,2003.8660495670404,2005.028405017965,294.0,25.0
2024-03-15 10:15:00,2005.028405017965,2005.028405017965,2003.0240269443384,2003.8012147852826,68.0,25.0
2024-03-15 10:30:00,2003.8012147852826,2004.9244159315997,2002.6018341511337,2003.4701653516759,179.0,25.0
2024-03-15 10:45:00,2003.4701653516759,2005.5700943009833,2003.4701653516759,2004.9260505366472,72.0,25.0
2024-03-15 11:00:00,2004.9260505366472,2006.4006848886338,2004.9260505366472,2006.4006848886338,80.0,25.0
2024-03-15 11:15:00,2006.4006848886338,2006.4006848886338,2004.124580976302,2004.9262108017247,493.0,25.0
2024-03-15 11:30:00,2004.9262108017247,2004.9262108017247,2001.2884025997732,2001.7114126703993,406.0,25.0
2024-03-15 11:45:00,2001.7114126703993,2002.667497990275,2000.3757140657747,2001.7406194974633,459.0,25.0
2024-03-15 12:00:00,2001.7406194974633,2001.7406194974633,2000.440640365563,2000.7692465211958,136.0,25.0
2024-03-15 12:15:00,2000.7692465211958,2003.60020742741,2000.7692465211958,2002.30321492937,99.0,25.0
2024-03-15 12:30:00,2002.30321492937,2004.136666004854,2001.7645067691278,2003.3141345784647,135.0,25.0
2024-03-15 12:45:00,2003.3141345784647,2004.7903207974668,2003.1078599910652,2004.7903207974668,91.0,25.0
2024-03-15 13:00:00,2004.7903207974668,2004.7903207974668,2002.7779971768043,2002.7779971768043,191.0,25.0
2024-03-15 13:15:00,2002.7779971768043,2006.5509111782135,2002.7779971768043,2006.5509111782135,420.0,25.0
2024-03-15 13:30:00,2006.5509111782135,2006.7845972740934,2005.7514575726923,2006.6431827403035,254.0,25.0
2024-03-15 13:45:00,2006.6431827403035,2008.6498910595476,2006.6431827403035,2007.8220083308684,122.0,25.0
2024-03-15 14:00:00,2007.8220083308684,2010.0850157922216,2006.4547954734896,2006.4547954734896,114.0,25.0
2024-03-15 14:15:00,2006.4547954734896,2009.0704824101422,2006.2660812418433,2008.1952098196944,251.0,25.0
2024-03-15 14:30:00,2008.1952098196944,2008.4615229817607,2006.3510348351572,2007.4485469810554,73.0,25.0
2024-03-15 14:45:00,2007.4485469810554,2010.939252483057,2007.4485469810554,2010.7810099819276,384.0,25.0
2024-03-15 15:00:00,2010.7810099819276,2012.7853660655494,2010.7810099819276,2012.2386029967493,98.0,25.0
2024-03-15 15:15:00,2012.2386029967493,2014.8140128550672,2012.2386029967493,2014.5993566982909,92.0,25.0
2024-03-15 15:30:00,2014.5993566982909,2016.4150348872413,2014.0406765311368,2016.4150348872413,402.0,25.0
2024-03-15 15:45:00,2016.4150348872413,2017.4896412479757,2016.4150348872413,2016.7015012837926,156.0,25.0
2024-03-15 16:00:00,2016.7015012837926,2016.7015012837926,2013.023867877074,2013.023867877074,479.0,25.0
2024-03-15 16:15:00,2013.023867877074,2013.1043732717856,2011.6741114115687,2011.8570035434066,112.0,25.0
2024-03-15 16:30:00,2011.8570035434066,2014.2274625478876,2011.8570035434066,2012.842793192319,280.0,25.0
2024-03-15 16:45:00,2012.842793192319,2012.842793192319,2011.6412988869404,2011.6412988869404,225.0,25.0
2024-03-15 17:00:00,2011.6412988869404,2013.3247861501793,2011.572265491545,2012.8251726924664,92.0,25.0
2024-03-15 17:15:00,2012.8251726924664,2012.8251726924664,2011.1206222775402,2011.1206222775402,322.0,25.0
2024-03-15 17:30:00,2011.1206222775402,2011.91553521332,2010.0230151774094,2010.0388084709273,90.0,25.0
2024-03-15 17:45:00,2010.0388084709273,2010.9914413235072,2008.9179547958024,2009.7557774790853,317.0,25.0
2024-03-15 18:00:00,2009.7557774790853,2009.932965555804,2007.7741098783874,2007.7741098783874,82.0,25.0
2024-03-15 18:15:00,2007.7741098783874,2007.7741098783874,2006.2411312712745,2006.2411312712745,355.0,25.0
2024-03-15 18:30:00,2006.2411312712745,2007.9563712079494,2006.2411312712745,2007.9563712079494,487.0,25.0
2024-03-15 18:45:00,2007.9563712079494,2008.307946363574,2006.6033321930927,2006.6033321930927,462.0,25.0
2024-03-15 19:00:00,2006.6033321930927,2006.6033321930927,2003.4567924276612,2003.5490258941386,278.0,25.0
2024-03-15 19:15:00,2003.5490258941386,2003.5933060433308,2000.8688039789624,2001.333141793238,399.0,25.0
2024-03-15 19:30:00,2001.333141793238,2001.333141793238,1999.3178870346617,1999.3990140249487,191.0,25.0
2024-03-15 19:45:00,1999.3990140249487,2001.060188699984,1999.3990140249487,2001.060188699984,348.0,25.0
2024-03-15 20:00:00,2001.060188699984,2001.060188699984,1997.7139172657296,1997.7139172657296,174.0,25.0
2024-03-15 20:15:00,1997.7139172657296,1997.7139172657296,1995.610435141061,1995.610435141061,453.0,25.0
2024-03-15 20:30:00,1995.610435141061,1999.1894703548671,1995.610435141061,1997.1753113199072,479.0,25.0
2024-03-15 20:45:00,1997.1753113199072,1997.5158202155876,1995.725068118623,1996.2579629093232,83.0,25.0
2024-03-15 21:00:00,1996.2579629093232,1997.4738985781678,1995.86951574555,1997.4738985781678,219.0,25.0
2024-03-15 21:15:00,1997.4738985781678,1999.5025961573344,1996.5013068372264,1998.4811015030389,113.0,25.0
2024-03-15 21:30:00,1998.4811015030389,1999.7900545265304,1997.6832184438783,1999.6516234063627,113.0,25.0
2024-03-15 21:45:00,1999.6516234063627,2000.475670300659,1998.5213442271656,1999.9091835703894,264.0,25.0
2024-03-15 22:00:00,1999.9091835703894,2004.0463961203036,1999.9091835703894,2002.9208773143891,75.0,25.0
2024-03-15 22:15:00,2002.9208773143891,2004.294707619784,1998.8408062499773,1998.8408062499773,463.0,25.0
2024-03-15 22:30:00,1998.8408062499773,2001.0649968974947,1998.225623951238,1999.6643142451478,438.0,25.0
2024-03-15 22:45:00,1999.6643142451478,1999.6643142451478,1995.8780670366816,1996.5929947576408,129.0,25.0
2024-03-15 23:00:00,1996.5929947576408,1997.7254109216333,1996.5266349800445,1997.6201477247225,264.0,25.0
2024-03-15 23:15:00,1997.6201477247225,1997.6201477247225,1995.1266450345918,1995.2386268646874,433.0,25.0
2024-03-15 23:30:00,1995.2386268646874,1996.161006344669,1994.4213289715478,1996.161006344669,220.0,25.0
2024-03-15 23:45:00,1996.161006344669,1998.134186260745,1995.7158184832745,1995.864878614184,370.0,25.0
2024-03-18 00:00:00,1995.864878614184,1995.864878614184,1993.8550527464286,1995.3066376083714,195.0,25.0
2024-03-18 00:15:00,1995.3066376083714,1998.9697528781503,1995.3066376083714,1998.4048774955127,367.0,25.0
2024-03-18 00:30:00,1998.4048774955127,2001.2351777059293,1998.4048774955127,2001.2351777059293,375.0,25.0
2024-03-18 00:45:00,2001.2351777059293,2001.2351777059293,1997.9238612033819,1997.9238612033819,445.0,25.0
2024-03-18 01:00:00,1997.9238612033819,1999.2184808984578,1996.6404572854328,1996.6580446766295,490.0,25.0
2024-03-18 01:15:00,1996.6580446766295,1997.0006136451548,1996.234417216133,1996.234417216133,308.0,25.0
2024-03-18 01:30:00,1996.234417216133,1996.2768004115958,1990.025951174273,1990.025951174273,309.0,25.0
2024-03-18 01:45:00,1990.025951174273,1990.8379090116396,1989.7207675749594,1989.9793271293618,282.0,25.0
2024-03-18 02:00:00,1989.9793271293618,1991.941508790961,1988.8448070198317,1991.2799119346992,208.0,25.0
2024-03-18 02:15:00,1991.2799119346992,1991.2799119346992,1985.8244058876683,1986.0571845443014,407.0,25.0
2024-03-18 02:30:00,1986.0571845443014,1986.3917307592708,1985.1985033941683,1985.8481841555788,228.0,25.0
2024-03-18 02:45:00,1985.8481841555788,1991.8903822627024,1985.8481841555788,1991.8903822627024,244.0,25.0
2024-03-18 03:00:00,1991.8903822627024,1993.5446994568713,1991.6913226755369,1993.5446994568713,406.0,25.0
2024-03-18 03:15:00,1993.5446994568713,1994.0495658513896,1992.936043080207,1994.0495658513896,79.0,25.0
2024-03-18 03:30:00,1994.0495658513896,1995.2054715871016,1992.926909011924,1993.5224676766936,300.0,25.0
2024-03-18 03:45:00,1993.5224676766936,1994.3497537331073,1992.5530848173464,1994.3497537331073,208.0,25.0
2024-03-18 04:00:00,1994.3497537331073,1994.3497537331073,1993.7218707058769,1993.7218707058769,150.0,25.0
2024-03-18 04:15:00,1993.7218707058769,1993.9973998818111,1992.3240739975533,1992.5851567265163,296.0,25.0
2024-03-18 04:30:00,1992.5851567265163,1994.3578908030825,1992.5851567265163,1993.3446552591531,342.0,25.0
2024-03-18 04:45:00,1993.3446552591531,1996.4473465227686,1993.3446552591531,1996.3654735111138,346.0,25.0
2024-03-18 05:00:00,1996.3654735111138,1996.3654735111138,1993.4812644361757,1993.6968604553417,110.0,25.0
2024-03-18 05:15:00,1993.6968604553417,1997.8320231029957,1993.6968604553417,1996.7169157187745,300.0,25.0
2024-03-18 05:30:00,1996.7169157187745,1999.0364065595384,1996.7169157187745,1998.99235029547,258.0,25.0
2024-03-18 05:45:00,1998.99235029547,1999.1956910554477,1997.238216522711,1997.238216522711,416.0,25.0
2024-03-18 06:00:00,1997.238216522711,1999.6188917629825,1996.8420286305181,1998.6764722036035,373.0,25.0
2024-03-18 06:15:00,1998.6764722036035,2000.5746740053887,1997.832076505431,1999.457441559806,54.0,25.0
2024-03-18 06:30:00,1999.457441559806,2001.6937404705554,1999.2604023763463,1999.4112401291552,291.0,25.0
2024-03-18 06:45:00,1999.4112401291552,2001.8704399912594,1998.8955450424796,1998.8955450424796,125.0,25.0
2024-03-18 07:00:00,1998.8955450424796,2000.4966118765237,1997.852243074769,1998.308039299743,304.0,25.0
2024-03-18 07:15:00,1998.308039299743,1998.4828104662329,1996.2693154447807,1996.2693154447807,251.0,25.0
2024-03-18 07:30:00,1996.2693154447807,1996.9326543541742,1993.5991283578946,1993.5991283578946,448.0,25.0
2024-03-18 07:45:00,1993.5991283578946,1993.9099047323818,1992.5429908638616,1993.9099047323818,143.0,25.0
2024-03-18 08:00:00,1993.9099047323818,1994.2142366710384,1993.6539625047176,1993.8844832725595,346.0,25.0
2024-03-18 08:15:00,1993.8844832725595,1994.9261744688213,1993.653535641597,1994.9261744688213,471.0,25.0
2024-03-18 08:30:00,1994.9261744688213,1994.9261744688213,1992.498706339839,1993.063384359842,343.0,25.0
2024-03-18 08:45:00,1993.063384359842,1993.063384359842,1990.1184661169523,1990.4649750594629,254.0,25.0
2024-03-18 09:00:00,1990.4649750594629,1992.6583734538049,1990.4649750594629,1990.9574541949698,203.0,25.0
2024-03-18 09:15:00,1990.9574541949698,1990.9574541949698,1988.1328401407027,1988.1328401407027,141.0,25.0
2024-03-18 09:30:00,1988.1328401407027,1988.201965793655,1986.3450344011535,1986.4940128577653,235.0,25.0
2024-03-18 09:45:00,1986.4940128577653,1987.1157829480037,1985.3249739335074,1985.3249739335074,159.0,25.0
2024-03-18 10:00:00,1985.3249739335074,1985.3249739335074,1983.52044954452,1983.9263227804645,146.0,25.0
2024-03-18 10:15:00,1983.9263227804645,1984.2545252029386,1979.5713358089254,1979.5713358089254,364.0,25.0
2024-03-18 10:30:00,1979.5713358089254,1980.3097790031336,1978.2032990129921,1980.3097790031336,480.0,25.0
2024-03-18 10:45:00,1980.3097790031336,1982.4865950181534,1980.3097790031336,1982.4865950181534,65.0,25.0
2024-03-18 11:00:00,1982.4865950181534,1984.1637036651182,1980.9024017998045,1982.3419117645062,340.0,25.0
2024-03-18 11:15:00,1982.3419117645062,1983.6583367487513,1980.6680509259634,1983.6583367487513,220.0,25.0
2024-03-18 11:30:00,1983.6583367487513,1986.0731226850496,1983.6583367487513,1986.0731226850496,149.0,25.0
2024-03-18 11:45:00,1986.0731226850496,1988.8841076406995,1986.0731226850496,1988.0995831691928,284.0,25.0
2024-03-18 12:00:00,1988.0995831691928,1989.5378032793305,1988.0995831691928,1989.5378032793305,292.0,25.0
2024-03-18 12:15:00,1989.5378032793305,1991.483209568573,1988.9846872754424,1991.483209568573,341.0,25.0
2024-03-18 12:30:00,1991.483209568573,1991.94899263127,1990.2733013919665,1990.5434974230734,56.0,25.0
2024-03-18 12:45:00,1990.5434974230734,1991.658057778455,1988.865788633762,1989.2180712702957,176.0,25.0
2024-03-18 13:00:00,1989.2180712702957,1992.672218609916,1989.2180712702957,1992.672218609916,263.0,25.0
2024-03-18 13:15:00,1992.672218609916,1992.7604279426016,1990.6767398583163,1992.7604279426016,477.0,25.0
2024-03-18 13:30:00,1992.7604279426016,1993.1773365391443,1990.4055508390913,1991.7572655552965,330.0,25.0
2024-03-18 13:45:00,1991.7572655552965,1991.7572655552965,1988.973615222263,1990.0167353875047,290.0,25.0
2024-03-18 14:00:00,1990.0167353875047,1990.4517503187526,1988.859094275826,1989.9916097522625,219.0,25.0
2024-03-18 14:15:00,1989.9916097522625,1991.777275926045,1989.9916097522625,1991.681814101805,192.0,25.0
2024-03-18 14:30:00,1991.681814101805,1992.4989241443586,1990.128321992065,1991.9388067430282,477.0,25.0
2024-03-18 14:45:00,1991.9388067430282,1992.0747749775057,1990.5332935377933,1990.5332935377933,65.0,25.0
2024-03-18 15:00:00,1990.5332935377933,1990.5332935377933,1986.8304957529917,1986.8304957529917,223.0,25.0
2024-03-18 15:15:00,1986.8304957529917,1987.0786254454426,1984.4420966986254,1985.033261421189,353.0,25.0
2024-03-18 15:30:00,1985.033261421189,1985.033261421189,1982.2183366413155,1982.2183366413155,116.0,25.0
2024-03-18 15:45:00,1982.2183366413155,1983.1960973194834,1980.0444631926919,1983.1960973194834,259.0,25.0
2024-03-18 16:00:00,1983.1960973194834,1985.1977294331932,1983.0330093271577,1985.187276524402,244.0,25.0
2024-03-18 16:15:00,1985.187276524402,1985.4623020869976,1982.9427482709928,1983.9821271699702,218.0,25.0
2024-03-18 16:30:00,1983.9821271699702,1985.4655104701037,1982.7148504043325,1983.5888715467863,413.0,25.0
2024-03-18 16:45:00,1983.5888715467863,1984.761134696248,1983.5888715467863,1984.5270046053015,178.0,25.0
2024-03-18 17:00:00,1984.5270046053015,1986.0487207039255,1984.5270046053015,1984.8590376428413,168.0,25.0
2024-03-18 17:15:00,1984.8590376428413,1987.6584244211392,1984.8590376428413,1987.1876218060638,117.0,25.0
2024-03-18 17:30:00,1987.1876218060638,1988.508196952242,1986.6228547246615,1987.3847958227727,332.0,25.0
2024-03-18 17:45:00,1987.3847958227727,1990.973386676657,1987.3847958227727,1990.1711061001888,105.0,25.0
2024-03-18 18:00:00,1990.1711061001888,1990.1711061001888,1987.4384180580905,1988.412982386398,357.0,25.0
2024-03-18 18:15:00,1988.412982386398,1990.279220585078,1987.2349352564497,1990.279220585078,486.0,25.0
2024-03-18 18:30:00,1990.279220585078,1990.279220585078,1986.655195193835,1987.7360159956918,93.0,25.0
2024-03-18 18:45:00,1987.7360159956918,1989.6940216830476,1987.4825485243396,1988.0112651548197,144.0,25.0
2024-03-18 19:00:00,1988.0112651548197,1989.582384807455,1988.0112651548197,1988.712801909882,337.0,25.0
2024-03-18 19:15:00,1988.712801909882,1988.712801909882,1987.6201892155684,1987.9393598100685,291.0,25.0
2024-03-18 19:30:00,1987.9393598100685,1987.9607839239518,1986.2380305212675,1986.9216207248228,240.0,25.0
2024-03-18 19:45:00,1986.9216207248228,1988.950029846297,1986.8091714783789,1987.6995669742041,409.0,25.0
2024-03-18 20:00:00,1987.6995669742041,1989.0999898667096,1987.6995669742041,1988.6825821034824,214.0,25.0
2024-03-18 20:15:00,1988.6825821034824,1989.8653335726394,1988.4658008751196,1989.5476539704382,305.0,25.0
2024-03-18 20:30:00,1989.5476539704382,1990.3067177097091,1988.827589231005,1990.3067177097091,423.0,25.0
2024-03-18 20:45:00,1990.3067177097091,1991.663398427389,1990.2316614009753,1991.4875624897104,245.0,25.0
2024-03-18 21:00:00,1991.4875624897104,1992.4813730303201,1991.1529727649638,1991.1529727649638,496.0,25.0
2024-03-18 21:15:00,1991.1529727649638,1992.0829758680604,1988.7399566155418,1988.7399566155418,53.0,25.0
2024-03-18 21:30:00,1988.7399566155418,1991.2612212331046,1988.6276164750768,1990.9466171769027,131.0,25.0
2024-03-18 21:45:00,1990.9466171769027,1991.2277774363197,1987.809508311858,1988.5178646251268,151.0,25.0
2024-03-18 22:00:00,1988.5178646251268,1988.6231321460389,1987.7908763961336,1988.4272548963804,265.0,25.0
2024-03-18 22:15:00,1988.4272548963804,1988.727694783828,1987.9445752077352,1988.6754463688085,294.0,25.0
2024-03-18 22:30:00,1988.6754463688085,1990.8788835228863,1988.6754463688085,1988.8614586770047,211.0,25.0
2024-03-18 22:45:00,1988.8614586770047,1991.051365882088,1988.1150137631748,1988.1150137631748,421.0,25.0
2024-03-18 23:00:00,1988.1150137631748,1988.9356679728585,1987.0499438722325,1988.9356679728585,100.0,25.0
2024-03-18 23:15:00,1988.9356679728585,1991.43423059219,1988.4644211157351,1991.43423059219,297.0,25.0
2024-03-18 23:30:00,1991.43423059219,1994.3687987740304,1991.1618538649298,1994.3687987740304,84.0,25.0
2024-03-18 23:45:00,1994.3687987740304,1996.1899247443814,1994.3687987740304,1995.2415157122343,476.0,25.0
2024-03-19 00:00:00,1995.2415157122343,1995.5576980316625,1993.5229144683774,1995.3090834440948,80.0,25.0
2024-03-19 00:15:00,1995.3090834440948,1996.0205995089486,1994.6013825768807,1996.0205995089486,355.0,25.0
2024-03-19 00:30:00,1996.0205995089486,1996.1223262740953,1994.0720274671821,1996.0153261336377,170.0,25.0
2024-03-19 00:45:00,1996.0153261336377,1996.3878586721326,1994.6017650778815,1994.9818687927757,274.0,25.0
2024-03-19 01:00:00,1994.9818687927757,1996.6778787609635,1994.9818687927757,1995.5982270337336,297.0,25.0
2024-03-19 01:15:00,1995.5982270337336,1995.5982270337336,1992.7916957347277,1992.8753902575368,311.0,25.0
2024-03-19 01:30:00,1992.8753902575368,1992.9283160799343,1990.7420574942241,1990.7420574942241,281.0,25.0
2024-03-19 01:45:00,1990.7420574942241,1992.2106974683757,1990.3924377987737,1991.0249428197349,102.0,25.0
2024-03-19 02:00:00,1991.0249428197349,1991.481418345334,1989.8720477894228,1989.8720477894228,363.0,25.0
2024-03-19 02:15:00,1989.8720477894228,1990.3113391931308,1989.3334572938425,1990.3113391931308,392.0,25.0
2024-03-19 02:30:00,1990.3113391931308,1992.8206762811672,1989.0597218262344,1992.8206762811672,156.0,25.0
2024-03-19 02:45:00,1992.8206762811672,1996.3267008381263,1992.8206762811672,1994.3405748838697,475.0,25.0
2024-03-19 03:00:00,1994.3405748838697,1995.037079196002,1993.9794065970866,1995.0332523565075,251.0,25.0
2024-03-19 03:15:00,1995.0332523565075,1995.0332523565075,1989.827769463192,1989.827769463192,153.0,25.0
2024-03-19 03:30:00,1989.827769463192,1989.827769463192,1987.9869403724636,1987.9869403724636,382.0,25.0
2024-03-19 03:45:00,1987.9869403724636,1988.5627107959206,1987.6981802742696,1988.5627107959206,224.0,25.0
2024-03-19 04:00:00,1988.5627107959206,1988.5627107959206,1986.5473389790682,1986.5590370510508,258.0,25.0
2024-03-19 04:15:00,1986.5590370510508,1987.1754657242507,1985.8925382853176,1986.268732422549,401.0,25.0
2024-03-19 04:30:00,1986.268732422549,1986.268732422549,1983.6023154661139,1984.87561757322,225.0,25.0
2024-03-19 04:45:00,1984.87561757322,1987.7526575160132,1984.87561757322,1986.2659754806361,122.0,25.0
2024-03-19 05:00:00,1986.2659754806361,1986.9653636284804,1985.0379611160406,1985.0505726847425,155.0,25.0
2024-03-19 05:15:00,1985.0505726847425,1985.4191107856218,1981.5671583750666,1981.5671583750666,187.0,25.0
2024-03-19 05:30:00,1981.5671583750666,1983.170210629514,1981.5671583750666,1981.8483923717272,384.0,25.0
2024-03-19 05:45:00,1981.8483923717272,1983.0921441796722,1980.4988593407088,1980.4988593407088,154.0,25.0
2024-03-19 06:00:00,1980.4988593407088,1981.7952161413532,1980.222971340036,1981.7952161413532,343.0,25.0
2024-03-19 06:15:00,1981.7952161413532,1986.9399789794593,1981.7952161413532,1986.9399789794593,368.0,25.0
2024-03-19 06:30:00,1986.9399789794593,1989.1239228389038,1985.7096089210652,1989.1239228389038,421.0,25.0
2024-03-19 06:45:00,1989.1239228389038,1989.6134587613906,1988.3664610091273,1988.3664610091273,414.0,25.0
2024-03-19 07:00:00,1988.3664610091273,1989.3531867567012,1987.0071218771936,1989.3531867567012,485.0,25.0
2024-03-19 07:15:00,1989.3531867567012,1990.898432803393,1988.6246543892787,1988.8349172243568,434.0,25.0
2024-03-19 07:30:00,1988.8349172243568,1991.2899270744856,1988.2942455457985,1988.2942455457985,154.0,25.0
2024-03-19 07:45:00,1988.2942455457985,1991.5009794569435,1988.2942455457985,1991.5009794569435,331.0,25.0
2024-03-19 08:00:00,1991.5009794569435,1992.788030728652,1989.540242626766,1992.788030728652,59.0,25.0
2024-03-19 08:15:00,1992.788030728652,1995.7458082729788,1992.788030728652,1993.3267021033967,225.0,25.0
2024-03-19 08:30:00,1993.3267021033967,1995.0824842150203,1991.5901986415488,1991.5901986415488,177.0,25.0
2024-03-19 08:45:00,1991.5901986415488,1996.905846223985,1991.5901986415488,1996.422114308703,410.0,25.0
2024-03-19 09:00:00,1996.422114308703,1996.422114308703,1993.3627216709006,1994.2213431603664,427.0,25.0
2024-03-19 09:15:00,1994.2213431603664,1994.4696545567117,1992.1980884444386,1992.886928293607,371.0,25.0
2024-03-19 09:30:00,1992.886928293607,1993.0607735186566,1991.128643915,1993.0607735186566,126.0,25.0
2024-03-19 09:45:00,1993.0607735186566,1997.2763266326801,1992.8655622335514,1996.5292931317572,308.0,25.0
2024-03-19 10:00:00,1996.5292931317572,2000.243516614684,1996.5292931317572,2000.243516614684,341.0,25.0
2024-03-19 10:15:00,2000.243516614684,2000.6232508784883,1999.5661902543043,2000.4440014646582,244.0,25.0
2024-03-19 10:30:00,2000.4440014646582,2002.2000680334418,2000.4440014646582,2002.2000680334418,197.0,25.0
2024-03-19 10:45:00,2002.2000680334418,2002.9955680392832,2000.8637765844298,2000.8637765844298,419.0,25.0
2024-03-19 11:00:00,2000.8637765844298,2004.25102013608,2000.8637765844298,2002.0931102285963,65.0,25.0
2024-03-19 11:15:00,2002.0931102285963,2003.0237426419596,2001.6599614827578,2002.4672886507378,218.0,25.0
2024-03-19 11:30:00,2002.4672886507378,2003.509171067858,2001.9629085871215,2002.2656886006444,485.0,25.0
2024-03-19 11:45:00,2002.2656886006444,2004.5986497626839,2001.5721811848844,2002.2178444405981,428.0,25.0
2024-03-19 12:00:00,2002.2178444405981,2002.2178444405981,1999.756387048892,1999.756387048892,228.0,25.0
2024-03-19 12:15:00,1999.756387048892,1999.8581309248566,1998.930344674716,1999.5135874645198,258.0,25.0
2024-03-19 12:30:00,1999.5135874645198,1999.567594394301,1998.1776286944985,1999.1603087684193,494.0,25.0
2024-03-19 12:45:00,1999.1603087684193,2000.4963910501747,1999.1603087684193,2000.237735554785,416.0,25.0
2024-03-19 13:00:00,2000.237735554785,2000.237735554785,1998.9794644563272,1999.089462989143,201.0,25.0
2024-03-19 13:15:00,1999.089462989143,2000.429701417524,1998.2361183981882,2000.429701417524,146.0,25.0
2024-03-19 13:30:00,2000.429701417524,2000.429701417524,1998.7042819349208,1999.3070682327743,289.0,25.0
2024-03-19 13:45:00,1999.3070682327743,2000.5389928020766,1998.7905101507197,2000.0444508850212,93.0,25.0
2024-03-19 14:00:00,2000.0444508850212,2000.0444508850212,1997.899761863074,1998.4164201062438,468.0,25.0
2024-03-19 14:15:00,1998.4164201062438,1998.5471503649267,1996.3623977538239,1996.3623977538239,172.0,25.0
2024-03-19 14:30:00,1996.3623977538239,1998.7501400387177,1996.3623977538239,1997.725586916317,200.0,25.0
2024-03-19 14:45:00,1997.725586916317,1997.725586916317,1996.043026064179,1996.7550799675505,447.0,25.0
2024-03-19 15:00:00,1996.7550799675505,1997.2487490988035,1995.01070701935,1997.129371279671,393.0,25.0
2024-03-19 15:15:00,1997.129371279671,1998.6380880549898,1996.817924557359,1997.8217242984301,208.0,25.0
2024-03-19 15:30:00,1997.8217242984301,1998.1290239766124,1995.8304617560862,1995.8304617560862,91.0,25.0
2024-03-19 15:45:00,1995.8304617560862,1995.8304617560862,1993.072966349101,1994.2547854478346,360.0,25.0
2024-03-19 16:00:00,1994.2547854478346,1997.3898121702512,1994.1421202861443,1997.3898121702512,199.0,25.0
2024-03-19 16:15:00,1997.3898121702512,1997.7480611650187,1995.7842538521313,1995.7993420974772,274.0,25.0
2024-03-19 16:30:00,1995.7993420974772,1996.767389023667,1995.188265554305,1995.7688948916089,74.0,25.0
2024-03-19 16:45:00,1995.7688948916089,1995.7688948916089,1992.532855971697,1993.881318234232,211.0,25.0
2024-03-19 17:00:00,1993.881318234232,1995.9161659241568,1993.881318234232,1995.9161659241568,183.0,25.0
2024-03-19 17:15:00,1995.9161659241568,1995.9161659241568,1989.730984437522,1989.730984437522,119.0,25.0
2024-03-19 17:30:00,1989.730984437522,1990.892864639188,1988.8674821962638,1990.2926935510993,129.0,25.0
2024-03-19 17:45:00,1990.2926935510993,1991.0178180444123,1989.5770957966527,1991.0178180444123,277.0,25.0
2024-03-19 18:00:00,1991.0178180444123,1994.437028532013,1991.0178180444123,1993.2151523197247,457.0,25.0
2024-03-19 18:15:00,1993.2151523197247,1993.2151523197247,1989.5295977721762,1989.5295977721762,498.0,25.0
2024-03-19 18:30:00,1989.5295977721762,1989.5295977721762,1986.7389067085912,1986.7389067085912,317.0,25.0
2024-03-19 18:45:00,1986.7389067085912,1987.593520091313,1985.7622824764155,1987.593520091313,110.0,25.0
2024-03-19 19:00:00,1987.593520091313,1987.593520091313,1983.430286062012,1984.243416501893,403.0,25.0
2024-03-19 19:15:00,1984.243416501893,1984.243416501893,1980.3085936565767,1981.2597838199486,343.0,25.0
2024-03-19 19:30:00,1981.2597838199486,1982.6828898463095,1976.161639173498,1976.161639173498,231.0,25.0
2024-03-19 19:45:00,1976.161639173498,1978.1055878304155,1976.161639173498,1977.651824620666,213.0,25.0
2024-03-19 20:00:00,1977.651824620666,1977.651824620666,1973.4504901901105,1973.4504901901105,487.0,25.0
2024-03-19 20:15:00,1973.4504901901105,1973.4504901901105,1972.132016980177,1972.132016980177,454.0,25.0
2024-03-19 20:30:00,1972.132016980177,1972.132016980177,1970.6384762417267,1970.6384762417267,494.0,25.0
2024-03-19 20:45:00,1970.6384762417267,1973.2779165231464,1970.6384762417267,1973.1790680602066,383.0,25.0
2024-03-19 21:00:00,1973.1790680602066,1976.0794759839184,1973.0510671208779,1973.0510671208779,151.0,25.0
2024-03-19 21:15:00,1973.0510671208779,1973.0510671208779,1969.2539763230302,1971.1001654363845,143.0,25.0
2024-03-19 21:30:00,1971.1001654363845,1971.1001654363845,1968.5938261984852,1968.8394085689922,273.0,25.0
2024-03-19 21:45:00,1968.8394085689922,1969.2049203224797,1966.9492173924823,1966.9492173924823,231.0,25.0
2024-03-19 22:00:00,1966.9492173924823,1967.4601116351319,1965.8860577510663,1965.995957071252,74.0,25.0
2024-03-19 22:15:00,1965.995957071252,1966.2652971180353,1961.052699486005,1961.052699486005,153.0,25.0
2024-03-19 22:30:00,1961.052699486005,1961.052699486005,1959.8566791049561,1960.015095689665,324.0,25.0
2024-03-19 22:45:00,1960.015095689665,1960.6449209587975,1958.8461631815028,1959.5871119480264,364.0,25.0
2024-03-19 23:00:00,1959.5871119480264,1960.3659095914454,1959.3364883994616,1959.3364883994616,326.0,25.0
2024-03-19 23:15:00,1959.3364883994616,1959.3418393265981,1956.1395617522928,1956.1395617522928,179.0,25.0
2024-03-19 23:30:00,1956.1395617522928,1957.7452697149904,1955.8625288892665,1957.7452697149904,146.0,25.0
2024-03-19 23:45:00,1957.7452697149904,1958.4474505844885,1956.0855875463108,1958.175824077223,405.0,25.0
2024-03-20 00:00:00,1958.175824077223,1960.3075829363859,1958.175824077223,1959.6825440250739,89.0,25.0
2024-03-20 00:15:00,1959.6825440250739,1960.2298809214162,1958.35009537287,1959.0178226723424,431.0,25.0
2024-03-20 00:30:00,1959.0178226723424,1959.0178226723424,1954.2870126783328,1955.7794573268764,88.0,25.0
2024-03-20 00:45:00,1955.7794573268764,1955.7794573268764,1953.7907359024787,1953.7907359024787,77.0,25.0
2024-03-20 01:00:00,1953.7907359024787,1954.868044679057,1953.7907359024787,1954.826067691802,127.0,25.0
2024-03-20 01:15:00,1954.826067691802,1955.6173339688924,1953.6020772788136,1954.2451191857606,357.0,25.0
2024-03-20 01:30:00,1954.2451191857606,1956.4251171539283,1953.685213975974,1955.639309321708,397.0,25.0
2024-03-20 01:45:00,1955.639309321708,1955.9788297667185,1953.3099424380082,1953.3099424380082,239.0,25.0
2024-03-20 02:00:00,1953.3099424380082,1956.6503092216417,1953.3099424380082,1956.3519762779702,230.0,25.0
2024-03-20 02:15:00,1956.3519762779702,1958.5326659032723,1956.1803686497728,1958.5326659032723,419.0,25.0
2024-03-20 02:30:00,1958.5326659032723,1959.8739350989547,1958.5326659032723,1959.8739350989547,288.0,25.0
2024-03-20 02:45:00,1959.8739350989547,1961.9854217792351,1959.8739350989547,1961.3171866962819,341.0,25.0
2024-03-20 03:00:00,1961.3171866962819,1963.5627430619854,1960.6608753949924,1963.5627430619854,320.0,25.0
2024-03-20 03:15:00,1963.5627430619854,1963.5627430619854,1961.2191047393194,1961.2191047393194,185.0,25.0
2024-03-20 03:30:00,1961.2191047393194,1961.9227874992168,1960.1419473320354,1961.5118506147076,476.0,25.0
2024-03-20 03:45:00,1961.5118506147076,1962.9021482594376,1959.9861670932025,1959.9861670932025,155.0,25.0
2024-03-20 04:00:00,1959.9861670932025,1960.4389902496584,1958.7184937082857,1960.0138287370119,266.0,25.0
2024-03-20 04:15:00,1960.0138287370119,1960.0138287370119,1956.1830404329949,1956.1830404329949,290.0,25.0
2024-03-20 04:30:00,1956.1830404329949,1957.2693190615803,1956.0436257830158,1956.0468541867945,407.0,25.0
2024-03-20 04:45:00,1956.0468541867945,1956.0468541867945,1953.489937787901,1953.489937787901,289.0,25.0
2024-03-20 05:00:00,1953.489937787901,1953.489937787901,1949.284082076316,1950.752929629237,390.0,25.0
2024-03-20 05:15:00,1950.752929629237,1953.3366825636922,1950.4825975544888,1953.3366825636922,195.0,25.0
2024-03-20 05:30:00,1953.3366825636922,1953.7359941134885,1952.1021839014477,1952.3841897180857,206.0,25.0
2024-03-20 05:45:00,1952.3841897180857,1955.8662390662953,1952.3841897180857,1955.8662390662953,494.0,25.0
2024-03-20 06:00:00,1955.8662390662953,1955.910528122532,1954.8924844811506,1954.8924844811506,90.0,25.0
2024-03-20 06:15:00,1954.8924844811506,1956.4458495900797,1954.8924844811506,1956.4458495900797,205.0,25.0
2024-03-20 06:30:00,1956.4458495900797,1956.7765104408325,1955.755930273853,1955.755930273853,459.0,25.0
2024-03-20 06:45:00,1955.755930273853,1956.6813795242174,1955.1790356946826,1956.6813795242174,495.0,25.0
2024-03-20 07:00:00,1956.6813795242174,1959.0401259416367,1956.6813795242174,1957.7990106431366,276.0,25.0
2024-03-20 07:15:00,1957.7990106431366,1957.7990106431366,1954.7062886027672,1954.7062886027672,90.0,25.0
2024-03-20 07:30:00,1954.7062886027672,1957.7576952599402,1954.7062886027672,1957.7576952599402,433.0,25.0
2024-03-20 07:45:00,1957.7576952599402,1958.7117667754612,1957.470801233104,1958.3598319210964,333.0,25.0
2024-03-20 08:00:00,1958.3598319210964,1959.677625065139,1957.5082843384425,1959.2237535381787,145.0,25.0
2024-03-20 08:15:00,1959.2237535381787,1960.0689521054762,1958.5853395252886,1958.7103187106482,385.0,25.0
2024-03-20 08:30:00,1958.7103187106482,1961.8357629786474,1957.898056112911,1961.0693283786636,384.0,25.0
2024-03-20 08:45:00,1961.0693283786636,1961.5394747920254,1959.8045234727433,1959.8045234727433,378.0,25.0
2024-03-20 09:00:00,1959.8045234727433,1961.4160417294618,1959.5845335763986,1960.0587416418018,402.0,25.0
2024-03-20 09:15:00,1960.0587416418018,1962.471812379311,1958.8824613111278,1962.471812379311,423.0,25.0
2024-03-20 09:30:00,1962.471812379311,1963.1159609544209,1961.2792395472038,1961.9454830229408,393.0,25.0
2024-03-20 09:45:00,1961.9454830229408,1962.03961395719,1959.5222240733913,1959.9726547413295,330.0,25.0
2024-03-20 10:00:00,1959.9726547413295,1959.9726547413295,1955.7601889813081,1955.915433392839,300.0,25.0
2024-03-20 10:15:00,1955.915433392839,1960.510515346349,1955.915433392839,1960.510515346349,98.0,25.0
2024-03-20 10:30:00,1960.510515346349,1962.583915591075,1959.7838032871205,1962.583915591075,420.0,25.0
2024-03-20 10:45:00,1962.583915591075,1964.395864407347,1962.4906466074237,1964.2651176137485,472.0,25.0
2024-03-20 11:00:00,1964.2651176137485,1964.2651176137485,1962.2056073456392,1962.2056073456392,301.0,25.0
2024-03-20 11:15:00,1962.2056073456392,1962.2056073456392,1960.462194014051,1960.8547115283982,286.0,25.0
2024-03-20 11:30:00,1960.8547115283982,1962.293319427619,1959.5359323836958,1962.293319427619,91.0,25.0
2024-03-20 11:45:00,1962.293319427619,1962.293319427619,1959.4103078324733,1961.176138461535,72.0,25.0
2024-03-20 12:00:00,1961.176138461535,1961.176138461535,1958.801853351138,1959.8188618772344,277.0,25.0
2024-03-20 12:15:00,1959.8188618772344,1960.0258989882718,1958.7320417228564,1959.6643225498958,489.0,25.0
2024-03-20 12:30:00,1959.6643225498958,1959.6643225498958,1957.048238708378,1958.30908604338,94.0,25.0
2024-03-20 12:45:00,1958.30908604338,1958.3364320662606,1955.9119921338295,1956.6290004300113,165.0,25.0
2024-03-20 13:00:00,1956.6290004300113,1956.7471980923135,1955.5208736585926,1956.6732569177063,345.0,25.0
2024-03-20 13:15:00,1956.6732569177063,1957.2634886191101,1955.3658307471617,1955.8486060856953,348.0,25.0
2024-03-20 13:30:00,1955.8486060856953,1958.7674017459615,1955.3570831964107,1958.7251838705909,283.0,25.0
2024-03-20 13:45:00,1958.7251838705909,1959.792354015662,1958.7251838705909,1959.1907843509316,176.0,25.0
2024-03-20 14:00:00,1959.1907843509316,1960.5764333884656,1958.7566842399087,1959.697949389061,321.0,25.0
2024-03-20 14:15:00,1959.697949389061,1960.6631309692461,1957.5421408791544,1957.5421408791544,159.0,25.0
2024-03-20 14:30:00,1957.5421408791544,1957.5421408791544,1956.0581833267217,1957.3592332675048,463.0,25.0
2024-03-20 14:45:00,1957.3592332675048,1957.9219712061433,1956.4583881304138,1957.9219712061433,437.0,25.0
2024-03-20 15:00:00,1957.9219712061433,1958.051258602104,1957.5828408589125,1957.6504048315487,457.0,25.0
2024-03-20 15:15:00,1957.6504048315487,1959.208506891776,1956.1504322591702,1959.0888999476556,359.0,25.0
2024-03-20 15:30:00,1959.0888999476556,1965.2413038572233,1959.0888999476556,1964.8623327114165,228.0,25.0
2024-03-20 15:45:00,1964.8623327114165,1965.8711370183587,1963.0617633256181,1963.0617633256181,313.0,25.0
2024-03-20 16:00:00,1963.0617633256181,1966.0942172024181,1963.0617633256181,1965.0501585970774,78.0,25.0
2024-03-20 16:15:00,1965.0501585970774,1967.0458204704958,1965.0501585970774,1966.316461907067,305.0,25.0
2024-03-20 16:30:00,1966.316461907067,1967.2064583285514,1965.461566627359,1967.2064583285514,259.0,25.0
2024-03-20 16:45:00,1967.2064583285514,1968.6244420348933,1967.2064583285514,1968.6244420348933,186.0,25.0
2024-03-20 17:00:00,1968.6244420348933,1969.5126300178622,1966.5106980362934,1966.9173327891644,443.0,25.0
2024-03-20 17:15:00,1966.9173327891644,1968.66955360583,1966.9173327891644,1967.776610308523,377.0,25.0
2024-03-20 17:30:00,1967.776610308523,1968.7200997038576,1967.1495290377995,1968.4832969419951,351.0,25.0
2024-03-20 17:45:00,1968.4832969419951,1968.4832969419951,1966.2755412608765,1966.2755412608765,430.0,25.0
2024-03-20 18:00:00,1966.2755412608765,1968.2050131329934,1965.3758729561216,1965.3758729561216,485.0,25.0
2024-03-20 18:15:00,1965.3758729561216,1967.056464982171,1965.3758729561216,1966.6986716592207,371.0,25.0
2024-03-20 18:30:00,1966.6986716592207,1966.723417365843,1965.1411929567053,1965.1411929567053,102.0,25.0
2024-03-20 18:45:00,1965.1411929567053,1966.2300866583737,1964.3071300861561,1964.9006568804602,457.0,25.0
2024-03-20 19:00:00,1964.9006568804602,1966.5938852583968,1964.3158020727412,1966.5938852583968,438.0,25.0
2024-03-20 19:15:00,1966.5938852583968,1967.1288559474137,1965.3332050634117,1965.3332050634117,100.0,25.0
2024-03-20 19:30:00,1965.3332050634117,1965.9141751695615,1965.180653480049,1965.7122207315022,318.0,25.0
2024-03-20 19:45:00,1965.7122207315022,1968.8994547624188,1965.7122207315022,1968.8994547624188,118.0,25.0
2024-03-20 20:00:00,1968.8994547624188,1969.5161709553386,1966.450450130985,1967.3349462169285,345.0,25.0
2024-03-20 20:15:00,1967.3349462169285,1967.9526407519952,1967.3349462169285,1967.9526407519952,288.0,25.0
2024-03-20 20:30:00,1967.9526407519952,1968.4728864354727,1966.4094466226345,1966.4094466226345,395.0,25.0
2024-03-20 20:45:00,1966.4094466226345,1966.4515503286236,1964.4597299289399,1966.4515503286236,146.0,25.0
2024-03-20 21:00:00,1966.4515503286236,1966.4515503286236,1961.8559951267698,1961.8559951267698,269.0,25.0
2024-03-20 21:15:00,1961.8559951267698,1962.444940226012,1961.2863468809107,1961.4239512103163,268.0,25.0
2024-03-20 21:30:00,1961.4239512103163,1962.153937885152,1960.0177736591017,1961.3063556979625,239.0,25.0
2024-03-20 21:45:00,1961.3063556979625,1962.197417323182,1959.209042066965,1962.197417323182,326.0,25.0
2024-03-20 22:00:00,1962.197417323182,1962.5516214317358,1960.518470375222,1961.3350347079747,62.0,25.0
2024-03-20 22:15:00,1961.3350347079747,1965.4309859215768,1961.3350347079747,1964.32927500633,386.0,25.0
2024-03-20 22:30:00,1964.32927500633,1965.4379327017384,1963.4953006269727,1963.4953006269727,239.0,25.0
2024-03-20 22:45:00,1963.4953006269727,1963.4953006269727,1962.161138546726,1962.4606391727439,445.0,25.0
2024-03-20 23:00:00,1962.4606391727439,1962.4606391727439,1960.3746156394154,1961.7672737585858,55.0,25.0
2024-03-20 23:15:00,1961.7672737585858,1964.0910290364593,1961.7672737585858,1964.0910290364593,476.0,25.0
2024-03-20 23:30:00,1964.0910290364593,1965.2363949472897,1962.3401497671912,1962.8916221679387,308.0,25.0
2024-03-20 23:45:00,1962.8916221679387,1965.2926730316392,1962.8916221679387,1965.2926730316392,147.0,25.0
2024-03-21 00:00:00,1965.2926730316392,1965.2926730316392,1962.1527055181573,1963.3930079933964,351.0,25.0
2024-03-21 00:15:00,1963.3930079933964,1964.3399904384278,1963.3930079933964,1963.5197793107614,384.0,25.0
2024-03-21 00:30:00,1963.5197793107614,1965.6462555412825,1963.5197793107614,1965.281881715,83.0,25.0
2024-03-21 00:45:00,1965.281881715,1965.7706014912212,1964.3780927417604,1965.610142462166,77.0,25.0
2024-03-21 01:00:00,1965.610142462166,1965.610142462166,1964.2908815451665,1964.7383860122122,282.0,25.0
2024-03-21 01:15:00,1964.7383860122122,1964.9366003376347,1962.9286960454103,1963.2091359762626,486.0,25.0
2024-03-21 01:30:00,1963.2091359762626,1966.9628236312933,1963.2091359762626,1966.9628236312933,448.0,25.0
2024-03-21 01:45:00,1966.9628236312933,1967.7078673137669,1966.2092224622838,1966.8678848496781,241.0,25.0
2024-03-21 02:00:00,1966.8678848496781,1967.9714053518433,1966.8678848496781,1967.6198532076723,324.0,25.0
2024-03-21 02:15:00,1967.6198532076723,1967.6198532076723,1964.5159953269015,1965.9655716515629,111.0,25.0
2024-03-21 02:30:00,1965.9655716515629,1968.0836248003725,1965.6334321826328,1968.0836248003725,317.0,25.0
2024-03-21 02:45:00,1968.0836248003725,1969.6340831515581,1966.652418709235,1967.1608555088062,470.0,25.0
2024-03-21 03:00:00,1967.1608555088062,1967.2670047673275,1964.7959039612952,1966.8941713205145,84.0,25.0
2024-03-21 03:15:00,1966.8941713205145,1969.4146023691987,1966.7475479927666,1969.4146023691987,392.0,25.0
2024-03-21 03:30:00,1969.4146023691987,1969.8170919470067,1968.6937796631591,1969.1547434873653,443.0,25.0
2024-03-21 03:45:00,1969.1547434873653,1973.976191789031,1969.1547434873653,1973.976191789031,318.0,25.0
2024-03-21 04:00:00,1973.976191789031,1977.7779875702,1973.976191789031,1977.7779875702,238.0,25.0
2024-03-21 04:15:00,1977.7779875702,1982.8697992687735,1977.7779875702,1982.8697992687735,370.0,25.0
2024-03-21 04:30:00,1982.8697992687735,1982.9830079879139,1981.566377455088,1981.566377455088,130.0,25.0
2024-03-21 04:45:00,1981.566377455088,1982.5383896279118,1980.5019260504569,1980.9944016548197,106.0,25.0
2024-03-21 05:00:00,1980.9944016548197,1981.133616893992,1979.91318139287,1980.0616617898954,310.0,25.0
2024-03-21 05:15:00,1980.0616617898954,1981.479232805274,1979.1925697304564,1979.1925697304564,443.0,25.0
2024-03-21 05:30:00,1979.1925697304564,1980.5145597473486,1978.3647873025309,1980.4564785620091,224.0,25.0
2024-03-21 05:45:00,1980.4564785620091,1983.1465266187338,1980.4564785620091,1983.1465266187338,107.0,25.0
2024-03-21 06:00:00,1983.1465266187338,1986.7752769692522,1983.1465266187338,1985.6477140174038,236.0,25.0
2024-03-21 06:15:00,1985.6477140174038,1987.1787552564335,1985.6477140174038,1985.815694829937,237.0,25.0
2024-03-21 06:30:00,1985.815694829937,1985.815694829937,1982.566175598918,1983.1963040948588,428.0,25.0
2024-03-21 06:45:00,1983.1963040948588,1983.2106749153504,1980.337362374243,1980.4844769176577,417.0,25.0
2024-03-21 07:00:00,1980.4844769176577,1981.4614844251819,1979.6913121879134,1981.4614844251819,461.0,25.0
2024-03-21 07:15:00,1981.4614844251819,1983.760217306878,1980.5633586391323,1983.760217306878,321.0,25.0
2024-03-21 07:30:00,1983.760217306878,1984.262736978038,1982.9325646023854,1984.262736978038,418.0,25.0
2024-03-21 07:45:00,1984.262736978038,1985.1219127756435,1983.4392215030293,1985.1219127756435,458.0,25.0
2024-03-21 08:00:00,1985.1219127756435,1986.2356170746698,1984.2106681584055,1984.2106681584055,110.0,25.0
2024-03-21 08:15:00,1984.2106681584055,1985.4545403754923,1984.2106681584055,1984.8589648721093,456.0,25.0
2024-03-21 08:30:00,1984.8589648721093,1984.8589648721093,1981.0525278055163,1981.1013958487872,262.0,25.0
2024-03-21 08:45:00,1981.1013958487872,1981.6398333185157,1979.6714620921769,1979.6714620921769,245.0,25.0
2024-03-21 09:00:00,1979.6714620921769,1979.6714620921769,1977.5991915028383,1978.4378388190162,118.0,25.0
2024-03-21 09:15:00,1978.4378388190162,1979.0907707719846,1977.1980285010618,1977.4591773940474,286.0,25.0
2024-03-21 09:30:00,1977.4591773940474,1977.6105246574737,1976.7717605921034,1977.1187367146638,79.0,25.0
2024-03-21 09:45:00,1977.1187367146638,1978.2641590283627,1977.1187367146638,1978.2214056025991,330.0,25.0
2024-03-21 10:00:00,1978.2214056025991,1978.9416914626465,1977.7330661818273,1977.852268440521,329.0,25.0
2024-03-21 10:15:00,1977.852268440521,1983.8387068320603,1977.852268440521,1983.8387068320603,339.0,25.0
2024-03-21 10:30:00,1983.8387068320603,1983.8387068320603,1979.2436197312609,1979.9123292485544,292.0,25.0
2024-03-21 10:45:00,1979.9123292485544,1982.4540170262644,1979.5853541845765,1982.4540170262644,71.0,25.0
2024-03-21 11:00:00,1982.4540170262644,1982.7397448181396,1979.4662872643232,1979.4662872643232,133.0,25.0
2024-03-21 11:15:00,1979.4662872643232,1980.5840856458701,1979.3312517198876,1980.5840856458701,330.0,25.0
2024-03-21 11:30:00,1980.5840856458701,1983.1803434237586,1979.6652533399183,1983.1803434237586,212.0,25.0
2024-03-21 11:45:00,1983.1803434237586,1985.0006488371819,1981.6829288092015,1985.0006488371819,300.0,25.0
2024-03-21 12:00:00,1985.0006488371819,1988.6805557138557,1984.7742703253634,1988.6805557138557,299.0,25.0
2024-03-21 12:15:00,1988.6805557138557,1992.2211063686268,1988.6805557138557,1990.5562196376661,477.0,25.0
2024-03-21 12:30:00,1990.5562196376661,1990.5562196376661,1986.96747454328,1988.9268205286196,88.0,25.0
2024-03-21 12:45:00,1988.9268205286196,1989.4335736411624,1987.6530192070452,1989.074702520723,419.0,25.0
2024-03-21 13:00:00,1989.074702520723,1990.3465327167503,1987.5879790708716,1990.3465327167503,375.0,25.0
2024-03-21 13:15:00,1990.3465327167503,1992.3240876737993,1989.63430120472,1992.3240876737993,196.0,25.0
2024-03-21 13:30:00,1992.3240876737993,1992.3240876737993,1989.8609784757496,1989.8609784757496,85.0,25.0
2024-03-21 13:45:00,1989.8609784757496,1990.2884928310436,1989.1567966744974,1989.711192024823,105.0,25.0
2024-03-21 14:00:00,1989.711192024823,1991.0096442607096,1988.4307654352751,1988.4307654352751,62.0,25.0
2024-03-21 14:15:00,1988.4307654352751,1992.2386216371337,1988.4307654352751,1991.572929326029,381.0,25.0
2024-03-21 14:30:00,1991.572929326029,1994.0118332230086,1991.5673932333739,1994.0118332230086,478.0,25.0
2024-03-21 14:45:00,1994.0118332230086,1996.5240693575654,1994.0118332230086,1996.5240693575654,203.0,25.0
2024-03-21 15:00:00,1996.5240693575654,1997.4731510030783,1996.4735992158394,1996.8131996303325,473.0,25.0
2024-03-21 15:15:00,1996.8131996303325,1997.0499021818694,1994.4309603932224,1994.4309603932224,53.0,25.0
2024-03-21 15:30:00,1994.4309603932224,1996.6976324916159,1994.4309603932224,1995.3440856679783,465.0,25.0
2024-03-21 15:45:00,1995.3440856679783,1995.3440856679783,1991.7824293302474,1993.6648039592048,436.0,25.0
2024-03-21 16:00:00,1993.6648039592048,1996.8550761237664,1993.6648039592048,1996.8550761237664,211.0,25.0
2024-03-21 16:15:00,1996.8550761237664,1996.8550761237664,1994.3240895271922,1994.3240895271922,312.0,25.0
2024-03-21 16:30:00,1994.3240895271922,1994.3240895271922,1992.1932419285604,1992.5147599508139,391.0,25.0
2024-03-21 16:45:00,1992.5147599508139,1993.8807638284707,1992.315105898999,1993.8036129457726,62.0,25.0
2024-03-21 17:00:00,1993.8036129457726,1993.8036129457726,1992.1338176178278,1992.63848119665,408.0,25.0
2024-03-21 17:15:00,1992.63848119665,1993.7796791132532,1992.4237193816466,1992.4237193816466,317.0,25.0
2024-03-21 17:30:00,1992.4237193816466,1993.0028461268655,1991.0530899602186,1991.0530899602186,65.0,25.0
2024-03-21 17:45:00,1991.0530899602186,1991.0530899602186,1987.8888160462097,1989.0953961002174,476.0,25.0
2024-03-21 18:00:00,1989.0953961002174,1992.072666201977,1989.0953961002174,1991.71573037764,295.0,25.0
2024-03-21 18:15:00,1991.71573037764,1991.71573037764,1988.5947154504258,1990.3222187158985,227.0,25.0
2024-03-21 18:30:00,1990.3222187158985,1990.4548887012818,1988.0259683560514,1988.0259683560514,239.0,25.0
2024-03-21 18:45:00,1988.0259683560514,1988.3013250630477,1986.6533833230992,1988.1319952837582,338.0,25.0
2024-03-21 19:00:00,1988.1319952837582,1989.82286622759,1988.1319952837582,1989.3706048129511,165.0,25.0
2024-03-21 19:15:00,1989.3706048129511,1990.3342089677335,1989.3706048129511,1990.0024943088024,136.0,25.0
2024-03-21 19:30:00,1990.0024943088024,1990.8303119232776,1987.7387943741962,1987.9822918972786,265.0,25.0
2024-03-21 19:45:00,1987.9822918972786,1988.512872256323,1985.5624154999807,1985.5624154999807,496.0,25.0
2024-03-21 20:00:00,1985.5624154999807,1988.2193046120751,1985.0104142599025,1987.8286494128556,205.0,25.0
2024-03-21 20:15:00,1987.8286494128556,1989.0685782316964,1986.92353738816,1988.5694531357917,58.0,25.0
2024-03-21 20:30:00,1988.5694531357917,1988.5694531357917,1986.807121432925,1987.2301659938137,225.0,25.0
2024-03-21 20:45:00,1987.2301659938137,1988.5534466382812,1984.6267348469325,1984.6267348469325,242.0,25.0
2024-03-21 21:00:00,1984.6267348469325,1984.6267348469325,1982.584076559584,1983.6211585955766,441.0,25.0
2024-03-21 21:15:00,1983.6211585955766,1983.6211585955766,1981.2208390978676,1982.231064819477,412.0,25.0
2024-03-21 21:30:00,1982.231064819477,1982.6654579061212,1981.5790505498642,1981.934750777168,332.0,25.0
2024-03-21 21:45:00,1981.934750777168,1983.7538846605048,1981.5955415976994,1982.5545736034276,363.0,25.0
2024-03-21 22:00:00,1982.5545736034276,1986.4987378233573,1982.3761795371117,1986.4987378233573,66.0,25.0
2024-03-21 22:15:00,1986.4987378233573,1988.8795565110374,1986.2893226117103,1987.6884897072528,344.0,25.0
2024-03-21 22:30:00,1987.6884897072528,1989.8562060157803,1985.5867672697163,1989.8562060157803,132.0,25.0
2024-03-21 22:45:00,1989.8562060157803,1990.3168096980187,1987.248562862863,1987.248562862863,361.0,25.0
2024-03-21 23:00:00,1987.248562862863,1988.216360538854,1986.363530659636,1988.216360538854,345.0,25.0
2024-03-21 23:15:00,1988.216360538854,1988.5281741604879,1985.1832801158141,1986.1559874073423,168.0,25.0
2024-03-21 23:30:00,1986.1559874073423,1986.4726360386055,1984.7338740747805,1986.4726360386055,191.0,25.0
2024-03-21 23:45:00,1986.4726360386055,1988.1734834070967,1986.4726360386055,1986.6415499079876,119.0,25.0
2024-03-22 00:00:00,1986.6415499079876,1986.6415499079876,1982.605624736064,1982.605624736064,328.0,25.0
2024-03-22 00:15:00,1982.605624736064,1982.605624736064,1980.268240986768,1980.5605810331278,113.0,25.0
2024-03-22 00:30:00,1980.5605810331278,1980.9131469437045,1979.8702181149429,1979.8823983649584,246.0,25.0
2024-03-22 00:45:00,1979.8823983649584,1981.644878607154,1979.5463439628327,1981.644878607154,385.0,25.0
2024-03-22 01:00:00,1981.644878607154,1981.9135762402561,1979.7533990304132,1981.8465928238752,297.0,25.0
2024-03-22 01:15:00,1981.8465928238752,1984.0318765808397,1981.8465928238752,1982.2472090095043,343.0,25.0
2024-03-22 01:30:00,1982.2472090095043,1982.5952481993272,1978.2589456170572,1978.2589456170572,121.0,25.0
2024-03-22 01:45:00,1978.2589456170572,1978.2589456170572,1973.700698743508,1975.2848946426072,182.0,25.0
2024-03-22 02:00:00,1975.2848946426072,1975.2848946426072,1972.9717530073417,1973.7266688115049,220.0,25.0
2024-03-22 02:15:00,1973.7266688115049,1975.6186745649131,1973.7266688115049,1974.1469466907026,174.0,25.0
2024-03-22 02:30:00,1974.1469466907026,1975.3909185132875,1974.1331357261167,1975.3909185132875,319.0,25.0
2024-03-22 02:45:00,1975.3909185132875,1976.0703038919057,1973.9487333384563,1976.0703038919057,478.0,25.0
2024-03-22 03:00:00,1976.0703038919057,1976.1918478018315,1974.165954740856,1976.1918478018315,91.0,25.0
2024-03-22 03:15:00,1976.1918478018315,1976.6935285467555,1974.8592804173154,1976.6935285467555,482.0,25.0
2024-03-22 03:30:00,1976.6935285467555,1977.5652730153106,1973.0466672126936,1973.5670664348609,273.0,25.0
2024-03-22 03:45:00,1973.5670664348609,1976.19370821397,1973.5670664348609,1975.0438973345833,246.0,25.0
2024-03-22 04:00:00,1975.0438973345833,1975.0438973345833,1972.9563431591969,1972.9563431591969,115.0,25.0
2024-03-22 04:15:00,1972.9563431591969,1972.9563431591969,1970.593037469023,1970.593037469023,75.0,25.0
2024-03-22 04:30:00,1970.593037469023,1970.593037469023,1967.855368152687,1969.6844562418378,210.0,25.0
2024-03-22 04:45:00,1969.6844562418378,1970.5893494228685,1967.3037277160106,1967.3037277160106,203.0,25.0
2024-03-22 05:00:00,1967.3037277160106,1967.7578001145228,1965.7654728498264,1965.7654728498264,97.0,25.0
2024-03-22 05:15:00,1965.7654728498264,1965.7654728498264,1964.2758322820773,1965.2160829456209,195.0,25.0
2024-03-22 05:30:00,1965.2160829456209,1965.2160829456209,1963.884248412449,1964.2216507760172,446.0,25.0
2024-03-22 05:45:00,1964.2216507760172,1964.9585204679547,1963.5500778805958,1964.855470015748,213.0,25.0
2024-03-22 06:00:00,1964.855470015748,1966.332055009156,1964.855470015748,1965.5481512425565,105.0,25.0
2024-03-22 06:15:00,1965.5481512425565,1966.0760753820873,1965.1657343802522,1965.637418345507,328.0,25.0
2024-03-22 06:30:00,1965.637418345507,1965.637418345507,1964.1868653937706,1965.581661460165,439.0,25.0
2024-03-22 06:45:00,1965.581661460165,1967.9022458648067,1965.581661460165,1967.0788950016997,290.0,25.0
2024-03-22 07:00:00,1967.0788950016997,1968.6428556113285,1967.0638745596034,1967.0638745596034,302.0,25.0
2024-03-22 07:15:00,1967.0638745596034,1967.0638745596034,1965.738332279424,1966.3813757448786,222.0,25.0
2024-03-22 07:30:00,1966.3813757448786,1966.3813757448786,1961.6287732219566,1962.1349875671933,233.0,25.0
2024-03-22 07:45:00,1962.1349875671933,1964.2791682950808,1962.1349875671933,1963.347019492491,287.0,25.0
2024-03-22 08:00:00,1963.347019492491,1965.628059447906,1963.0398842662833,1964.967630117729,335.0,25.0
2024-03-22 08:15:00,1964.967630117729,1966.8835783043644,1964.967630117729,1965.4319779610678,456.0,25.0
2024-03-22 08:30:00,1965.4319779610678,1966.6014870362765,1965.209667583434,1965.484870926192,97.0,25.0
2024-03-22 08:45:00,1965.484870926192,1965.842027927817,1964.1908818611275,1964.5896984785434,304.0,25.0
2024-03-22 09:00:00,1964.5896984785434,1965.6751261581926,1963.8393098974407,1965.6751261581926,337.0,25.0
2024-03-22 09:15:00,1965.6751261581926,1970.5642544631862,1965.6751261581926,1970.2239246332065,493.0,25.0
2024-03-22 09:30:00,1970.2239246332065,1970.2239246332065,1965.8096153740512,1966.8401981936483,211.0,25.0
2024-03-22 09:45:00,1966.8401981936483,1966.8752970632036,1965.6638474783024,1966.0803984719457,339.0,25.0
2024-03-22 10:00:00,1966.0803984719457,1971.6278009969622,1965.9853775788233,1971.6278009969622,116.0,25.0
2024-03-22 10:15:00,1971.6278009969622,1976.851973534347,1971.6278009969622,1976.4412402268604,54.0,25.0
2024-03-22 10:30:00,1976.4412402268604,1976.4412402268604,1973.58768899313,1973.58768899313,189.0,25.0
2024-03-22 10:45:00,1973.58768899313,1975.1552633764861,1973.58768899313,1974.5828744903804,414.0,25.0
2024-03-22 11:00:00,1974.5828744903804,1976.8656532654031,1973.8764565659685,1976.8656532654031,117.0,25.0
2024-03-22 11:15:00,1976.8656532654031,1980.6760868302224,1976.0488902992176,1980.6760868302224,160.0,25.0
2024-03-22 11:30:00,1980.6760868302224,1980.6760868302224,1978.364678427836,1979.2535437647698,216.0,25.0
2024-03-22 11:45:00,1979.2535437647698,1981.1919219976307,1977.0870219125231,1981.1919219976307,110.0,25.0
2024-03-22 12:00:00,1981.1919219976307,1981.5528577017383,1979.724554236669,1980.5182243775384,183.0,25.0
2024-03-22 12:15:00,1980.5182243775384,1982.5473758392202,1980.4677710621525,1980.4677710621525,112.0,25.0
2024-03-22 12:30:00,1980.4677710621525,1980.4677710621525,1975.0214215745907,1975.0214215745907,120.0,25.0
2024-03-22 12:45:00,1975.0214215745907,1976.4392915190483,1974.5488659972502,1976.3491767921507,495.0,25.0
2024-03-22 13:00:00,1976.3491767921507,1976.3491767921507,1974.9296559343393,1975.7394841429334,440.0,25.0
2024-03-22 13:15:00,1975.7394841429334,1975.7394841429334,1973.819996214176,1973.982304666823,140.0,25.0
2024-03-22 13:30:00,1973.982304666823,1977.1244227082227,1973.982304666823,1976.298105977173,427.0,25.0
2024-03-22 13:45:00,1976.298105977173,1977.7939903292051,1976.1819101633935,1976.8566502262365,73.0,25.0
2024-03-22 14:00:00,1976.8566502262365,1976.8566502262365,1974.7599726275785,1975.283952233191,96.0,25.0
2024-03-22 14:15:00,1975.283952233191,1977.1533301532745,1974.6479365603002,1977.1533301532745,111.0,25.0
2024-03-22 14:30:00,1977.1533301532745,1978.6138888317453,1975.8853971996216,1975.8853971996216,254.0,25.0
2024-03-22 14:45:00,1975.8853971996216,1978.4367302321152,1975.4188240479807,1977.6085670014947,81.0,25.0
2024-03-22 15:00:00,1977.6085670014947,1978.7384013847316,1977.6085670014947,1978.1761077178764,417.0,25.0
2024-03-22 15:15:00,1978.1761077178764,1980.5906315186755,1978.1761077178764,1980.3378393652806,498.0,25.0
2024-03-22 15:30:00,1980.3378393652806,1980.843143871422,1979.837040008895,1980.7667297797088,353.0,25.0
2024-03-22 15:45:00,1980.7667297797088,1981.216913934073,1980.1267343070026,1980.1267343070026,284.0,25.0
2024-03-22 16:00:00,1980.1267343070026,1983.104712472142,1979.8834794580844,1983.104712472142,280.0,25.0
2024-03-22 16:15:00,1983.104712472142,1986.193294041348,1983.104712472142,1986.193294041348,50.0,25.0
2024-03-22 16:30:00,1986.193294041348,1989.0980604663948,1985.9345233680237,1989.0980604663948,93.0,25.0
2024-03-22 16:45:00,1989.0980604663948,1990.2705710657763,1987.2463560260237,1990.0333105845589,379.0,25.0
2024-03-22 17:00:00,1990.0333105845589,1992.5090667266256,1990.0333105845589,1991.5448310981349,287.0,25.0
2024-03-22 17:15:00,1991.5448310981349,1995.0620452086139,1991.5448310981349,1994.8009624289941,242.0,25.0
2024-03-22 17:30:00,1994.8009624289941,1996.6995874486472,1993.8696002000393,1995.066647553743,158.0,25.0
2024-03-22 17:45:00,1995.066647553743,1995.066647553743,1993.0233327277858,1994.8702245646152,284.0,25.0
2024-03-22 18:00:00,1994.8702245646152,1999.7620171731792,1994.8702245646152,1999.4013948347229,114.0,25.0
2024-03-22 18:15:00,1999.4013948347229,2000.0639037143317,1999.0240980677258,1999.917492460078,69.0,25.0
2024-03-22 18:30:00,1999.917492460078,2001.3778099672404,1998.581042077727,2000.2826383259548,326.0,25.0
2024-03-22 18:45:00,2000.2826383259548,2000.2826383259548,1998.640077054784,2000.057059746585,178.0,25.0
2024-03-22 19:00:00,2000.057059746585,2000.6863141307952,1999.1700226245885,1999.403801845024,89.0,25.0
2024-03-22 19:15:00,1999.403801845024,1999.5559659167907,1997.5425079838462,1997.6576179872548,55.0,25.0
2024-03-22 19:30:00,1997.6576179872548,1999.389828482183,1997.6576179872548,1999.389828482183,411.0,25.0
2024-03-22 19:45:00,1999.389828482183,1999.9127612059008,1996.6770397364132,1999.9127612059008,59.0,25.0
2024-03-22 20:00:00,1999.9127612059008,2003.9021570069583,1999.9127612059008,2003.9021570069583,420.0,25.0
2024-03-22 20:15:00,2003.9021570069583,2003.9021570069583,1998.9418229843036,1998.9418229843036,456.0,25.0
2024-03-22 20:30:00,1998.9418229843036,2001.4047765907749,1998.9327087608408,1998.9327087608408,473.0,25.0
2024-03-22 20:45:00,1998.9327087608408,2000.2498431338806,1997.0424811036287,1998.307757051778,309.0,25.0
2024-03-22 21:00:00,1998.307757051778,1998.307757051778,1995.636943429189,1995.636943429189,370.0,25.0
2024-03-22 21:15:00,1995.636943429189,1996.3509175871338,1992.7170347725432,1992.7170347725432,285.0,25.0
2024-03-22 21:30:00,1992.7170347725432,1994.054548678785,1989.803300801559,1989.803300801559,280.0,25.0
2024-03-22 21:45:00,1989.803300801559,1989.803300801559,1987.7636806108735,1988.5154006919438,347.0,25.0
2024-03-22 22:00:00,1988.5154006919438,1989.1808194370099,1987.7150569188418,1989.1808194370099,144.0,25.0
2024-03-22 22:15:00,1989.1808194370099,1989.8073090036262,1988.3228615441303,1988.3228615441303,473.0,25.0
2024-03-22 22:30:00,1988.3228615441303,1989.6904143095253,1987.5148887042174,1988.8915676262347,484.0,25.0
2024-03-22 22:45:00,1988.8915676262347,1989.7965740091909,1988.3478437623469,1989.5815253585015,403.0,25.0
2024-03-22 23:00:00,1989.5815253585015,1989.7194828876854,1988.9839012789362,1989.1037303710252,208.0,25.0
2024-03-22 23:15:00,1989.1037303710252,1990.1720936101763,1988.6518087888212,1990.1220009056876,475.0,25.0
2024-03-22 23:30:00,1990.1220009056876,1990.1220009056876,1989.5000604411575,1989.507083569104,305.0,25.0
2024-03-22 23:45:00,1989.507083569104,1994.1966325272083,1989.507083569104,1994.1966325272083,373.0,25.0
2024-03-25 00:00:00,1994.1966325272083,1994.1966325272083,1991.433289750118,1992.7733894793596,199.0,25.0
2024-03-25 00:15:00,1992.7733894793596,1992.7733894793596,1990.0372539850837,1990.8836510515446,316.0,25.0
2024-03-25 00:30:00,1990.8836510515446,1992.7963415320567,1990.360485152311,1991.7923034752341,405.0,25.0
2024-03-25 00:45:00,1991.7923034752341,1991.7923034752341,1986.860661529625,1986.860661529625,351.0,25.0
2024-03-25 01:00:00,1986.860661529625,1988.1033491462376,1985.9932287031704,1987.097153278048,236.0,25.0
2024-03-25 01:15:00,1987.097153278048,1987.4896961638399,1986.382922923663,1986.382922923663,454.0,25.0
2024-03-25 01:30:00,1986.382922923663,1987.4494066348855,1986.1754534569652,1987.4494066348855,466.0,25.0
2024-03-25 01:45:00,1987.4494066348855,1989.39528925867,1986.8523024749695,1989.3732104112676,118.0,25.0
2024-03-25 02:00:00,1989.3732104112676,1989.918654735857,1986.9086631873286,1989.918654735857,401.0,25.0
2024-03-25 02:15:00,1989.918654735857,1990.1443235367606,1988.6483680432207,1990.0804599613227,374.0,25.0
2024-03-25 02:30:00,1990.0804599613227,1990.0804599613227,1987.5904316571216,1988.838999888255,129.0,25.0
2024-03-25 02:45:00,1988.838999888255,1988.838999888255,1986.2537169793904,1986.9386029158711,338.0,25.0
2024-03-25 03:00:00,1986.9386029158711,1986.9386029158711,1982.0003986639424,1982.070781473965,164.0,25.0
2024-03-25 03:15:00,1982.070781473965,1984.3483132808785,1982.070781473965,1983.871044685126,369.0,25.0
2024-03-25 03:30:00,1983.871044685126,1983.871044685126,1980.80690910171,1981.2774833771116,295.0,25.0
2024-03-25 03:45:00,1981.2774833771116,1982.6816635034984,1979.490714127543,1979.9462106606463,347.0,25.0
2024-03-25 04:00:00,1979.9462106606463,1981.5136675075796,1979.439269297845,1981.5136675075796,254.0,25.0
2024-03-25 04:15:00,1981.5136675075796,1981.5136675075796,1979.19339615427,1979.513242933698,294.0,25.0
2024-03-25 04:30:00,1979.513242933698,1981.4540857282184,1979.259032957636,1981.4065329250743,232.0,25.0
2024-03-25 04:45:00,1981.4065329250743,1983.445948309148,1980.6429208692816,1983.445948309148,194.0,25.0
2024-03-25 05:00:00,1983.445948309148,1983.9499801739016,1983.445948309148,1983.7734346345644,166.0,25.0
2024-03-25 05:15:00,1983.7734346345644,1985.0671368001592,1983.2832910603295,1985.0671368001592,306.0,25.0
2024-03-25 05:30:00,1985.0671368001592,1985.5761760914977,1982.8092098017212,1982.8092098017212,142.0,25.0
2024-03-25 05:45:00,1982.8092098017212,1984.400561896955,1982.1572815910147,1984.400561896955,357.0,25.0
2024-03-25 06:00:00,1984.400561896955,1985.6853682247722,1982.9637298064558,1982.9637298064558,100.0,25.0
2024-03-25 06:15:00,1982.9637298064558,1983.741069282555,1982.018066908531,1982.018066908531,392.0,25.0
2024-03-25 06:30:00,1982.018066908531,1982.018066908531,1978.0948950719078,1978.2096785511596,326.0,25.0
2024-03-25 06:45:00,1978.2096785511596,1979.5618867876817,1978.0594994555943,1978.7239007323217,183.0,25.0
2024-03-25 07:00:00,1978.7239007323217,1979.4231213472324,1977.9342878658872,1978.9178892339335,322.0,25.0
2024-03-25 07:15:00,1978.9178892339335,1978.9178892339335,1977.0072279976794,1977.7415297864718,194.0,25.0
2024-03-25 07:30:00,1977.7415297864718,1981.445897788179,1977.6630228402553,1981.445897788179,251.0,25.0
2024-03-25 07:45:00,1981.445897788179,1982.5355688279965,1981.445897788179,1981.5297770159923,301.0,25.0
2024-03-25 08:00:00,1981.5297770159923,1984.9617363529985,1981.5297770159923,1984.745758377172,452.0,25.0
2024-03-25 08:15:00,1984.745758377172,1984.745758377172,1978.4581648190692,1978.4581648190692,232.0,25.0
2024-03-25 08:30:00,1978.4581648190692,1979.9343196222283,1978.4581648190692,1978.941342172848,115.0,25.0
2024-03-25 08:45:00,1978.941342172848,1978.941342172848,1975.0311489492628,1975.7768918726651,373.0,25.0
2024-03-25 09:00:00,1975.7768918726651,1977.1712857534242,1975.3632746347687,1977.146813385364,136.0,25.0
2024-03-25 09:15:00,1977.146813385364,1977.4020630803896,1976.1364555728858,1976.719440264719,230.0,25.0
2024-03-25 09:30:00,1976.719440264719,1976.719440264719,1975.2151599321594,1975.6283177249668,87.0,25.0
2024-03-25 09:45:00,1975.6283177249668,1976.4267760055375,1974.042952888854,1974.7420615406145,66.0,25.0
2024-03-25 10:00:00,1974.7420615406145,1976.2079492976109,1974.3494679513813,1976.2079492976109,497.0,25.0
2024-03-25 10:15:00,1976.2079492976109,1979.4678173417535,1976.0659610285732,1979.4678173417535,178.0,25.0
2024-03-25 10:30:00,1979.4678173417535,1982.7531568264244,1979.4678173417535,1982.5266688541503,368.0,25.0
2024-03-25 10:45:00,1982.5266688541503,1982.7164256257104,1980.1122268841948,1982.7164256257104,432.0,25.0
2024-03-25 11:00:00,1982.7164256257104,1985.3783436077492,1982.7164256257104,1985.2430215343452,395.0,25.0
2024-03-25 11:15:00,1985.2430215343452,1985.7369201081447,1984.5723846722378,1985.7369201081447,102.0,25.0
2024-03-25 11:30:00,1985.7369201081447,1985.9535024139154,1984.075653203017,1985.9535024139154,104.0,25.0
2024-03-25 11:45:00,1985.9535024139154,1988.5219836944775,1985.9535024139154,1988.1348729186961,418.0,25.0
2024-03-25 12:00:00,1988.1348729186961,1988.1348729186961,1986.1484000682028,1986.4057896379188,419.0,25.0
2024-03-25 12:15:00,1986.4057896379188,1987.1590356744368,1984.2144640897557,1985.3713569254542,298.0,25.0
2024-03-25 12:30:00,1985.3713569254542,1985.3713569254542,1981.8046222610262,1983.2726157521051,365.0,25.0
2024-03-25 12:45:00,1983.2726157521051,1984.5320649638275,1981.7924638071497,1984.4481795330057,443.0,25.0
2024-03-25 13:00:00,1984.4481795330057,1987.6686791234124,1983.5037077193058,1986.7817123252269,401.0,25.0
2024-03-25 13:15:00,1986.7817123252269,1986.7817123252269,1985.0035929631563,1985.9279632983003,333.0,25.0
2024-03-25 13:30:00,1985.9279632983003,1986.8428342708712,1983.4542927193236,1983.4542927193236,176.0,25.0
2024-03-25 13:45:00,1983.4542927193236,1983.7159028817796,1982.3995858495116,1983.1121212590547,230.0,25.0
2024-03-25 14:00:00,1983.1121212590547,1983.9817283866353,1981.871436473954,1982.1495377024057,410.0,25.0
2024-03-25 14:15:00,1982.1495377024057,1984.4181247193842,1982.1495377024057,1983.0847775762525,346.0,25.0
2024-03-25 14:30:00,1983.0847775762525,1984.3469076669546,1982.8057395917124,1982.8057395917124,385.0,25.0
2024-03-25 14:45:00,1982.8057395917124,1982.8057395917124,1980.327602158876,1981.987745941556,169.0,25.0
2024-03-25 15:00:00,1981.987745941556,1981.987745941556,1976.870569822422,1976.870569822422,437.0,25.0
2024-03-25 15:15:00,1976.870569822422,1976.870569822422,1974.5695900398666,1976.1952163081098,266.0,25.0
2024-03-25 15:30:00,1976.1952163081098,1979.3490786872317,1976.1952163081098,1979.3490786872317,410.0,25.0
2024-03-25 15:45:00,1979.3490786872317,1980.160662118341,1978.5361116788838,1978.5361116788838,313.0,25.0
2024-03-25 16:00:00,1978.5361116788838,1979.4487524134793,1978.1079185151796,1979.4487524134793,50.0,25.0
2024-03-25 16:15:00,1979.4487524134793,1979.6702937010048,1978.818529499493,1979.6702937010048,211.0,25.0
2024-03-25 16:30:00,1979.6702937010048,1979.8573690871274,1976.9073882540763,1976.9351275777906,407.0,25.0
2024-03-25 16:45:00,1976.9351275777906,1978.0036192778844,1976.121595597321,1978.0036192778844,374.0,25.0
2024-03-25 17:00:00,1978.0036192778844,1981.02422458241,1977.5936350273028,1979.9078935440298,382.0,25.0
2024-03-25 17:15:00,1979.9078935440298,1980.1926252004037,1977.1772667505975,1977.696779079433,321.0,25.0
2024-03-25 17:30:00,1977.696779079433,1978.0437508974173,1976.7753814893179,1977.4802724102658,488.0,25.0
2024-03-25 17:45:00,1977.4802724102658,1979.4260333549876,1977.458268954805,1979.4260333549876,426.0,25.0
2024-03-25 18:00:00,1979.4260333549876,1979.4260333549876,1973.2420733652516,1973.2420733652516,71.0,25.0
2024-03-25 18:15:00,1973.2420733652516,1974.0769714460694,1972.4058462153705,1973.3831148538543,143.0,25.0
2024-03-25 18:30:00,1973.3831148538543,1975.1832825100912,1972.8493870029913,1975.1832825100912,454.0,25.0
2024-03-25 18:45:00,1975.1832825100912,1975.6054201821064,1973.985730123566,1974.3240531601998,79.0,25.0
2024-03-25 19:00:00,1974.3240531601998,1974.493563387514,1974.04421190298,1974.1533143153802,472.0,25.0
2024-03-25 19:15:00,1974.1533143153802,1974.2947907989617,1971.7852471466135,1974.1360468686821,113.0,25.0
2024-03-25 19:30:00,1974.1360468686821,1974.3030688256395,1972.5190261296625,1972.5828129214083,376.0,25.0
2024-03-25 19:45:00,1972.5828129214083,1973.933153390814,1971.3147357123562,1971.3147357123562,67.0,25.0
2024-03-25 20:00:00,1971.3147357123562,1971.3147357123562,1970.0946534978186,1970.4911064691753,112.0,25.0
2024-03-25 20:15:00,1970.4911064691753,1972.568342184914,1969.640795317252,1971.843335017777,454.0,25.0
2024-03-25 20:30:00,1971.843335017777,1972.6546336546576,1971.376453637014,1972.6546336546576,461.0,25.0
2024-03-25 20:45:00,1972.6546336546576,1975.3567640483761,1972.6546336546576,1973.0045297680897,185.0,25.0
2024-03-25 21:00:00,1973.0045297680897,1976.6536628272925,1973.0045297680897,1975.9297379319255,148.0,25.0
2024-03-25 21:15:00,1975.9297379319255,1975.9297379319255,1973.4413783385107,1973.670466554591,294.0,25.0
2024-03-25 21:30:00,1973.670466554591,1975.1719320761783,1973.670466554591,1975.0437682356296,86.0,25.0
2024-03-25 21:45:00,1975.0437682356296,1975.0437682356296,1973.2427636119482,1973.5251129079634,420.0,25.0
2024-03-25 22:00:00,1973.5251129079634,1973.5251129079634,1971.254063201391,1972.306692143952,492.0,25.0
2024-03-25 22:15:00,1972.306692143952,1972.410006814153,1970.1083227039423,1970.476383068113,204.0,25.0
2024-03-25 22:30:00,1970.476383068113,1970.476383068113,1966.0520364616175,1966.0520364616175,310.0,25.0
2024-03-25 22:45:00,1966.0520364616175,1967.005407162844,1965.6308385938244,1966.019680192695,431.0,25.0
2024-03-25 23:00:00,1966.019680192695,1966.1699536419408,1964.6048970222805,1966.003055394192,463.0,25.0
2024-03-25 23:15:00,1966.003055394192,1966.003055394192,1963.5426700900898,1963.5426700900898,325.0,25.0
2024-03-25 23:30:00,1963.5426700900898,1967.0379994373588,1963.5426700900898,1966.0743022135691,308.0,25.0
2024-03-25 23:45:00,1966.0743022135691,1966.740449590961,1965.565512270639,1965.565512270639,124.0,25.0
2024-03-26 00:00:00,1965.565512270639,1967.7221875161567,1963.6204468705591,1965.117136365545,266.0,25.0
2024-03-26 00:15:00,1965.117136365545,1966.2038950551985,1964.57333208503,1964.57333208503,273.0,25.0
2024-03-26 00:30:00,1964.57333208503,1965.0673236729142,1964.084688714315,1964.734387986694,102.0,25.0
2024-03-26 00:45:00,1964.734387986694,1965.1831990116657,1963.9905710813969,1965.0206767311745,497.0,25.0
2024-03-26 01:00:00,1965.0206767311745,1965.0206767311745,1962.920934537999,1964.1210990306765,447.0,25.0
2024-03-26 01:15:00,1964.1210990306765,1965.119257035979,1963.5161007622282,1963.5161007622282,302.0,25.0
2024-03-26 01:30:00,1963.5161007622282,1963.5161007622282,1962.322332984907,1962.549802798847,300.0,25.0
2024-03-26 01:45:00,1962.549802798847,1963.5590761818908,1961.5167754838446,1963.5590761818908,239.0,25.0
2024-03-26 02:00:00,1963.5590761818908,1964.340383612122,1962.765731962252,1962.765731962252,289.0,25.0
2024-03-26 02:15:00,1962.765731962252,1962.765731962252,1959.41084028361,1959.41084028361,348.0,25.0
2024-03-26 02:30:00,1959.41084028361,1960.4146194074222,1958.2181203717214,1960.2109699721282,488.0,25.0
2024-03-26 02:45:00,1960.2109699721282,1963.5994467505298,1959.6143209365803,1963.5994467505298,493.0,25.0
2024-03-26 03:00:00,1963.5994467505298,1963.5994467505298,1960.180609564297,1960.180609564297,81.0,25.0
2024-03-26 03:15:00,1960.180609564297,1960.180609564297,1958.3563242694684,1958.5479727338002,461.0,25.0
2024-03-26 03:30:00,1958.5479727338002,1958.9791684784493,1957.6484346728882,1957.6484346728882,95.0,25.0
2024-03-26 03:45:00,1957.6484346728882,1959.8918582396145,1957.0793204903846,1959.8918582396145,308.0,25.0
2024-03-26 04:00:00,1959.8918582396145,1961.4794163672334,1958.359026627181,1961.4794163672334,311.0,25.0
2024-03-26 04:15:00,1961.4794163672334,1965.5036241758478,1961.4794163672334,1965.2725027230833,340.0,25.0
2024-03-26 04:30:00,1965.2725027230833,1965.7641525569736,1963.7030291200967,1963.7030291200967,155.0,25.0
2024-03-26 04:45:00,1963.7030291200967,1965.2204240732808,1963.7030291200967,1965.2204240732808,211.0,25.0
2024-03-26 05:00:00,1965.2204240732808,1966.2918237050399,1964.2667046685824,1965.0860351265892,344.0,25.0
2024-03-26 05:15:00,1965.0860351265892,1965.0860351265892,1962.3589090472217,1962.3589090472217,412.0,25.0
2024-03-26 05:30:00,1962.3589090472217,1965.4242327897248,1961.5419126645056,1964.7936071219433,183.0,25.0
2024-03-26 05:45:00,1964.7936071219433,1964.7936071219433,1962.8596405621006,1962.9846164057278,106.0,25.0
2024-03-26 06:00:00,1962.9846164057278,1963.3876884910433,1962.009524858461,1962.009524858461,382.0,25.0
2024-03-26 06:15:00,1962.009524858461,1963.8079346743748,1961.6754444254493,1962.4244194868136,490.0,25.0
2024-03-26 06:30:00,1962.4244194868136,1964.032745284887,1961.9730991901552,1962.4195195690004,143.0,25.0
2024-03-26 06:45:00,1962.4195195690004,1963.4547929739094,1961.5023193423747,1961.9978173994361,411.0,25.0
2024-03-26 07:00:00,1961.9978173994361,1962.8938117552782,1960.9734094547396,1960.9734094547396,105.0,25.0
2024-03-26 07:15:00,1960.9734094547396,1964.2524911854578,1960.9734094547396,1964.2524911854578,439.0,25.0
2024-03-26 07:30:00,1964.2524911854578,1964.7120888841519,1962.7474259847454,1964.7120888841519,291.0,25.0
2024-03-26 07:45:00,1964.7120888841519,1964.7120888841519,1963.4683762684379,1963.4683762684379,233.0,25.0
2024-03-26 08:00:00,1963.4683762684379,1963.4683762684379,1958.4594150995044,1958.4594150995044,496.0,25.0
2024-03-26 08:15:00,1958.4594150995044,1958.4594150995044,1956.3300341542154,1956.5437784482242,316.0,25.0
2024-03-26 08:30:00,1956.5437784482242,1959.0293523892651,1956.2188455585522,1959.0293523892651,315.0,25.0
2024-03-26 08:45:00,1959.0293523892651,1960.8398712167868,1958.8586134428283,1960.8398712167868,384.0,25.0
2024-03-26 09:00:00,1960.8398712167868,1962.950121712848,1959.8238215115814,1962.8957126625005,429.0,25.0
2024-03-26 09:15:00,1962.8957126625005,1964.090173386803,1962.487951831499,1963.1357874732837,213.0,25.0
2024-03-26 09:30:00,1963.1357874732837,1963.4290601992268,1960.6728628237126,1960.6728628237126,73.0,25.0
2024-03-26 09:45:00,1960.6728628237126,1962.2454824511096,1959.6507058613752,1962.2454824511096,346.0,25.0
2024-03-26 10:00:00,1962.2454824511096,1964.2273492443674,1962.2454824511096,1963.2643112232572,84.0,25.0
2024-03-26 10:15:00,1963.2643112232572,1965.1404251255801,1963.2643112232572,1965.1404251255801,411.0,25.0
2024-03-26 10:30:00,1965.1404251255801,1965.1404251255801,1962.1752636741444,1962.1752636741444,221.0,25.0
2024-03-26 10:45:00,1962.1752636741444,1962.3441253883118,1959.4902141690673,1960.176465713948,322.0,25.0
2024-03-26 11:00:00,1960.176465713948,1960.176465713948,1957.470967120606,1957.470967120606,203.0,25.0
2024-03-26 11:15:00,1957.470967120606,1961.3759071256638,1956.45435661083,1961.0742262025597,188.0,25.0
2024-03-26 11:30:00,1961.0742262025597,1961.5581171532376,1960.365842712941,1961.1203595204427,192.0,25.0
2024-03-26 11:45:00,1961.1203595204427,1961.137512776963,1958.6725767354465,1959.3958159821937,123.0,25.0
2024-03-26 12:00:00,1959.3958159821937,1959.3958159821937,1956.6764459313397,1956.6764459313397,407.0,25.0
2024-03-26 12:15:00,1956.6764459313397,1957.1007078241619,1954.0664596139263,1954.0664596139263,71.0,25.0
2024-03-26 12:30:00,1954.0664596139263,1954.0664596139263,1952.205816711632,1954.0155260096958,281.0,25.0
2024-03-26 12:45:00,1954.0155260096958,1955.4177502783598,1954.0155260096958,1954.2995565657443,316.0,25.0
2024-03-26 13:00:00,1954.2995565657443,1958.250116118797,1954.2995565657443,1956.9664743701526,476.0,25.0
2024-03-26 13:15:00,1956.9664743701526,1960.814072018668,1956.7093904690457,1960.814072018668,303.0,25.0
2024-03-26 13:30:00,1960.814072018668,1960.963297109525,1958.3442281263447,1958.3442281263447,322.0,25.0
2024-03-26 13:45:00,1958.3442281263447,1959.857023115468,1957.1374285360225,1959.857023115468,308.0,25.0
2024-03-26 14:00:00,1959.857023115468,1960.9838300457102,1958.5467577307163,1958.5467577307163,195.0,25.0
2024-03-26 14:15:00,1958.5467577307163,1959.4461039290798,1957.2284541109166,1958.042135006309,422.0,25.0
2024-03-26 14:30:00,1958.042135006309,1961.4022046297798,1958.0292181596824,1961.4022046297798,287.0,25.0
2024-03-26 14:45:00,1961.4022046297798,1963.767564359337,1961.4022046297798,1963.767564359337,240.0,25.0
2024-03-26 15:00:00,1963.767564359337,1963.767564359337,1961.819467821355,1961.8623620016942,485.0,25.0
2024-03-26 15:15:00,1961.8623620016942,1964.3218562558704,1961.8623620016942,1964.0559294900559,321.0,25.0
2024-03-26 15:30:00,1964.0559294900559,1964.0559294900559,1963.2734042292684,1963.2734042292684,55.0,25.0
2024-03-26 15:45:00,1963.2734042292684,1963.3255466624241,1962.1167198379094,1963.3255466624241,494.0,25.0
2024-03-26 16:00:00,1963.3255466624241,1966.0811557572843,1962.842144526445,1965.8020105996663,323.0,25.0
2024-03-26 16:15:00,1965.8020105996663,1967.329014170195,1963.7705668846781,1964.4794211361511,446.0,25.0
2024-03-26 16:30:00,1964.4794211361511,1967.7589696371322,1964.4794211361511,1967.029610330524,142.0,25.0
2024-03-26 16:45:00,1967.029610330524,1967.029610330524,1965.2266313374107,1965.7168360997773,295.0,25.0
2024-03-26 17:00:00,1965.7168360997773,1968.353829301022,1965.4098807371633,1965.4098807371633,361.0,25.0
2024-03-26 17:15:00,1965.4098807371633,1968.0406892783074,1965.4098807371633,1967.3335246679746,188.0,25.0
2024-03-26 17:30:00,1967.3335246679746,1967.7778020613675,1965.0783113209136,1965.0783113209136,243.0,25.0
2024-03-26 17:45:00,1965.0783113209136,1965.2682546136425,1964.3710919714918,1964.3710919714918,391.0,25.0
2024-03-26 18:00:00,1964.3710919714918,1966.6769476864229,1964.3710919714918,1966.6769476864229,176.0,25.0
2024-03-26 18:15:00,1966.6769476864229,1967.8160203494442,1964.9540430665802,1966.731425411983,212.0,25.0
2024-03-26 18:30:00,1966.731425411983,1966.7652661838667,1965.265603660328,1966.4268063619677,242.0,25.0
2024-03-26 18:45:00,1966.4268063619677,1968.3437444472725,1966.2279423371074,1968.3437444472725,447.0,25.0
2024-03-26 19:00:00,1968.3437444472725,1968.978366939148,1967.1837416569178,1968.68302973409,110.0,25.0
2024-03-26 19:15:00,1968.68302973409,1972.4665743392904,1968.68302973409,1972.4665743392904,296.0,25.0
2024-03-26 19:30:00,1972.4665743392904,1975.1548033215875,1972.4665743392904,1975.1548033215875,379.0,25.0
2024-03-26 19:45:00,1975.1548033215875,1975.1548033215875,1971.913470941632,1971.913470941632,280.0,25.0
2024-03-26 20:00:00,1971.913470941632,1975.1383359096715,1971.913470941632,1974.0053740476483,74.0,25.0
2024-03-26 20:15:00,1974.0053740476483,1974.0053740476483,1971.797490736001,1972.7933914358268,419.0,25.0
2024-03-26 20:30:00,1972.7933914358268,1976.3074080663441,1972.7933914358268,1975.5006948448797,71.0,25.0
2024-03-26 20:45:00,1975.5006948448797,1978.3692715130237,1975.5006948448797,1977.802978176805,102.0,25.0
2024-03-26 21:00:00,1977.802978176805,1978.0582760235939,1974.9310731474218,1976.117096032579,301.0,25.0
2024-03-26 21:15:00,1976.117096032579,1976.8533961730463,1972.8562085366489,1974.1480005838528,215.0,25.0
2024-03-26 21:30:00,1974.1480005838528,1975.8150817700493,1974.1480005838528,1975.6961078289826,292.0,25.0
2024-03-26 21:45:00,1975.6961078289826,1976.053306142091,1973.5515202739339,1973.5515202739339,282.0,25.0
2024-03-26 22:00:00,1973.5515202739339,1973.7097094385092,1973.1842231680487,1973.479683205418,110.0,25.0
2024-03-26 22:15:00,1973.479683205418,1973.8833128183946,1972.423556606817,1973.748326779994,148.0,25.0
2024-03-26 22:30:00,1973.748326779994,1973.748326779994,1968.6832702118559,1970.0688918209855,107.0,25.0
2024-03-26 22:45:00,1970.0688918209855,1970.0688918209855,1969.153641918301,1969.8971679058366,88.0,25.0
2024-03-26 23:00:00,1969.8971679058366,1970.951448465641,1969.8971679058366,1970.7138474243575,412.0,25.0
2024-03-26 23:15:00,1970.7138474243575,1971.3556834305346,1969.5741770837187,1970.5583823835161,81.0,25.0
2024-03-26 23:30:00,1970.5583823835161,1971.4059871007107,1969.4124999124035,1971.4059871007107,206.0,25.0
2024-03-26 23:45:00,1971.4059871007107,1971.435933513498,1969.4361557208338,1970.7683529765854,275.0,25.0
2024-03-27 00:00:00,1970.7683529765854,1970.7683529765854,1967.225603793943,1967.225603793943,115.0,25.0
2024-03-27 00:15:00,1967.225603793943,1967.9453057644112,1966.4459356007528,1966.8221868513192,87.0,25.0
2024-03-27 00:30:00,1966.8221868513192,1966.8221868513192,1965.063734435895,1966.1428706538345,453.0,25.0
2024-03-27 00:45:00,1966.1428706538345,1966.1428706538345,1963.5794537273239,1963.5794537273239,161.0,25.0
2024-03-27 01:00:00,1963.5794537273239,1964.3719010026282,1961.936225615767,1964.3719010026282,106.0,25.0
2024-03-27 01:15:00,1964.3719010026282,1967.0098299738065,1964.3719010026282,1967.0098299738065,471.0,25.0
2024-03-27 01:30:00,1967.0098299738065,1970.9838058460532,1966.043249059059,1970.9838058460532,395.0,25.0
2024-03-27 01:45:00,1970.9838058460532,1971.6042017016152,1969.622554503072,1969.622554503072,364.0,25.0
2024-03-27 02:00:00,1969.622554503072,1973.4139337441438,1969.622554503072,1973.4139337441438,70.0,25.0
2024-03-27 02:15:00,1973.4139337441438,1974.3642812604448,1973.4139337441438,1974.3642812604448,332.0,25.0
2024-03-27 02:30:00,1974.3642812604448,1974.9723882814217,1972.2544067358515,1972.2544067358515,273.0,25.0
2024-03-27 02:45:00,1972.2544067358515,1972.8971792370178,1970.5005304755052,1972.8971792370178,80.0,25.0
2024-03-27 03:00:00,1972.8971792370178,1975.881432685026,1972.8971792370178,1974.833705113339,169.0,25.0
2024-03-27 03:15:00,1974.833705113339,1977.3172941523553,1974.833705113339,1977.3172941523553,298.0,25.0
2024-03-27 03:30:00,1977.3172941523553,1978.927307770793,1977.1866375692066,1978.3709217493604,256.0,25.0
2024-03-27 03:45:00,1978.3709217493604,1978.3709217493604,1975.308797855179,1975.308797855179,483.0,25.0
2024-03-27 04:00:00,1975.308797855179,1976.9369557383336,1975.308797855179,1976.9158637532078,256.0,25.0
2024-03-27 04:15:00,1976.9158637532078,1977.0504980591215,1975.597182915184,1976.990687526093,411.0,25.0
2024-03-27 04:30:00,1976.990687526093,1976.990687526093,1974.9478538707194,1975.9268608656946,283.0,25.0
2024-03-27 04:45:00,1975.9268608656946,1978.054792612347,1975.9268608656946,1977.7280931673008,417.0,25.0
2024-03-27 05:00:00,1977.7280931673008,1978.8013632782252,1976.471158595519,1976.471158595519,293.0,25.0
2024-03-27 05:15:00,1976.471158595519,1976.4727191114239,1974.8411445924892,1975.1396454603284,253.0,25.0
2024-03-27 05:30:00,1975.1396454603284,1975.5105331656177,1974.337445175688,1974.4664175088142,297.0,25.0
2024-03-27 05:45:00,1974.4664175088142,1975.1637011082485,1974.198520961333,1974.198520961333,401.0,25.0
2024-03-27 06:00:00,1974.198520961333,1976.335393561021,1972.7021115395637,1973.556506159714,54.0,25.0
2024-03-27 06:15:00,1973.556506159714,1973.556506159714,1971.4372361454753,1973.0695574078638,228.0,25.0
2024-03-27 06:30:00,1973.0695574078638,1973.0695574078638,1971.104809804339,1971.313629319835,301.0,25.0
2024-03-27 06:45:00,1971.313629319835,1971.313629319835,1969.1492875743627,1969.1492875743627,444.0,25.0
2024-03-27 07:00:00,1969.1492875743627,1970.1701140257064,1969.00640237763,1970.1701140257064,446.0,25.0
2024-03-27 07:15:00,1970.1701140257064,1972.005746087292,1970.1701140257064,1971.411786768126,495.0,25.0
2024-03-27 07:30:00,1971.411786768126,1971.411786768126,1968.7874307982825,1969.2057784055303,449.0,25.0
2024-03-27 07:45:00,1969.2057784055303,1969.5603307730853,1968.0941286909335,1969.5603307730853,240.0,25.0
2024-03-27 08:00:00,1969.5603307730853,1971.35556432041,1968.688495939102,1971.091969548839,68.0,25.0
2024-03-27 08:15:00,1971.091969548839,1972.5378808021853,1970.8748661138477,1972.364627241898,154.0,25.0
2024-03-27 08:30:00,1972.364627241898,1972.7955691003453,1970.8185857875067,1972.296601004679,306.0,25.0
2024-03-27 08:45:00,1972.296601004679,1975.7593387112145,1972.296601004679,1972.7246955082783,329.0,25.0
2024-03-27 09:00:00,1972.7246955082783,1975.6678034061465,1972.19199535108,1975.6678034061465,476.0,25.0
2024-03-27 09:15:00,1975.6678034061465,1978.0197748989374,1975.6678034061465,1978.0197748989374,134.0,25.0
2024-03-27 09:30:00,1978.0197748989374,1978.0197748989374,1974.0551464296032,1975.822731897677,360.0,25.0
2024-03-27 09:45:00,1975.822731897677,1979.1047454488178,1975.813368084495,1979.1047454488178,120.0,25.0
2024-03-27 10:00:00,1979.1047454488178,1979.1047454488178,1976.2898970574306,1979.0096961002423,202.0,25.0
2024-03-27 10:15:00,1979.0096961002423,1979.0096961002423,1977.0957274303878,1977.0957274303878,402.0,25.0
2024-03-27 10:30:00,1977.0957274303878,1977.0957274303878,1974.2197673521273,1975.5366423132082,375.0,25.0
2024-03-27 10:45:00,1975.5366423132082,1975.8677132938633,1974.5988069243276,1974.5988069243276,182.0,25.0
2024-03-27 11:00:00,1974.5988069243276,1977.9535042432265,1974.3724187361352,1976.588253483681,382.0,25.0
2024-03-27 11:15:00,1976.588253483681,1977.247322604255,1975.6499394706411,1975.6499394706411,77.0,25.0
2024-03-27 11:30:00,1975.6499394706411,1975.6499394706411,1970.038454462577,1970.038454462577,143.0,25.0
2024-03-27 11:45:00,1970.038454462577,1970.6170486863818,1968.3713412154477,1968.3713412154477,93.0,25.0
